Data Sample,Implicit Meaning,Explicit Meaning,Category,Sub-Category,Hallucination Type
"আমেরিকা, যাকে জাতিসংঘের খাদ্য ও কৃষি সংস্থার তথ্যমতে বিশ্বের বৃহত্তম খাদ্যের বাজার বলা হয়, সেখানে খাদ্য তালিকা অত্যন্ত বৈচিত্র্যময়।",,,,,
আমেরিকার প্রধান খাদ্য তালিকায় মাছের মধ্যে টার্কি মাছ এবং বিভিন্ন মাংস অত্যন্ত গুরুত্বপূর্ণ একটি অংশ।,,,,,
"গরু, মেষ, হাঁস, এবং মুরগির মাংস বিভিন্নভাবে রান্না করা হয় এবং বিভিন্ন ধরনের খাবারে ব্যবহার করা হয়।",,,,,
"আমেরিকার খাদ্য সংস্কৃতিতে দুগ্ধজাত পণ্যের একটি বিশাল ভূমিকা রয়েছে এবং দুধ, পনির, দ‌ই, মাখন এমন কিছু পণ্য যা প্রতিদিনে খাবারে ব্যবহৃত হয়।",,,,,
"ব্রেকফাস্ট সিরিয়াল, পাস্তা, এবং রুটি প্রভৃতি খাদ্য শস্য থেকে তৈরি হয়। ",,,,,
"ফলমূল এবং সবজি আমেরিকার স্বাস্থ্যকর খাদ্য তালিকার আরেকটি অঙ্গ। কাঁচা সালাদ থেকে শুরু করে স্যুপ এবং স্ট্যুতে ব্যবহার করা হয় বিভিন্ন রকমের সবজি। আপেল, ব্যানানা, এবং বেরি অত্যন্ত জনপ্রিয় ফল, যা স্ন্যাক হিসেবে অথবা ডেজার্ট হিসেবে খাওয়া হয়।",,,,,
"আমেরিকান প্রধান খাবারে বিভিন্ন ধরনের মসলাদার এবং পণ্য যেমন কেচাপ, মেয়োনিজ এবং সবজি চাটনি ব্যবহৃত হয়। এগুলোর মাধ্যমে খাবারের স্বাদ বৃদ্ধি পায় এবং এটা প্রায় প্রতিটি খাবারের অংশ।",,,,,
"যদিও আধুনিক জগতে ফাস্ট ফুডের প্রভাব অনেক বেড়েছে, তরুণ প্রজন্মের মধ্যে স্বাস্থ্যকর খাবার গ্রহণের প্রবণতা বৃদ্ধির সাথে সাথে আমেরিকান খাদ্য তালিকাও নানা রূপ নিয়েছে।",,,,,
আমেরিকার এক সংবাদপত্রের কার্টুনিস্ট ডাচশান্ড সসে়জকে ‘হট ডগ’ বলে উল্লেখ করে একটি কার্টুন এঁকেছিলেন।,,,,,
"স্যান্ডউইচ সম্ভবত কাজের লোকদের কাছে সবচেয়ে জনপ্রিয় দুপুরের খাবার। এটি তৈরি এবং প্যাক করা সহজ, বিভিন্নভাবে তৈরি করা যায়।",,,,,
"হায়াটের আইওয়াভিত্তিক সংস্থা উত্তর আমেরিকা, ইউরোপ এবং চীনের গ্রাহকদের জন্য স্বাদ-গন্ধ, সিরাপ, খাদ্যশস্য, রাসায়নিক দ্রব্য ও প্রক্রিয়াজাতকরণের বিভিন্ন উপকরণ হালাল হিসেবে প্রত্যয়ন করে।",,,,,
"পরীক্ষায় উত্তীর্ণ হলে, উৎপাদনকারী প্রতিষ্ঠান তাদের স্থাপনা ও পণ্যকে হালাল বলে প্রচার করতে পারে। ",,,,,
খাদ্যাভ্যাসের ইসলামি বিধিতে বিশুদ্ধতা নিশ্চিত করার স্বার্থে কিছু নির্দিষ্ট খাবার নিষিদ্ধ এবং প্রাণী জবাইয়ের পদ্ধতি নিয়ন্ত্রিত করা হয়েছে।,,,,,
"আমরা যেমন খাবার আর মশলার সঙ্গে অভ্যস্ত, যুক্তরাষ্ট্রের বিভিন্ন স্টেটে সেটা নাও মিলতে পারে।",,,,,
"ভূমধ্যসাগরবর্তী দেশগুলোর এসব রেস্তোরাঁ মুসলিম শিক্ষার্থী এবং যারা খাবারে 'কশার' বিষয়টি মেনে চলেন, তাদের জন্য এক কথায় ঝামেলাবিহীন।",,,,,
মেডিটেরানিয়ান খাবারের অন্যতম বৈশিষ্ট্যই হলো বিভিন্ন মশলায় পোড়ানো মাংস এবং সঙ্গে বেশ ভালো পরিমাণে স্যালাড।,,,,,
"আমরা যারা বাংলাদেশ কিংবা এশিয়া থেকে গিয়েছি, একেবারে দেশীয় স্বাদ খুঁজে না পাওয়ায় এই মেডিটেরানিয়ান রেস্তোরাঁর খাবার আমাদের কাছে ছিল অনেকটা দুধের স্বাদ ঘোলে মেটানোর মতো।",,,,,
"পূর্ব-এশিয়ার কুইজিন মানেই তো সুশি, কিমচি বা সি-ফুড দিয়ে তৈরি বিভিন্ন খাবার।",,,,,
"একে তো খাবারের অনেক বৈচিত্র্য, তার মধ্যে খরচাও ছিল আমাদের মতো শিক্ষার্থীদের সাধ্যের ভেতর।",,,,,
"খাবার ছাড়াও সন্ধ্যায় রেস্তোরাঁগুলোর আলো, তাদের নিজ দেশীয় কায়দায় সাজানো পরিবেশ আর রেস্তোরাঁর লোকদের ব্যবহার ছিল অমায়িক।",,,,,
আমাদের খাবার শেষ হয়ে গেলেও আমরা আরও ঘণ্টা দুয়েক বসে গল্পে মশগুল হলেও কেউ আমাদের এসে উঠে যেতে বলেনি।,,,,,
"বাঙালির বিরিয়ানি, মিষ্টি বা দেশীয় কারি, এসবের খোঁজে যাওয়া হতো নেপাল, ভারত, আফগানের রেস্তোরাঁয়।",,,,,
"আর পূর্ব-এশিয়া ছেড়ে দক্ষিণ-পূর্ব এশিয়ার দিকে এগুলে মিলবে থাইল্যান্ডের 'প্যাড থাই', আন্তর্জাতিক শিক্ষার্থীদের আরেকটি পছন্দের রেস্তোরাঁ।",,,,,
অতিথিদের সম্মানে বড় পরিসরের রাষ্ট্রীয় ভোজের আয়োজন করতে পছন্দ করতেন আব্রাহাম লিংকন।,,,,,
অর্থনৈতিক মন্দার সময় ইংল্যান্ডের রানির সঙ্গে একটি হটডগ ভাগাভাগি করে খেয়েছিলেন ফ্রাঙ্কলিন ডেলানো রুজভেল্ট।,,,,,
 রিচার্ড নিক্সন একটি বাটিতে পনির ও সস মিশিয়ে দুপুরের আহার সারতেন।,,,,,
বিল ক্লিনটন একসময় মাংস খেতে পছন্দ করতেন। তাঁর প্রিয় ছিল হ্যামবার্গার। পরে তিনি শাকাহারী হন।,,,,,
"বর্তমান প্রেসিডেন্ট বারাক ওবামা বাদাম, বীজ ও কিশমিশজাতীয় হালকা খাবার হিসেবে খেয়ে থাকেন।",,,,,
শিমাকৃতির জেলিজাতীয় লজেন্সের প্রতি বিশেষ আকর্ষণ ছিল প্রেসিডেন্ট রোনাল্ড রিগ্যানের।,,,,,
"খাবার আমাদের মনের জানালা, যা দিয়ে আমরা কী তা বোঝা যায়।",,,,,
" ছয় ডলারে একটি গমের রুটি, গ্যাসের দাম এখনও বাড়ানো, যেকোনও ভ্রমণ বেদনাদায়ক।",,,,,
মার্কিনরা পর্যাপ্ত ফল ও সবজি খাচ্ছেন না!,,,,,
আর মাত্র নয় শতাংশ আমেরিকান প্রচুর শাক-সবজি খেয়ে থাকেন।,,,,,
"কোন কোন অঙ্গরাজ্যের জনগণ দৈনিক অতি সামান্য সবজি কিংবা ফল খেয়ে থাকেন, যা প্রয়োজনের তুলনায় খুবই কম।",,,,,
আর আমেরিকার সর্বাধিক সবজি উৎপাদনকারী অঙ্গরাজ্য আলাস্কার ১২ শতাংশ বাসিন্দা সবজি খান।,,,,,
কিছু লোক রয়েছেন তারা ফল কিংবা সবজি খেতে পছন্দ করেন না।,,,,,
আমেরিকার মোট কৃষিজমির মাত্র ২ শতাংশ ফল ও সবজি উৎপাদনের জন্য ব্যবহৃত হয়।,,,,,
আমেরিকানরা সব্জির মধ্যে সবচাইতে পছন্দ করে ব্রকলি।,,,,,
"তাদের পছন্দের তালিকার মধ্যে রয়েছে হ্যামবার্গার, হটডগ, ম্যাকারনি।",,,,,
আমেরিকা ইমিগ্রেন্টদের দেশ তাই নানান দেশ থেকে মানুষ এসে তাদের খাদ্য তালিকায় যোগ করে।,,,,,
আমরা সাধারণত হালাল খাবারের জন্য ভেজিটেবল পিজ্জা এবং চিজ পিজ্জাটাই খেতে পছন্দ করি।,,,,,
"এখানে পাপা জন্স পিজ্জা অনেক জনপ্রিয়, এছাড়া লোকাল দোকানগুলো থেকেও পিজ্জা খেতে পছন্দ করে।",,,,,
"এছাড়া আরো আছে মারকোস পিজ্জা, বিশেষ করে হোয়াইট মানুষদের কাছে।",,,,,
"আমেরিকানরা সীফুড খেতে অনেক পছন্দ করেন, সী ফুডের দোকান গুলোতে অনেক ভীড় হয়।",,,,,
সামারে রেস্টুরেন্টের আউটডোরে ডিনার করতে পছন্দ করেন। ,,,,,
"৩১% আমেরিকানরা ফ্রোজেন ফুড খেতে পছন্দ করেন, কারণ আমাদের মতো তারা রান্নায় সময় ব্যয় করতে পছন্দ করেন না।",,,,,
"বড় সিটি গুলোতে যেই দেষের, যেই ধরণের খাবার খেতে চাই, সেই খাবার গুলোর রেস্টুরেন্টও পাওয়া যায়।",,,,,
"জ্যাকসন হাইটে ক্যারিবিয়ান ফুডের অনেক দোকান পাওয়া যায়, যেগুলো বাঙ্গালীরা খেতে পছন্দ করেন।",,,,,
"আমেরিকানরা সকালের নাস্তায় প্যানকেক, ডোনাট এবং ওয়াফেল খেয়ে থাকেন এবং শেষে ওরা কফি খেয়ে থাকেন।",,,,,
"দেশজুড়ে যেখানেই যান, দেখবেন— বাড়ির পেছনের উঠানে কিংবা জনসাধারণের পার্কে মানুষ খোলা গ্রিলের ওপর শুধু হট ডগ আর হ্যামবার্গার নয়, রসাল আর মন ভরানো বারবিকিউ রান্না করছে",,,,,
ধীরে ধীরে আগুন বা গরম কয়লার ওপর মাংসসহ নানা খাবার রোস্ট করে তৈরি করা বারবিকিউ যুক্তরাষ্ট্রে ৪ জুলাই ‘স্বাধীনতা দিবসে’-র এক অনন্য ঐতিহ্যও বটে।,,,,,
যুক্তরাষ্ট্রের স্বাধীনতা দিবসে বারবিকিউ রান্না করা এক অর্থপূর্ণ শ্রদ্ধাঞ্জলি—এই খাবারটি আমেরিকার সমৃদ্ধ সাংস্কৃতিক ইতিহাস ও বৈচিত্র্যের প্রতিফলন।,,,,,
"গৃহপালিত পশুর সহজলভ্যতা যেমন মাংসের পছন্দকে প্রভাবিত করেছে, তেমনি অঞ্চলভেদে কাঠের প্রকারভেদও স্বাদে এনেছে বৈচিত্র্য।",,,,,
যদিও প্রযুক্তি বদলেছে—এওয়াল্ড যেখান থেকে নিজের স্টাইল গড়ে তুলেছিলেন সেই পেছনের ঝুপড়িতে থাকা ইটের চুলা থেকে এখনকার আধুনিক স্মোকারে—তবুও অনেক কিছুই রয়ে গেছে আগের মতো,,,,,
এদেশে ঔপনিবেশিক আমলের ঐতিহ্য অনুযায়ী নভেম্ভর হলো থ্যাঙ্কস গিভিং ডে,,,,,
ঘরে ঘরে টার্কি ও আনুষঙ্গিক নিয়ে জবর খাওয়া দাওয়া,,,,,
"সবাই যে রাতারাতি সাহেব হয়েছিলাম, তাও নয়। শাকাহারী ভারতীয়রা তো টার্কি ডিনারের স্বাদ, গন্ধই জানে না। তা বলে সহিংস সম্প্রদায় কেন বঞ্চিত হবে ভোজনে? ",,,,,
"দেশে থাকতেই বালিহাঁস, পাতিহাঁস খেয়ে যারা হাঁসের বংশ উজাড় করেছে, তারা বিদেশে এসে টার্কির মাংস খেয়ে দেখবে না?",,,,,
"প্রতি বছর লক্ষ্মীবারে পক্ষী ভোজন হয় বটে, তবে বুধবার থেকেই ছুটির মেজাজ বোঝা যায়। এয়ারপোর্টে লম্বা লাইন। ট্রেন-স্টেশনে প্রচন্ড ভিড়।",,,,,
"থ্যাংকস গিভিং মানেই নাকি সবাই কিছু একটা রান্না করে আনবে। আমি কেক বেক করে রাখি, তো এক আত্মীয়া স্বরচিত “পামকিন পাই” নিয়ে ঢোকেন।",,,,,
"টার্কির টুকরো দিয়ে স্যুপ। কখনও নুডলস দিয়ে টার্কি চাওমেন। কোনও কিছু পদের হয়নি। আসলে সদ্য বেক করার পরে প্রথম দিনে যা স্বাদ ও গন্ধ থাকে, পরে আর তেমন থাকে না।",,,,,
ভুল করে জটায়ু মার্কা মস্ত পাখি কিনে কম পন্ডশ্রম গেছে আমার? লেফট-ওভার নিয়ে কাকস্য পরিবেদনা। প্রায় মশলাবিহীন সাদাটে মাংসের ঢ্যাবলা তিন দিন ধরে কেউ খাবে না বুঝে স্যান্ডউইচে চালিয়েছি। ,,,,,
"নেহাত ঘোর মাংসাশী, না হলে ঐ ফ্যাকাশে মাংস বার বার খাওয়া অসম্ভব।",,,,,
বাঙালির ঘরে ঘরে এরকম অভিজ্ঞতার পর ক্রমশ ‘থ্যাংকস গিভিং’ ডিনারের মেনু কিছু বদল করা হল। ,,,,,
" ‘থ্যাংকস গিভিং হলিডে’ মানে চারদিন ধরে. সপরিবারে, সবান্ধবে ছুটি উপভোগ। খাওয়া-দাওয়া, আড্ডা, বেড়াতে যাওয়া। বড় শহরে গিয়ে নাটক বা অপেরা দেখা। দল বেঁধে ক্রিসমাস শপিং।",,,,,
"আসলে সদ্য বেক করার পরে প্রথম দিনে যা স্বাদ ও গন্ধ থাকে, পরে আর তেমন থাকে না।",,,,,
ফাস্ট ফুডের উত্থান ২০শ শতকের মাঝামাঝি সময়ে শুরু হয়েছিল এবং তখন থেকে এটি দুই দেশের খাদ্য সংস্কৃতির একটি অপরিহার্য অংশে পরিণত হয়েছে। ,,,,,
"ফাস্ট ফুড খাবারগুলি প্রায়ই উচ্চ ক্যালোরি, চর্বি, লবণ এবং চিনি সমৃদ্ধ হয়ে থাকে, যা অতিরিক্ত খাওয়া হলে স্বাস্থ্যের জন্য ক্ষতিকর হতে পারে। ",,,,,
"বেশিরভাগ রেস্তোরাঁর একটি কাউন্টার বা ড্রাইভ-থ্রু থাকে, যেখানে আপনি সরাসরি অর্ডার করতে পারেন। ",,,,,
"মার্কিন যুক্তরাষ্ট্র এবং কানাডার বেশিরভাগ ফাস্ট ফুড রেস্তোরাঁয় ফ্রি ওয়াই-ফাই সুবিধা থাকে, যা গ্রাহকদের দ্রুত ইন্টারনেট সংযোগ দেয়।",,,,,
"ব্রিটিশ দ্বীপপুঞ্জ, দক্ষিণ ইতালি, পশ্চিম আফ্রিকা, ফ্রান্স, মধ্য ইউরোপ, মেক্সিকো, চীন এবং জাপান এবং নেটিভ আমেরিকান উপাদান এবং কৌশলগুলোর শক্তিশালী প্রভাব সহ বিভিন্ন সংস্কৃতির খাবারের সংমিশ্রণ আমেরিকান রন্ধনশৈলী। ",,,,,
ইতালীয় রন্ধনশৈলীর আমেরিকান ব্যাখ্যাটি ১৯ শতকের ইতালীয় অভিবাসীদের বৃহত অনুপাত দ্বারা প্রভাবিত হয় যা ইতালির (দরিদ্র) দক্ষিণ অংশ থেকে আগত,,,,,
"আমেরিকান ""মেক্সিকান খাবার"" মূলত পশ্চিম উপকূলে জনপ্রিয় ""ক্যাল-মেক্স"" এবং ""টেক্স-মেক্স"" দ্বারা আধিপত্য বিস্তার করে, যা অন্য সর্বত্র সর্বাধিক জনপ্রিয়। ",,,,,
" ম্যাকডোনাল্ডের বিশাল বড় তালিকার সবার উপরে যে নামটি রয়েছে, সেটি হচ্ছে ফ্রেঞ্চ ফ্রাই বা আলু ভাজা!",,,,,
বিশ্বের যেকোনো প্রান্তে ম্যাকডোনাল্ডের কোনো রেস্টুরেন্টে সবচেয়ে বেশি যে খাবারটির অর্ডার হয় সেটি হচ্ছে ফ্রেঞ্চ ফ্রাই। সোডিয়ামে ভরপুর মচমচে এই ফ্রেঞ্চ ফ্রাই যেকোনো ফাস্ট ফুডপ্রেমীর পছন্দ তালিকার প্রথম দিকে থাকে। ,,,,,
ষাটের দশকে প্রথম আমেরিকার বাজারে বিগ ম্যাক নামক এই লোভনীয় বার্গারের প্রচলন হয়।,,,,,
কেবল যুক্তরাষ্ট্রেই বছরে ৫৫০ মিলিয়নের অধিক বিগ ম্যাক বার্গার বিক্রয় হচ্ছে বলে ধারণা করা হয়!,,,,,
ফাস্ট ফুডের জগতে ম্যাকডোনাল্ডসের পর নিঃসন্দেহে বিশ্বের সবচেয়ে পরিচিত নামটি হলো কেএফসি বা কেন্টাকি ফ্রায়েড চিকেন।,,,,,
১১ রকমের মসলার মিশ্রণে তৈরি করা এই চিকেন ফ্রাইয়ের মন ভোলানো স্বাদ ছোট বড় সবাইকে আকৃষ্ট করে।,,,,,
১৯৪০ সালে কেএফসির প্রতিষ্ঠাতা কর্নেল হারলান প্রথম ১১ রকমের মসলার মিশ্রণে অরিজিনাল রেসিপি চিকেন নামে এই চিকেন ফ্রাই বিক্রয় শুরু করেন।,,,,,
"‘হ্যাপি মিল’ নামে শিশুদের জন্য ম্যাকডোনাল্ডস বাজারে আনলো সুদৃশ্য প্যাকেটজাত খাবার যার মধ্যে একটি বার্গার, কিছু ফ্রেঞ্চ ফ্রাই এবং একটি খেলনা থাকে।",,,,,
"বর্তমানে একটি হ্যাপি মিলের প্যাকেটে একটি হ্যামবার্গার, একটি চিজবার্গার, একটি গ্রিলড চিকেন, একটি ক্রিসপি চিকেন, চারটি ম্যাকনাগেট এবং তিনটি ফিশফিঙ্গার থাকে।",,,,,
সাবওয়েই একমাত্র ফাস্ট ফুড রেস্টুরেন্ট যারা তাদের অনুমোদিত আউটলেটগুলোতে একই আইটেম বিক্রি করতে বাধ্য করে না।,,,,,
বিশ্বজুড়ে সাবওয়ের ৪১ হাজার আউটলেটে আনুমানিক ৩৭ মিলিয়ন সংখ্যক ভিন্ন ভিন্ন নমুনার স্যান্ডুইচ পাওয়া যায়! ,,,,,
"সালামি নামক একধরনের ইতালিয়ান খাবার, পেপারনি আর পশুর উরুর মাংসের সমন্বয়ে তৈরি হয় সুস্বাদু বিএমটি স্যান্ডুইচ।",,,,,
"আর ট্যাকো বেলের ধারণা, ঠিক সমপরিমাণ ক্রাঞ্চি ট্যাকোও তারা বিক্রয় করে বছরে! গরুর মাংস, কয়েক রকমের সবজি, মসলা আর ক্রিমের তৈরি মচমচে ট্যাকো এতটাই জনপ্রিয় যে, ট্যাকো বেল কোম্পানির অর্ধেক মুনাফা আসে এই একটি খাবার বিক্রি করেই।",,,,,
"এক পাউন্ডের চার ভাগের একভাগ পরিমাণ গরুর মাংস, টমেটো, কাঁচা পেয়াজ, টমেটো কেচাপ, মেয়োনেজ আর কয়েক পদের মিষ্টি ক্রিমের সমন্বয়ে তৈরি এক একটি হুপার দেখতে যেমন মুখরোচক, খেতেও তেমন মজা।",,,,,
 ১৬ নভেম্বর ফাস্ট ফুড দিবস। মূলত যুক্তরাষ্ট্র দিনটি পালন করে থাকে।,,,,,
ফাস্ট ফুড একটি মার্কিন ক্লাসিক। ,,,,,
ফাস্ট ফুডের বিকাশে প্রথম বিশ্বযুদ্ধের পর গাড়ি সাশ্রয়ী হয়ে ওঠাও একটি কারণ। তখন রাস্তার পাশে গড়ে ওঠা ফাস্ট ফুড দোকানগুলো গাড়িতে ভ্রমণকারীদের খাবার কেনা আরও সহজ করে তোলে।,,,,,
"প্রথম দিকে ফাস্ট ফুড বলতে স্যান্ডউইচ ও বার্গার জনপ্রিয় ছিল। কিন্তু এখন যে কোনো ফাস্ট ফুডের দোকানে মেক্সিকান, ইতালীয়, চাইনিজ খাবার পাওয়া যায়।",,,,,
তরুণ গ্রাহকদের আকৃষ্ট করতে নতুন নতুন পানীয় নিয়ে পরীক্ষা-নিরীক্ষা করছে মার্কিন ফাস্ট-ফুড চেইনগুলো। যেমন ফ্রায়েড চিকেন ও ওয়াফেল ফ্রাইয়ের জন্য পরিচিত চিক-ফিল-এ আনারস-ড্রাগনফ্রুট পানীয় বিক্রি করছে। ,,,,,
"রেস্তোরাঁ মালিকদের মতে, ব্যতিক্রমী ফ্লেভার, উজ্জ্বল রঙ এবং উচ্চ ক্যাফেইন ও চিনিযুক্ত পানীয় আয় ও মুনাফার হার ঊর্ধ্বমুখী করবে।",,,,,
" মার্কেট গবেষণা প্রতিষ্ঠান ডাটাসেনশিয়াল জানিয়েছে, এখন অনেক রেস্তোরাঁ রিফ্রেশারস ও ফলমিশ্রিত পানীয় অফার করছে। ",,,,,
ফাস্ট-ফুড চেইনগুলো মনে করছে হট চকোলেট ও ফ্লেভারযুক্ত লেমনেড তরুণ প্রজন্মের মধ্যে জনপ্রিয়তা পাবে। কারণ অন্য প্রজন্মের তুলনায় জেন-জি নতুন ফ্লেভারে বেশি আগ্রহী এবং সাংস্কৃতিকভাবে বৈচিত্র্য পছন্দ করে।,,,,,
সাধারণ সোডার বিকল্প হিসাবে এসব পানীয়তে বেশি চিনি থাকে। কিন্তু তরুণরা এগুলো বেশ উপভোগ করছে।,,,,,
দেশের ভোজন রসিকদের জন্য বছরজুড়েই নানা আয়োজন থাকে সিক্স সিজনস হোটেলে। এবারও তার ব্যতিক্রম নয়। আন্তর্জাতিক মানের খাবারের স্বাদ পেতে যে কেউ আসতে পারেন আমাদের হোটেলে।,,,,,
"তাদের আইটেমের মধ্যে রয়েছে কুইনোয়া সালাদ, কেজুন পটেটো সালাদ, ক্যালিফোর্নিয়া রোলস, ক্রিমি বাটারনাট স্কোয়াশ সুপ, বাফালো উইংস, ডিপ ডিশ পিৎজ্জা, স্পাইসি হালাপেনো পপারস, স্লো-কুকড প্রাইম রিব, হোল স্টাফড টার্কি, বিফ স্লাইডারস, বিফ হট ডগস, জাম্বালায়া, চিকেন মিটলোফ, সাউদার্ন-স্পাইসড বারবিকিউ চিকেন, নিউইয়র্ক চিজকেক, মিনি ডোনাটস, সিগনেচার অ্যাপেল পাই প্রভৃতি।",,,,,
"রান্নার বই মাই হালাল কিচেন-এর লেখক ইভান মাফেই বলেন, হালাল খাবার আমেরিকান সমাজের মূলধারায় স্থান করে নিয়েছে।  তার মতে এটি একটি বিবর্তন যা এর আগে ২০ শতকের দ্বিতীয় অর্ধে মেক্সিকান খাবারের ক্ষেত্রে ঘটেছিল।",,,,,
"আমেরিকা একটি বৈশ্বিক সমাজ, যেখানে নানা দেশের মানুষ বসবাস করেন এবং তাদের নিজস্ব সংস্কৃতি ও খাদ্যরুচি এখানে ছড়িয়ে পড়েছে। আন্তর্জাতিক খাবার এখন যুক্তরাষ্ট্রের রোজকার জীবনযাত্রার একটি গুরুত্বপূর্ণ অংশ। কিন্তু, ভবিষ্যতে এই খাদ্যাভ্যাস কেমন হবে, তা আরও বিস্তৃত ও বৈচিত্র্যময় হবে, যা কিছু নতুন প্রবণতা এবং পরিবর্তনের দিকে ইঙ্গিত দেয়।",,,,,
"ফিউশন কুইজিন, অর্থাৎ বিভিন্ন দেশের খাবারের মিশ্রণ, আগামী দিনে আরও জনপ্রিয় হবে। বর্তমান সময়ে অনেক রেস্টুরেন্টে বিভিন্ন দেশের খাবারের সংমিশ্রণ দেখা যাচ্ছে—যেমন কোরিয়ান বারবিকিউ টাকো বা জাপানি পিজ্জা। ভবিষ্যতে, এই ধরনের খাবার আরও জনপ্রিয় হবে।",,,,,
বর্তমান সময়ে স্বাস্থ্য সচেতনতা এবং পরিবেশ সুরক্ষার দিকে মানুষের মনোযোগ বাড়ছে। আমেরিকায় আন্তর্জাতিক খাবারের ভবিষ্যতেও ভেগান ও সাসটেইনেবল খাদ্য ট্রেন্ড বৃদ্ধি পাবে।,,,,,
"স্ট্রিট ফুড বা রাস্তার খাবারের প্রতি আগ্রহ আমেরিকায় দিনে দিনে বাড়ছে। বিদেশি খাবারের ট্রাক এবং ছোট স্টলগুলোতে যেমন কিমচি, ফ্যালাফেল, সুশি, বা তুর্কি শাওয়ারমা বিক্রি হচ্ছে, তেমন ভবিষ্যতে এই ধরনের খাবারের জনপ্রিয়তা আরও বৃদ্ধি পাবে।",,,,,
"স্ট্রিট ফুড বা রাস্তার খাবারের প্রতি আগ্রহ আমেরিকায় দিনে দিনে বাড়ছে। বিদেশি খাবারের ট্রাক এবং ছোট স্টলগুলোতে যেমন কিমচি, ফ্যালাফেল, সুশি, বা তুর্কি শাওয়ারমা বিক্রি হচ্ছে, তেমন ভবিষ্যতে এই ধরনের খাবারের জনপ্রিয়তা আরও বৃদ্ধি পাবে।",,,,,
"মানুষের মধ্যে দ্রুত, সস্তা এবং রুচিশীল খাবারের প্রতি আগ্রহ বাড়ছে, এবং আন্তর্জাতিক স্ট্রিট ফুড আমেরিকান বাজারে বিশেষ স্থান পাবে।",,,,,
"বিশ্বের বিভিন্ন দেশ থেকে আসা অভিবাসীরা তাদের আঞ্চলিক খাবারের স্বাদ এবং সংস্কৃতি আমেরিকায় নিয়ে আসছে। ভবিষ্যতে এই খাবারগুলি শুধু বড় শহরগুলোতেই নয়, ছোট শহরেও জনপ্রিয় হতে পারে। উদাহরণস্বরূপ, আফ্রিকা, লাতিন আমেরিকা, এবং দক্ষিণ এশিয়া থেকে আসা খাদ্যধারা আমেরিকার বিভিন্ন অঞ্চলে আরও প্রবল হয়ে উঠবে। ",,,,,
"এতদিন পর্যন্ত আন্তর্জাতিক খাবারের স্বাদ এবং বৈচিত্র্য উপভোগ করতে হলে মানুষকে রেস্টুরেন্টে যেতে হত। তবে, ভবিষ্যতে প্রযুক্তির অগ্রগতির ফলে, বাড়িতে বসেই মানুষ আন্তর্জাতিক খাবারের স্বাদ গ্রহণ করতে পারবে।",,,,,
"গরুর মাংস, কফিসহ দুই শতাধিক খাদ্যপণ্যের ওপর থেকে শুল্ক প্রত্যাহার করেছেন মার্কিন প্রেসিডেন্ট ডোনাল্ড ট্রাম্প। ক্রমবর্ধমান খাদ্যদ্রব্যের মূল্য নিয়ে ভোক্তাদের উদ্বেগ বাড়তে থাকায় হোয়াইট হাউজ এ সিদ্ধান্ত জানায়।",,,,,
"ভার্জিনিয়া, নিউ জার্সি এবং নিউ ইয়র্ক সিটির সাম্প্রতিক স্থানীয় নির্বাচনে ডেমোক্র্যাটদের ধারাবাহিক জয়ের পেছনে উচ্চ জীবনযাত্রার ব্যয়—বিশেষ করে খাদ্যদ্রব্যের দাম—একটি বড় ইস্যু ছিল।",,,,,
"শুক্রবার প্রকাশিত তালিকায় দৈনন্দিন চাহিদার বহু পণ্য রয়েছে—যার অনেকগুলোরই দাম চলতি বছরে দুই অঙ্কে বেড়েছে। কমলা, আসাই বেরি, পাপরিকা, কোকো, খাদ্য উৎপাদনে ব্যবহৃত রাসায়নিক পদার্থ",,,,,
"আমেরিকান মুসলমানরা তাদের নিজ নিজ সংস্কৃতি অনুযায়ী ইফতার করেন। তবে সাধারণত খেজুর, কোরমা, সালাদ, পনির, রুটি, মাংস, ডিম, ফলমূল, জুস এবং অন্যান্য পুষ্টিকর খাবার ইফতারে খাওয়া হয়। মুসলমানদের বিভিন্ন জাতিগোষ্ঠী থাকায় ইফতারে বিভিন্ন ধরনের বৈচিত্র্য দেখা যায়। ",,,,,
যুক্তরাষ্ট্রে চলমান শাটডাউন কারণে আগামী নভেম্বর থেকেই দেশটির চার কোটি মানুষের খাদ্য সহায়তা বন্ধ হয়ে যেতে পারে বলে সতর্ক করেছে যুক্তরাষ্ট্রের কৃষি বিভাগ ,,,,,
"মার্কিন কৃষি দফতরের ওয়েবসাইটে বিবৃতি দিয়ে জানানো হয়েছে, ‘‘সরকারি সাহায্যের ভাঁড়ার তলানিতে ঠেকেছে।’’ ফলে নভেম্বর মাসে কর্মসূচিটি চালিয়ে যাওয়ার মতো পর্যাপ্ত অর্থ তাদের তহবিলে নেই। সে কারণেই আপাতত খাদ্য সহায়তা বন্ধ রাখার সিদ্ধান্ত নিতে হচ্ছে। ",,,,,
"আমেরিকায় বসন্ত কেবল উষ্ণ আবহাওয়া এবং দীর্ঘ, উজ্জ্বল দিনই বয়ে আনে না, বরং এটি সুস্বাদু, তাজা এবং প্রাণবন্ত খাবার উপভোগ করার জন্যও উপযুক্ত সময়। বসন্ত হল পুনর্জন্ম, তাজা উপাদান এবং নতুন স্বাদের ঋতু, এবং আমেরিকায় বসন্তের খাবারও এর ব্যতিক্রম নয়।",,,,,
আমেরিকার এক সংবাদপত্রের কার্টুনিস্ট ডাচশান্ড সসে়জকে ‘হট ডগ’ বলে উল্লেখ করে একটি কার্টুন এঁকেছিলেন। সেই কার্টুন এতটাই জনপ্রিয় হয়ে গিয়েছিল যে তার পর থেকে এই সসেজ ভরা পাউরুটির নাম হয়ে যায় হট ডগ।,,,,,
রাজনীতিতে প্রবেশের আগে থেকেই মামদানি তার খাবারের প্রতি ভালোবাসা ব্যবহার করে নিউ ইয়র্কবাসীদের সাথে কথা বলতেন।,,,,,
এর মাধ্যমে মামদানি শহরের ট্রেন্ডি ডাইনিং স্পটগুলি থেকে মাইল দূরে থাকা লোকচক্ষুর আড়ালে থাকা ভোজনশালাগুলিকে মানচিত্রে নিয়ে আসছেন। ,,,,,
আমেরিকায় মুসলমানদের সংখ্যা তুলনামূলকভাবে কম হলেও সাম্প্রতিক বছরগুলোতে মুসলিম সম্প্রদায়ের সংখ্যা উল্লেখযোগ্যভাবে বৃদ্ধি পেয়েছে। বিভিন্ন ইসলামিক সেন্টার ও মসজিদে ইফতার ও তারাবির নামাজের আয়োজন করা হয়।,,,,,
খ্রিষ্টপূর্ব ৭০০০ সালে মেক্সিকো ও মধ্য আমেরিকায় প্রথম মানুষ মরিচ খেতে শুরু করে। প্রায় ১ হাজার বছর পর সেগুলোর চাষও শুরু হয়। ,,,,,
"দুই দিকে দুই প্রস্থ রুটি। মাঝখানে চিজ, মেয়নেজ, টমেটোর ফালি ও লেটুসপাতার সঙ্গে মসলা দেওয়া মাংসের কিমা। বিশাল এক হাঁ করে তাতে যখন কামড় বসাচ্ছেন, মনে হয় যেন এর চেয়ে সুস্বাদু খাবার আর হয় না।",,,,,
এক ম্যাকডোনাল্ডসই প্রতি সেকেন্ডে বিক্রি করে ৭৫টির বেশি বার্গার। এ হিসাবে দিনে প্রায় ৬ লাখ ৪৮ হাজার বার্গার বিক্রি করে মার্কিন এই ফাস্ট ফুড কোম্পানি।,,,,,
একসময় প্রচুর জার্মান নাগরিক অভিবাসী হয়ে যুক্তরাষ্ট্রে পাড়ি জমাত। তাদের বলা হতো ‘হামবার্গার’; যেমন লন্ডন থেকে আগত ব্যক্তিদের বলা হতো ‘লন্ডনার’। এই অভিবাসীদের তৈরি রেসিপিই গোটা যুক্তরাষ্ট্রে একসময় জনপ্রিয় হয়ে ওঠে। ,,,,,
গত ২৫ বছরে যুক্তরাষ্ট্রের মানুষ ব্যপকভাবে হালাল খাবারের প্রতি আগ্রহী হচ্ছেন বলে জানিয়েছে হালাল ব্যবসার তালিকার তথ্য সমৃদ্ধ ওয়েবসাইট জাবিহা ডট কম। সংবাদমাধ্যম শেয়ার আমেরিকার সাথে কথা বলতে গিয়ে তথ্য জানান জাবিহা ডট কম-এর পরিচালক শাহেদ আমানউল্লাহ।,,,,,
"রান্নার বই মাই হালাল কিচেন-এর লেখক ইভান মাফেই বলেন, “এটি (হালাল খাবার) এমন কিছু যা নিয়ে শুধুমাত্র [মুসলিম] জনগোষ্ঠী ১৫ বছর আগে কথা বলত, কিন্তু এখন আমার বন্ধুরা যারা কখনো মধ্যপ্রাচ্যে যায়নি কিংবা হালাল কী তা জানে না তারাও হুমাস, ফালাফেল ও শর্মা কী তা ঠিক জানে এবং তারা এই ধরনের খাবার পছন্দ করে।”",,,,,
"আমানউল্লাহ জানান, অন্যান্য রেস্তোরার তুলনায় হালাল রোস্তোরায় কম খরচ হচ্ছে। আর এই জন্য এই ধরণের রেস্তোরার ব্যবসায় আগ্রহী হচ্ছেন অনেকে। তিনি জানান, হালাল এবং অন্যান্য মাংসের মধ্যে মূল্যের পার্থক্য কমে আসাতে রেস্তোরাঁর মালিকদের পক্ষে হালাল বেছে নেওয়া সহজ হচ্ছে।",,,,,
"অন্যরা যখন শুকরের মাংস ও মদ বিক্রি করছিল, তখন হালাল খাবার বিক্রি করার মধ্য দিয়ে আমরা প্রতিযোগিতায় এগিয়ে যাই এবং আমাদের রেস্তোরাঁ অন্য আরেকদল মানুষের জন্য গন্তব্যস্হলে পরিণত হয়, যারা হালাল খাবারের রেস্তোরাঁ খুঁজছিল।",,,,,
এছাড়া অর্থনৈতিক কারণের বাইরেও আমেরিকান সমাজে মুসলমানদের বড় পরিসরে একত্রীকরণকে যুক্তরাষ্ট্রে হালাল রেস্তোরার বৃদ্ধিকে মনে করা হয়। ,,,,,
"আমানউল্লাহ বলেন যে, “আমেরিকাতে হালাল শব্দটিকে কোন খারাপ শব্দ হিসেবে দেখা হয় না।” আর সে কারণেই “আপনি [নিউ ইয়র্ক-ভিত্তিক খাবারের চেইন রেস্তোরাঁ] দ্য হালাল গাইজ দেখতে পাবেন এবং এ নিয়ে কারো কোন মাথাব্যথা নেই!”",,,,,
,,,,,
"২৫ থেকে ৩৪ বছর বয়সী আমেরিকানদের মধ্যে, কোনো সঙ্গী বা পার্টনার ছাড়া বসবাসকারী পুরুষের সংখ্যা গত পাঁচ দশকে দ্বিগুণ হয়ে ‘৫০ শতাংশে’ দাঁড়িয়েছে, আর নারীদের ক্ষেত্রে এই সংখ্যা ‘৪১ শতাংশ।’",,,,,
"দ্য ইকোনমিস্ট-এর হিসাব অনুযায়ী, ২০১০ সাল থেকে ৩০টি ধনী দেশের মধ্যে ২৬টিতেই একা বসবাসকারী মানুষের সংখ্যা বেড়েছে, এবং ২০১৭ সালের তুলনায় জুটি বাঁধার হার যদি একই থাকত, তবে আজ বিশ্বে কমপক্ষে ‘১০ কোটি কম’ সিঙ্গেল মানুষ থাকত। বিশ্বজুড়ে চলছে এক বিশাল ‘সম্পর্কের মন্দা।’",,,,,
"লস এঞ্জেলসে মাদকাসক্ত এমন অনেকের সাথে আমার দেখা হলো যারা কোনো রকমে বেঁচে আছে। সান ফ্রান্সিসকোতে দেখলাম একজন পুলিশ অফিসার গৃহহীন কিছু মানুষকে রাস্তা থেকে চলে যেতে বলছে। তারা যখন জিজ্ঞাসা করছে কোথায় যাবো, পুলিশ অফিসার তখন নিরুত্তর রইল।",,,,,
"একদল এই প্রবণতাকে সামাজিক ও নৈতিক অবক্ষয়ের চূড়ান্ত লক্ষণ বলে মনে করছেন, অন্যদিকে ফ্যাশন ম্যাগাজিন ‘ভোগ’ একে ‘প্রশংসনীয় আত্মনির্ভরতার প্রতীক’ হিসেবে দেখছে, যেখানে আধুনিক উচ্চাকাঙ্ক্ষী তরুণীদের জন্য বয়ফ্রেন্ড থাকাটা ‘লজ্জাজনক’ বলে অভিহিত করা হয়েছে।",,,,,
"হঠাৎ তিনি বিস্ময়ে চমকে উঠে বললেন, ‘হায় এরা কারা? এরা এখানে এভাবে পড়ে আছে কেন?’ আমি বললাম, ‘এদের ঘরবাড়ি নেই; রাস্তাতেই বসবাস। ভদ্র আমেরিকানরা এই মানুষগুলোর নাম দিয়েছে “হোমলেস”; বাংলাদেশে আমরা যাদের বলি বাস্তুহারা।’",,,,,
আমেরিকার মতো এত উন্নত দেশে এবং পৃথিবীর সবচেয়ে ব্যস্ত জায়গায় হোমলেস মানুষগুলোকে দেখে তিনি বিস্ময়ে পাগলপ্রায়। উন্নত দেশে সাধারণত উন্নত জীবন ব্যবস্থা থাকার কথা। কিন্তু আমেরিকাতেও অনুন্নত বা স্বল্পোন্নত দেশের মতো অনেক কর্মকাণ্ড চলে শুনলে বা নিজের চোখে দেখলেও অনেকে যা বিশ্বাস করবে না।,,,,,
"সবাই জানে আমেরিকায় চিকিৎসা সেবা ফ্রি। আসলেই কি ফ্রি? উত্তর হচ্ছে, ‘হ্যাঁ’ এবং ‘না’। ",,,,,
"শুধু প্রকৃতির সৌন্দর্য দৃষ্টিগত করে ভ্রমণ শেষ করা নয়, বরং প্রকৃতির প্রকৃত স্বাদ আস্বাদন করা, যাকে আমরা ‘অভিজ্ঞতা অর্জন’ বলতে পারি, সেটাই প্রাধান্য পায় বেশি।",,,,,
"দক্ষিণ-পূর্ব প্রশান্ত মহাসাগরের পারে অবস্থিত অরিগন আমেরিকার সবচেয়ে সুন্দর নয়নাভিরাম স্থানগুলোর মধ্যে একটি। গুচ্ছ গুচ্ছ পর্বতরাশী যেন নেমে এসেছে পোর্টল্যান্ড শহরকে ঘিরে; সেই সঙ্গে বয়ে চলেছে শহুরে নদী, গ্রাম্য নদী, পাহাড়ি নদী। ",,,,,
অরিগনের ব্যস্ততম শহর পোর্টল্যান্ডকে কেন্দ্র করে ভ্রমণের আয়োজন করা যেতে পারে। ইন্টেল করপোরেশনের বড় একটি শাখা সেখানে। তাই অনেক বাংলাদেশির বসবাস।,,,,,
"শহর থেকে পশ্চিম দিকে ১-৮৫ মহাসড়ক ধরে এগিয়ে গেলে কলাম্বিয়া নদীর ভিউ পয়েন্ট। পৌঁছানোর পথটা পাহাড়ের ধার ঘেঁষে; দুই ধারে সারিবদ্ধ সবুজ পাহাড়, মাঝ দিয়ে বয়ে চলেছে নদী। এখানে দেখা আর ছবি তোলা ছাড়া আর কিছু করার নেই। ",,,,,
ন্যাশনাল পার্কে অবস্থিত ক্রেটার হ্রদটি সৃষ্টি হয়েছিল প্রায় ৭ হাজার ৭০০ বছর আগে আগ্নেয়গিরির প্রচণ্ড বিস্ফোরণের মাধ্যমে। অগ্ন্যুৎপাতে পর্বতের চূড়া ধসে সৃষ্ট বিশাল গহ্বরে দীর্ঘদিনের বৃষ্টির পানি আর বরফ গলা পানি জমে তৈরি হয় আমেরিকার গভীরতম নীল লেকটির। ,,,,,
"আজকের লেখা সেইসব ভাইবোনের উদ্দেশ্যে, যারা ভাবেন “একবার খালি আম্রিকা যাইতে দে, ঘুইরা ফাডায়ালমু।” এই ভাবনার সাথে বাস্তবের যে কী ফারাক, তা যদি কেউ আমায় বলত! আমার মত হতাশ যেন আর কোন বান্দাকে হতে না হয়, সেজন্য সমাজসেবা টাইপের এই লেখা",,,,,
"ক্রেটার হ্রদে যেতে হলে হাতে সময় নিয়ে বের হতে হবে। আমাদের গাড়ি যখন শহর ছেড়ে বনের ভেতরে ঢুকে পড়ছিল, তখনো লেক পর্যন্ত যেতে ঘণ্টা তিনেক বাকি, হঠাৎ খেয়াল হলো গাড়িতে যথেষ্ট জ্বালানি নেই। এদিকে বনের মধ্যে নেটওয়ার্ক নেই, গ্যাস স্টেশন নেই। অগত্যা গাড়ি ঘুরিয়ে লোকালয়ে আসতে হলো গ্যাসের জন্য।",,,,,
ঘুরে দেখার মতন আরও অনেক জায়গা আছে অরিগনে। সময়ের অভাবে সব জায়গায় যাওয়া সম্ভব হয়নি। আবার হয়তো যাব। এমন জায়গায় বারবার যাওয়া যায়। অরিগনে গেলে অবশ্যই সামারে যেতে হবে।,,,,,
"আমরা যারা প্রথমবারের মত আমেরিকা যুক্তরাষ্ট্রে আসি, আমাদের বেশিরভাগের ধারণা থাকে না যুক্তরাষ্ট্র কত বড় দেশ। ধীরে ধীরে আমাদের চোখে আয়তন বিষয়ক নানা রসিকতা ধরা পড়তে থাকে আর আমরা হতাশ হতে থাকি।",,,,,
"টেক্সাসের মানুষজন বলে, “এক ঘণ্টা গাড়ি চালালে আমরা এক শহরের এ মাথা থেকে ও মাথা যেতে পারি। আরেক অঙ্গরাজ্য তো পরের কথা।” তাহলেই বুঝুন যুক্তরাষ্ট্র কী বিশাল! ",,,,,
"যুক্তরাষ্ট্র ছিল আমার স্বপ্নের দেশ। নব্বইয়ের দশকের ছেলেমেয়েরা হয়ত বিদেশ বলতে আমেরিকাকেই বুঝত, কে জানে। মুহম্মদ জাফর ইকবাল আর হুমায়ূন আহমেদের জীবনী পড়ে কত ছেলেমেয়ে আমেরিকা আসার কথা ভেবেছে! ",,,,,
একটু যখন বুঝতে শিখেছি তখন থেকে শুনে আসছি আমেরিকা একটা  সাম্রাজ্যবাদী দেশ । ছোটবেলা থেকে সামন্ত্রতন্ত্র বা সামন্ত্রবাদ দেখে বড় হয়েছি । ইউরোপ গিয়ে সামাজিক সাম্রাজ্যবাদের ছোঁয়াও পেয়েছি ।,,,,,
"রাত্রি ৩ টে ১৫ মিনিটে আমাদের যাত্রা শুরু হল  দমদম থেকে । বাড়িতে থাকলে ঘুম হবে না , তাই একটু আগেই পৌঁছে গেলাম দমদম এয়ার পোর্ট । আগেভাগে সব জিনিসপত্র জমা দিয়ে , ইমিগ্রেশন সেরে , সিকিউরিটি চেক করিয়ে আমাদের নিদিষ্ট গেটের সামনে গিয়ে বসলাম একটু ঘুমিয়ে নেওয়ার জন্য । ",,,,,
আমরা এখান থেকে যাব দোহা – লসএঞ্জেলেস – সল্টলেক সিটি । রাত্রি ৩ টে ১৫ মিনিটে আমাদের প্লেন ছাড়ল দমদম থেকে । ৬ ঘণ্টা জার্নি করে সকাল ৬ টা ৪৫ মিনিটে (ওখানকার সময় ) পৌছালাম দোহা । বিশাল এয়ারপোর্ট । আমাদের অনেকটা দূরে গিয়ে আবার সিকিউরিটি চেক সেরে  লসএঞ্জেলেসের জন্য প্লেন ধরতে হবে ,,,,,
"তিনদিক পাহাড়ে ঘেরা খুবই ছিমছাম সুন্দর একটা শহর এই সল্টলেক সিটি । দূষণ মুক্ত আকাশ । এটি আমেরিকার ইউটা অঙ্গরাজ্যের রাজধানী । লোকসংখ্যা ১২ লাখের একটু বেশি । উচ্চতা খুব বেশি না , ৪২২৬ ফুট কিন্তু শীতকালে মাঝে মাঝেই বরফ পরে । ",,,,,
"উনিশশো পঁচাশিতে আমি এসেছি আমেরিকার মিডওয়েস্ট অঞ্চলের ইলিনয় স্টেট ইউনিভার্সিটিতে। ছোট্ট শহর, নাম নরমাল-বস্নুমিংটন। কোনোদিন আমেরিকায় আসব ভাবিনি। ",,,,,
"উৎসাহ পেয়েছিলাম; কিন্তু তারা আমার মতো নিম্নমধ্যবিত্ত পরিবার থেকে আসেনি। আমার মতো ভীষণ সংগ্রাম করতে হয়নি কাউকে। সেই আমার স্মৃতিকথা ঘটিকাহিনিতে যেমন লিখেছি, সুদূর সুন্দরবনের প্রত্যন্ত গ্রামের কলেজে অধ্যাপনা, টিচার্স হোস্টেলে থাকা।",,,,,
"তারপর থাকা ভীষণ একাকিত্বের মধ্যে। নির্জনতা, বন্ধুহীন, আত্মীয়হীন সুদূর আমেরিকার জনশূন্য মধ্যপ্রতীচ্য। ইলিনয়, ইন্ডিয়ানা, আইওয়া, মিসৌরি, ওহাইও। ইলিনয় কোথায়, কেমন সেখানকার পরিবেশ, আবহাওয়া কেমন, লোকজন কেমন, দিন কেমন, রাত কেমন? কোনো ধারণা ছিল না। স্কলারশিপ পেয়েছি এই ইউনিভার্সিটিতে, আর চলে এসেছি অগ্রপশ্চাৎ না ভেবেই।",,,,,
"তারপর একটু একটু করে কোনোরকমে সয়ে গেল। একটু একটু করে দাঁড়িয়ে গেলাম।
পঁচাশিতে আমি এসেছি আমেরিকার মিডওয়েস্ট অঞ্চলের ইলিনয় স্টেট ইউনিভার্সিটিতে। এক বছর একা থাকার পর মুক্তি এসেছে ছিয়াশির আগস্টে অনেক কাঠখড় পুড়িয়ে, অনেক পারমিশন জোগাড় করে, অনেক কাগজে সই করে",,,,,
"বাবা খুব খুশি হয়েছিল যখন ইলিনয় স্টেট ইউনিভার্সিটি থেকে আমার সেই বহুমূল্য আই-টোয়েন্টি নামক ইমিগ্রেশনের কাগজপত্র এসে পৌঁছল। এই কাগজ দেখালে কলকাতার মার্কিন কনস্যুলেট আমাকে বিদেশি ছাত্রদের যে এফ-ওয়ান ভিসা দেয়, তা দিয়ে দেবে। ",,,,,
আমার মতো একটা ছেলেকে মার্কিন শিক্ষাব্যবস্থা – যা বিদেশি ছাত্রদের ওপর বিরাটভাবে নির্ভরশীল – কম পয়সায় খাটিয়ে নিতে পারবে। আমাকে শুরুতে মাসে তিনশো আশি ডলার অ্যাসিস্ট্যান্টশিপ দেওয়া হবে। পড়ার খরচ ফ্রি। আন্ডারগ্র্যাজুয়েট ছাত্রছাত্রীদের প্র্যাকটিক্যাল ক্লাস নিতে হবে। ,,,,,
"ইলিনয় স্টেট ইউনিভার্সিটি, নরমাল টাউন। বিশ্ববিখ্যাত শিকাগো শহর থেকে একশ মাইল দক্ষিণে মধ্য ইলিনয়। সেন্ট্রাল ইলিনয়। সেই রবীন্দ্রনাথের ‘বীরপুরুষ’ কবিতার লাইনের মতো, ‘ধু-ধু করে যেদিক পানে চাই, কোনোখানে জনমানব নাই।’ অন্তত, বাঙালি একেবারেই নেই। ",,,,,
"মিডওয়েস্ট আমেরিকার ব্রেড বাস্কেট কর্নফিল্ড। যোজনব্যাপী ভুট্টার ক্ষেতের মধ্য দিয়ে রাসত্মা চলে গেছে, তার মাঝে মাঝে দু-একটা ছোট ছোট শহর। নরমাল-বস্নুমিংটন, পিওরিয়া, আর্বানা-শ্যাম্পেন, আরো একটু ভেতরের দিকে আব্রাহাম লিঙ্কনের স্মৃতিবিজড়িত স্প্রিংফিল্ড – ইলিনয় রাজ্যের রাজধানী।",,,,,
"চারদিকে বরফ জমে আছে। শিকাগোর দক্ষিণে সাবার্ব টাউন লাইল। একদিকে লাইল, আর একদিকে ভারতীয়-অধ্যুষিত মাঝারি মাপের শহর নেপারভিল। গুজরাটি ইন্ডিয়ানদের বসতি আমেরিকানদের মাঝে। লাইল ক্ষুদ্র জনপদ। ",,,,,
আমি নির্বাসিতের জীবন যাপন করি। এক বছর এভাবে কাটল। সারাদিন ক্লাস করি। সপ্তাহে দুদিন আন্ডারগ্র্যাজুয়েট স্টুডেন্টদের ল্যাবরেটরির ক্লাস নিই। বাড়ি এসে যা হয় কিছু খাই। খাওয়ার কোনো ঠিক নেই।,,,,,
কলাম্বিয়া ভিউ পয়েন্ট থেকে মাল্টনোমাহ জলপ্রপাতে যাওয়ার পথে আরও বেশ কয়েকটা জলপ্রপাত চোখে পড়বে। সময় হাতে থাকলে সেখানেও কিছুটা সময় থামতে পারেন। সব জায়গাতেই পাহাড়ি ট্রেইল আছে হাইকিং আগ্রহীদের জন্য।,,,,,
"যে জায়গার জন্য জীবনে একবার হলেও অরিগনে যাওয়া যায়, সেই গাড় নীল সুন্দরের নাম ক্রেটার লেক। তার রাজসিক রূপ নিঃসন্দেহে অরিগনের মাথার মুকুট হয়ে আছে। ",,,,,
অনেক দিন ধরে অরিগনে বেড়াতে যাব ভাবছিলাম। বন্ধুবান্ধব ও আত্মীয়স্বজনের কাছ থেকে দেখা ছবি আর এর বিশাল প্রাকৃতিক ভান্ডারের গল্প আগেই জানা ছিল। সেই সঙ্গে ছিল পৃথিবীর সুন্দর জায়গাগুলো ঘুরে দেখার শখ। হাইকিং ও কায়াকিং দুটিই এখন পছন্দের তালিকায় প্রথম দিকে থাকে।,,,,,
"স্থান নির্বাচনের পাশাপাশি ছুটি উপভোগ্য করাটাও বেশ গুরুত্বপূর্ণ। বিশেষ করে জায়গাটা যদি হয় নৈসর্গিক, তবে পরিকল্পনাটাও হতে হয় একটু ব্যতিক্রম।",,,,,
"যারা বিনা মূল্য চিকিৎসা সেবা পায়, তাদের জন্য নির্দিষ্ট পরিমাণ অর্থ নির্ধারিত থাকে।",,,,,
" কারা ফ্রি চিকিৎসার আওতাভুক্ত এবং কারা নয়—এই সম্পর্কে লিখতে গেলে অনেক দীর্ঘ হয়ে যাবে লেখা। শুধু এটুকু বলা যায়, নিম্ন মধ্যবিত্তরাই ফ্রি চিকিৎসা সেবা পেয়ে থাকেন।",,,,,
" তা ছাড়া এক পরিসংখ্যানে দেখা গেছে, পৃথিবীতে ভুল চিকিৎসার কারণে সবচেয়ে বেশি রোগী মারা যায় আমেরিকাতেই।",,,,,
বাংলাদেশে ট্রাফিক জ্যাম এক বিরাট সমস্যা। নিউইয়র্কেও কিন্তু ট্রাফিক জ্যাম হয়। বাংলাদেশের মতো এত ভয়াবহ না হলেও খুব যে আরামদায়ক তা নয়।,,,,,
ট্রাফিক স্কোরকার্ড প্রকাশের জন্য বিখ্যাত প্রতিষ্ঠানটি ২০১৭ সালে ১ হাজার ৬৪টি শহরের ওপর গবেষণা চালায়। ইনরিক্সের পরিসংখ্যানে যানজটের জন্য বিশ্বের শীর্ষ ১০ শহরের তালিকায় রয়েছে আমেরিকারই চারটি শহর।,,,,,
সপ্তাহের শনি ও রোববার ট্রেন চলাচল খুব ধীর গতির হয়। সবগুলো রুটে বন্ধ থাকে এক্সপেস ট্রেন। নিউইয়র্ক নগরীর প্রায় প্রতিটি সাবওয়ে (ট্রেন স্টেশন) লাইনে প্রতি বছর কাজ লেগেই থাকে।,,,,,
জরুরি প্রয়োজনে হাসপাতালে গেলে ঘণ্টার পর ঘণ্টা বসে থাকার পর চিকিৎসক এসে আপনাকে দেখবে। কখনো কখনো ৭-৮ ঘণ্টা লেগে যায়। ,,,,,
"নিউইয়র্ক কি সবার জন্য নিরাপদ? ব্রঙ্কস, ব্রুকলিনের অনেক জায়গায় সাধারণ মানুষ যেতে ভয় পায়। কেউ কেউ আছেন, ব্রঙ্কসের নাম শুনলেই ভয় পান। আসলেই ভয় পাওয়ার মতো বিষয়। এসব জায়গায় দিনে-দুপুরে আপনার ওপর হামলার আশঙ্কা রয়েছে।",,,,,
"সেফটি রেটিং নিয়ে কাজ করা ওয়েবসাইট সেফঅ্যারাউন্ড-এর রেটিং এ বিশ্বের সবচেয়ে নিরাপদ দেশ আইসল্যান্ড। ওই তালিকায় আমেরিকার অবস্থান ৪৯তম, যা আফ্রিকার দেশ ঘানারও নিচে।",,,,,
 ইদানীংকালে ‘হেট ক্রাইম’-এর সংখ্যা ক্রমশ বাড়ছে। এ ধরনের অপরাধের শিকার হয়ে নিহতদের মধ্যে বাংলাদেশিদের নামও রয়েছে।,,,,,
"২০০৯ সালে যখন বিশাল অর্থনৈতিক মন্দার মধ্যে পতিত হয় দেশটি, তখন গ্যালাপ সূচকে দেশটির ৫০টি অঙ্গরাজ্যের মাঝে মাত্র ১৫টির সূচক ছিল নিম্নমুখী। অর্থাৎ, সেসব প্রদেশের মানুষ তাদের জীবনযাত্রার সার্বিক দিকগুলো নিয়ে সন্তুষ্ট নন। ",,,,,
তবে যুক্তরাষ্ট্র সরকার বেশি চিন্তিত হবে ক্রিটিক্যাল অবস্থায় পৌঁছে যাওয়া ২১টি অঙ্গরাজ্য নিয়েই। মিসিসিপ আর লুইজিয়ানার মতো দরিদ্রতম অঙ্গরাজ্যের নাম দেখে হুট করে বলে দেয়া যাবে না যে অর্থনৈতিক সমস্যা এখানকার বড় সমস্যা। কেননা এ তালিকায় নাম রয়েছে নেভাডার মতো ধনী আর সম্পদশালী অঙ্গরাজ্যেরও।,,,,,
"এখানকার মানুষ তাদের দৈনন্দিন জীবন নিয়ে সন্তুষ্ট নয়, তারা বিষণ্নতায় ভুগছে, শারীরিক ও মানসিকভাবে অবসাদগ্রস্ত, পারিবারিক বন্ধন অনেকাংশেই দুর্বল, সামাজিক বন্ধন থেকে প্রায় বিচ্ছিন্ন! ",,,,,
"গবেষক শার্লট ম্যালেন্ডার বিশেষ পদ্ধতিতে জীবনযাত্রার বিভিন্ন ধাপে ১ থেকে -১ পর্যন্ত  সাংখ্যিক পরিমাপ করেছেন সবচেয়ে অসুখী অঙ্গরাজ্যগুলোতে। এখানে দেখা যাচ্ছে, অধিক আয় সুখী থাকার খুব বড় নিয়ামক নয়। বরং লেখাপড়া আর ভ্রমণ সহজলভ্য হলেই মানুষ অধিক সুখী মনে করছে নিজেদের।",,,,,
"অসুখী মানুষের সংখ্যা বেশি কৃষ্ণাঙ্গদের মাঝে, ধার্মিক মানুষ আর শ্রমজীবীদের মাঝে। ",,,,,
অর্থনৈতিকভাবে সমৃদ্ধ দেশ আমেরিকার মানুষের ধীরে ধীরে অসুখী হয়ে ওঠার কারণ খুঁজতে গিয়ে গবেষকরা প্রথমেই বলেছেন ‘আমেরিকান ড্রিমস’ এর কথা। ,,,,,
"মাসে ৫০ হাজার ডলার আয় করা লোকটি স্বাচ্ছন্দ্যে জীবন চালিয়ে নিতে পারে। কিন্তু কয়েক বছর পর যদি তার আয় বৃদ্ধি না পায়, তাহলে সে অসন্তুষ্ট হয়ে পড়ে, যদিও তার আয় তার জীবনধারণের জন্য যথেষ্ট। ঠিক এ ব্যাপারটিই ঘটছে আমেরিকানদের ক্ষেত্রে।",,,,,
"প্রতিযোগিতা আরেকটি অত্যন্ত গুরুত্বপূর্ণ কারণ, যা অর্থনৈতিক অগ্রগতির সাথে সম্পর্কিত, তা সম্পৃক্ত আরো অনেক কিছুর সাথে। ",,,,,
" ১৯৮০’র দশক থেকে আমেরিকায় নব্য উদারবাদ প্রসার লাভ করতে শুরু করে। ফলে পুঁজিবাদ ব্যাপকভাবে শক্তিশালী হয়। আর এই পুঁজিবাদী কাঠামোর মূলে রয়েছে জাতীয় পর্যায়ে অর্থনৈতিক প্রবৃদ্ধি এবং ব্যক্তি পর্যায়ে অর্থনৈতিক অগ্রগতি। বাজার ব্যবস্থা হয়ে ওঠে যেকোনো সময়ের চেয়ে অধিক প্রতিযোগিতামূলক আর তা মানুষকে ঠেলে দেয় এক অসীম প্রতিযোগিতার মাঝে, যেখানে চূড়ান্ত অগ্রগতি বলতে কিছু নেই।",,,,,
"ফলে জীবনের প্রতিটি ক্ষেত্রেই আমেরিকানরা অর্থনৈতিকভাবে ভাবতে শুরু করলো, অধিক প্রতিযোগিতায় নিমজ্জিত হয়ে ব্যক্তিজীবন, পারিবারিক বন্ধন এসব ধীরে ধীরে শিথিল হলো। ",,,,,
" মার্কিন সমাজে (পৃথিবীর সর্বত্রই ঘটছে) যৌথ পরিবার এখন আর নেই বললেই চলে। পুঁজিবাদী সমাজ কাঠামোয় যৌথ পরিবারের ধারণাটিই আসলে অচল। মানুষের পারিবারিক বন্ধন, আবেগ অনুভূতিগুলো এখানে অর্থহীন।",,,,,
"বিচ্ছিন্ন জীবনে অভ্যস্ত একাকী কেবল বয়স্করাই হন, এ ধারণা ভুল। চরম প্রতিযোগিতামূলক অর্থনৈতিক কাঠামোতে টিকে থাকতে আমেরিকানরা পরিবার, পাড়া-প্রতিবেশী ছেড়ে পাড়ি জমাচ্ছে নতুন নতুন কর্মক্ষেত্রে, যা তাদেরকে বিচ্ছিন্ন করে দিচ্ছে। ",,,,,
ভাবা যায়? একটি দেশের প্রতি ১০০ জন মানুষের ৪০ জনই বলছেন যে তারা একাকিত্ব বোধ করেন! আর এর প্রভাব পড়তে শুরু করেছে বাজারেও।,,,,,
"জনমনে অশান্তির অন্যতম কারণ হচ্ছে সরকার, যারা নিজেরাই বিশৃঙ্খল হয়ে আছে।",,,,,
"দেশের মানুষ প্রায় প্রতিটি ক্ষেত্রে স্পষ্টভাবে দ্বিধাবিভক্ত। ডেমোক্রেট বনাম রিপাবলিকান, ড্রাগ বৈধকরণ বনাম ড্রাগ নিষিদ্ধকরণ, ডানপন্থী বনাম বামপন্থী, অস্ত্র অধিকারের সমর্থক বনাম অস্ত্রের অধিকার রহিতকরণের সমর্থক, ধার্মিক বনাম অধার্মিক, যুদ্ধবিরোধী বনাম যুদ্ধের সমর্থক ইত্যাদি ভাগে বিভক্ত মার্কিনরা প্রায় কোনো ক্ষেত্রেই আর সমস্বরে কথা বলতে পারছে না।",,,,,
বর্ণপ্রথা নিয়ে তো নতুন করে কিছু বলার নেই। আমেরিকার বহু পুরনো রোগ এই বর্ণপ্রথা। সাথে আছে লিঙ্গ বৈষম্যও। ,,,,,
একজন কৃষ্ণাঙ্গ একবার কোনো অপরাধে অভিযুক্ত হলে তার বাকি জীবন পুরোটাই নানা প্রকার সুযোগ-সুবিধা বঞ্চিত হয়ে কাটাতে হয়। ফলে এই শ্রেণীর মানুষের অসুখী হওয়াটা অত্যন্ত স্বাভাবিক।,,,,,
"এছাড়াও ধর্মীয় অনুশাসন হ্রাস পাওয়া, সামাজিক প্রথা-প্রতিষ্ঠানগুলোর বিলুপ্তি, শ্রমক্ষেত্রে বিরামহীনতা, খ্যাতিমান ব্যক্তিদের (সেলেব্রিটি) অভিজাত জীবনযাপন দেখে সাধারণে অনুকরণ স্পৃহা, মাত্রাতিরিক্ত প্রযুক্তির ব্যবহারে বাস্তব জীবন থেকে দূরে সরে যাওয়া, স্বাস্থ্য সমস্যা, স্থূলতা সহ মার্কিনদের ক্রমশ অসুখী হয়ে যাবার পেছনে আরো শতাধিক কারণ চিহ্নিত করেছেন গবেষকগণ। ",,,,,
"অনেকেই এককথায় এসকল সমস্যার সমাধান হিসেবে নব্য উদারবাদের বিলুপ্তি ঘোষণা করে দেন, যা আদতে অসম্ভব, কিংবা সম্ভব হলেও দীর্ঘমেয়াদি প্রক্রিয়া। তার চেয়ে বরং প্রতিটি সমস্যার গোড়া থেকে কাজ করলে বিরাজমান অর্থনৈতিক কাঠামোর সাথে খাপ খাইয়ে নেয়া সম্ভব।",,,,,
পৃথিবীর ১০০টির বেশি দেশের মানুষ আমেরিকায় স্থায়ীভাবে বসবাস করে। এত ভাষাভাষীর দেশ বিশ্বের আর কোথাও নেই। এজন্যই আমেরিকাকে ‘ল্যান্ড অব ইমিগ্র্যান্ট’ বলা হয়। ,,,,,
আমেরিকার মোট জনসংখার অর্ধেকের বেশি নারী। ওদেশে নারী-পুরুষের আচার-আচরণ ও কর্মকাণ্ডের মধ্যে তেমন কোনো পার্থক্য নেই। নারীরা পুরুষের মতোই প্রকাশ্যে সিগারেট ও মদ্যপান করে থাকে। ,,,,,
আমেরিকানরা পৃথিবীর অন্য কোনো দেশের রীতিনীতি বা কালচারকে সহজে ফলো করতে চায় না। নিজেদের উদ্ভাবিত নিয়মনীতির ওপর চলাকে আত্মমর্যাদা ও গর্বের ব্যাপার বলে মনে করে।,,,,,
"আমেরিকা পৃথিবীর ধনী দেশগুলোর অন্যতম। রাজনীতি, অর্থনীতি, সামরিক সর্বক্ষেত্রেই রয়েছে আধিপত্য। বলতে গেলে গোটা পৃথিবীটাকেই তারা শাসন করছে।",,,,,
"উন্নত আমেরিকার অতি বুদ্ধিমান মানুষ বুঝতে পারে সংসার অসার এবং কেউ কারও নয়। প্রয়োজনে পরিবার-পরিজন, মায়া-মমতা, স্নেহবন্ধন সবই ত্যাগ করা যায়। একটি মাত্র জীবন, সীমিত সময়। ",,,,,
"নিত্যনতুন প্রেম এদের ডেমোক্র্যাটিক রাইট। নতুন প্রেম, নতুন আশায় বুক ভরে ওঠে। উন্নত দেশে উন্নত মানুষের বাঁচার এটা একটা স্টাইল, একটা পথ।",,,,,
"একটি অংশ আছে যাদের মধ্যে ধর্ম নেই, মাথায়ও ধর্ম নেই। আছে শুধু যৌন প্রেমের ক্ষুধা। প্রেমের তালে তালে এরা জীবনের সব দুঃখ-হতাশা ভুলতে চেষ্টা করে। এরা মনে করে যৌন প্রেম সকল হতাশা ও নিরানন্দ রোগের মহৌষধ।",,,,,
"যৌবনের উন্মাদনা শেষ হওয়ার সঙ্গে সঙ্গে জীবন হয়ে ওঠে নিঃসঙ্গ, দুর্বিষহ। স্ত্রী, ছেলেমেয়ে হয়ে যায় বিচ্ছিন্ন। ফলে বৃদ্ধ বয়সটা হয়ে দাঁড়ায় বড়ই করুণ, উপেক্ষিত। এ সময় শুধু পোষা কুকুরই থাকে নিঃসঙ্গ জীবনের একমাত্র সঙ্গী।",,,,,
আমেরিকার সমাজ ও জীবনাচার বড়ই অদ্ভুত। সেদেশের তরুণ-তরুণীরা বিয়ের পরিবর্তে একসঙ্গে বসবাস অর্থাৎ লিভ টুগেদারের পক্ষপাতী। বিয়ে এখন অনেকটা সেকেলে হয়ে গেছে। পূর্বসূরিদের মতো বিয়ে করার চেয়ে খোলামেলা স্বাধীন জীবনযাপনের প্রতিই তারা বেশি আকৃষ্ট।,,,,,
"টেলিভিশনে জেরিস স্প্রিং শোতে প্রায়ই দেখা যায়, মেয়ের বয়ফ্রেন্ডের সঙ্গে মা শয্যাসঙ্গিনী হচ্ছে। মেয়ে এর প্রতিবাদ করলে মা মেয়েকে তার নিজ ফিগারের প্রতি যত্নশীল হওয়ার জন্য পরামর্শ দিচ্ছে। ",,,,,
"আমেরিকার মতো উন্নত দেশের উদার সমাজব্যবস্থার তুলনায় অনুন্নত দেশের সমাজব্যবস্থা অনেকটাই কঠিন বিধায় সবকিছুরই রয়েছে যথেষ্ট সীমাবদ্ধতা। অনুন্নত দেশের মানুষ যখন আমেরিকার মতো বিশাল দেশে এসে পড়ে তখন মুক্ত হরিণের মতো বিচরণ করে তারা। নেই কোনো বাধা, নেই কোনো বন্ধন, এ যেন স্বপ্নের দেশ। নারী-পুরুষ সবাই পৃথিবীর সবচেয়ে শক্তিশালী কারেন্সি ডলার উপার্জন করে বিধায় কেউ কাউকে পরোয়া করে না।",,,,,
"আমেরিকায় প্রকাশিত বিভিন্ন সাপ্তাহিক বাংলা পত্রিকায় প্রায়ই দেখা যায় যে, প্রবাসী বাংলাদেশীদের পরিবার ভেঙে যাওয়ার সমস্যা ক্রমশ বৃদ্ধি পাচ্ছে। কাজের চাপে বাবা-মা সন্তানের সঠিক খোঁজ-খবর নিতে পারছে না।",,,,,
"জীবনযাত্রার মান সেদেশে উঁচু, দৈনন্দিন সুযোগ-সুবিধা অনেক বেশি, কিন্তু এটুকু বাদ দিলে সর্বক্ষেত্রে রয়েছে অবিরাম সংগ্রাম ও প্রতিযোগিতা।",,,,,
"আমেরিকায় ট্রান্সফার স্টুডেন্ট হয়ে এসেছিলাম ছাত্রাবস্থায়-- এসে পোর্টফোলিও বানানো, ইউনিভার্সিটি তে আ্যপ্লাই কত কাজ,.. দিনগুলো দ্রুত চলে যাচ্ছিল।",,,,,
প্রথম সেমেস্টার ভালভাবে যাবার পরে পুরো সামার অখন্ড অবসার! অবশ্য একটা পার্ট টাইম কাজ করতাম এক প্রফেসরের ফার্মে..সেখানে ঘন্টায় সেই সময় পেতাম ৭ ডলার!..তাতেই কি খুশি আমি..খুব সুন্দর ছিল প্রফেসরের ফার্ম কাম বাসাটা! ,,,,,
"একবার সেই ফার্মে কাজ করা কালিন অবস্থায় একটা দূর্ঘটনা ঘটে গেল (আমি সামার ইনটার্ন বলে মাঝে মঝে অদ্ভুত কিছু কাজও করতে হত--যেমন, মেটেরিয়াল স্যাম্পল, বইপত্র এসব বেসমেন্ট থেকে টেনে সিড়ি দিয়ে ২তলায় তুলতাম!..খুব কস্টও হত) হ্যাজব্যান্ড এর কাছে কমপ্লেইন দিলে ও বলত, --কস্ট করে এই সামারটা কাজ কর, রেজুমি/ সিভি তে দেখাতে পারবে যে, আর্কিটেক্টের ফার্মে কাজ করেছ ",,,,,
"অন্ধকার আ্যপার্টমেন্টে কি যে ভয় পেয়েছিলাম সেদিন, সেই সন্ধ্যায়!..এর পরে থেকে কাজে যাওয়া বন্ধ! খুব অভিমানী ছিলাম বটে!",,,,,
ষেই সামারে খুব টিভি দেখতাম..প্রায় সারাদিন! বিকালের দিকে রান্নাবান্না করতাম--দুজন মানুষের আর কত খাবার লাগে!,,,,,
"বেভারলি হিলস ৯০২১০---আমার খুবই প্রিয় সিরিজ ছিল, ঐ শোএর ছেলেমেয়েদের মত আমারও খুব ফাংকি জীবন যাপন করতে ইচ্ছে করত আর লস আ্যন্জেলেসে চলে যেতে মন চাইত!",,,,,
"ফ্রেস প্রিন্স অফ বেল এয়ার-- এটাও আমার পছন্দের সিরিজ! আর এর মেইন কমেডীয়ান চরিত্রের উইল স্মিথকে কে না জানে!
উইল স্মিথের ইরিটেটিং কাজিন টাকেও খুব ভাল লাগত!",,,,,
"আসলে আমি অবচেতন মনে আমেরিকান স্কুল লাইফ টা খুব ভালবাসতাম, আমার এক রকমের অবসেসন ছিল!",,,,,
"‘স্বপ্নের দেশ’ আমেরিকা। যে নামটি শুনলে সবার চোখে ভেসে ওঠে আলো ঝলমলে সব শহর। নিউইয়র্ক, লাস ভেগাস, লস অ্যাঞ্জেলেস, ওয়াশিংটন ডিসি। অনেকের চোখে পৃথিবীর সবচেয়ে সুন্দর ও শান্তিময় দেশ যুক্তরাষ্ট্র। স্বপ্ন দেখেন, সেখানে বসবাসের।",,,,,
"কিন্তু আলোর নিচেই যেমন অন্ধকার। যুক্তরাষ্ট্রের অবস্থাও ঠিক তেমনি। স্বপ্নের দেশেও রয়েছে অন্ধকার এক জগত। যে জগতের বেশিরভাগই দরিদ্র, অপরাধ ও মাদকের দখলে।",,,,,
"দরিদ্রের কথাই যদি ধরি, সবশেষ হালনাগাদ এক মার্কিন পরিসংখ্যান অনুযায়ী যুক্তরাষ্ট্রে দারিদ্র্যসীমার নিচে বসবাসকারী মানুষের সংখ্যা ৪ কোটি। তাদের মধ্যে প্রায় দুই কোটি মানুষ রয়েছে চরম দারিদ্র্যের কবলে।",,,,,
"যুক্তরাষ্ট্রের আদমশুমারি ব্যুরোর সর্বশেষ প্রতিবেদন অনুসারে, দেশটিতে মোট দারিদ্র্যের সংখ্যা প্রায় ৪ কোটি। যা মোট জনসংখ্যার ১১.৬ শতাংশ। জিডিপির পরিপ্রেক্ষিতে আমেরিকা বিশ্বের সবচেয়ে ধনী দেশ হিসেবে প্রথম স্থানে থাকা সত্ত্বেও এমন অবস্থা।",,,,,
"বাংলাদেশে যেমন রাস্তার পাশে অসংখ্য হতদরিদ্র মানুষ দেখা যায়। একইভাবে যুক্তরাষ্ট্রের বিভিন্ন রাস্তায়ও দেখা মেলে হতদরিদ্র মানুষের। যাদের বাসস্থান নেই, রাস্তার রাস্তায় জীবন কাটাতে হয়। শুধু হতদরিদ্র নয়, দেখা মেলে ভিক্ষুকেরও।",,,,,
দেশটির সবচেয়ে পরিচিত সামাজিক সমস্যা বর্ণবাদ। সাধারণ মানুষ থেকে আইন প্রয়োগকারী সংস্থা সবার মাঝেই রয়েছে বর্ণবাদী আচরণ। আর প্রতি বছরই এই বর্ণবাদ সহিংসতায় প্রাণ হারায় অসংখ্য মানুষ।,,,,,
"রাইসুল আর তার স্ত্রী ছোট থেকেই মেয়েদেরকে ইসলামী ভাবধারায় বড় করার চেষ্টা করেছিল কিন্তু আমেরিকার শক্তিশালী সংস্কৃতির কাছে সেই চেষ্টা হার মেনেছে। আমেরিকার সংস্কৃতিতে বেড়ে ওঠায় মেয়েরা স্বাভাবিক ভাবেই সেই সংস্কৃতি পুরোপুরি আত্মস্থ করে ফেলেছে। মেয়েরা নিজেদের চাকুরী, রাতভর উইকেন্ড পার্টি আর বয়ফ্রেন্ডদের নিয়ে ভোগবাদী আমেরিকান স্টাইলে জীবন যাপন করছে।",,,,,
"আমেরিকাতে বেশির ভাগ ছেলে-মেয়েরা  হাইস্কুল সুইট হার্টকে বিয়ে করে ফেলে। বিশেষ করে যারা ব্যাচেলর ডিগ্রি পর্যন্ত পড়ে  প্রাতিষ্ঠানিক পড়াশোনার পাঠ চুকায় তারা এর বেশি পড়াশোনা করতে চায় না, তাড়াতাড়ি সংসার জীবনে প্রবেশ করে। ",,,,,
"উচ্চশিক্ষার জন্য যারা বিশ্ববিদ্যালয়ে গবেষণা করে তাদেরকে বিয়ের ব্যাপারটা পিছিয়ে রাখতে হয়, বড়জোর পড়াশোনার সময়টা গার্লফ্রেন্ডের সাথে থাকা যায়, এ সময় তারা পূর্ণাঙ্গ পারিবারিক জীবন, বিয়ে, সন্তান ইত্যাদি ব্যাপারে জড়ায় না। ",,,,,
"আজকাল দেশে-বিদেশে সব জায়গাতেই বিয়েতে প্রচুর খরচ,জীবনের সর্বত্র নিয়ম মেনে চলা আমেরিকান সমাজে  বিয়ের অনুষ্ঠান করার জন্য অনেক পরিকল্পনা দরকার হয়। তারপরে সঠিক পার্টনার না হলে কিছুদিনের মধ্যে ‘লাইফ হেল’ হয়ে যাবার সম্ভাবনা থাকে।",,,,,
কেউ যখন নিজে ‘ব্রোকেন ফ্যামিলি’তে বড় হয় তখন পারিবারিক জীবন শুরু করার ব্যাপারে তাদের মধ্যে একটা ভয় কাজ করে। না জানি তার সংসারও তার বাবা-মায়ের মত ভেঙে যায়। ফলে প্রেম করলেও সহজে কেউ বিয়ের পিঁড়িতে বসতে চায় না।,,,,,
 যাই হোক মেয়েদের ব্যাপারে পিএইচডি স্টুডেন্টদের মতামত ভাল ছিল না। এ সময়টা অনেকে আবার নারীবিদ্বেষী হয়ে যায়। ,,,,,
"আরেকটা ব্যাপার হলো সুন্দরী, ভাল বংশের মেয়েটা স্কুলে থাকতেই নানাজনের নজরে পড়ে ফলে তারা আগে থেকেই বুকড হয়ে যায়।",,,,,
"আমেরিকার মেয়েদের নিয়ে আমার আগ্রহ দেখে শাদা বন্ধুরা বলত, “ইউ ক্যান হ্যাভ দেম, রাইট। বাট মোস্ট অফ দেম হ্যাভ নাথিং টু অফার ইউ।”   পরে আমি দেখলাম আসলেই তাই, বেশিরভাগের ভূগোলের জ্ঞান সামান্য, বাংলাদেশ কোথায় এটা ব্যাখ্যা করতে অনেক সময় লাগে।",,,,,
"নিজেদের ছোট গন্ডী, চার্চ ব্যবস্থা, স্থানীয় খেলা-ধুলা, জনজীবনের বাইরে অন্যান্য বিষয়ে আমেরিকানদের আগ্রহ খুবই কম।",,,,,
"বিশ্বের সব জায়গা থেকে মানুষ দলে দলে আমেরিকায় আসছে, সুতরাং তাদেরকে কষ্ট করে জানার কোন প্রয়োজন নেই। ",,,,,
"অনুন্নত বিশ্বের কারো প্রতি আমেরিকানদের আচরণ তাই চ্যারিটির, তাদের সব সময় তারা নীচু চোখে দেখে।",,,,,
"প্রথমত, এসব জানা তাদের জীবনে কোন প্রভাব ফেলে না, দ্বিতীয়ত, জাতিগত অহংকার। বিশ্বের সব জায়গা থেকে মানুষ দলে দলে আমেরিকায় আসছে, সুতরাং তাদেরকে কষ্ট করে জানার কোন প্রয়োজন নেই। তারা এখনও মনে করে আমেরিকা বিশ্বের সেরা দেশ, তা না হলে মানুষ কেন এখনও আসছে। তৃতীয়ত, পুঁজিবাদী সমাজে মানুষের অবসর সময় কম, তাকে সবসময় ডলারের পেছনে দৌড়াতে হয়।",,,,,
শাদা-কালোর বাইরে ধর্মীয় পরিচয়ও বিয়ের সময় সিদ্ধান্ত নিতে খুবই প্রভাবশালী ভূমিকা নিয়ে থাকে। বিশেষ করে সামাজিক স্বীকৃতি এবং আর্থিক সুবিধা নিশ্চিত করতে বেশিরভাগ মানুষ বিয়ের সময় বেশি এডভেঞ্চারাস হতে চায় না।,,,,,
"শাদাদের মাঝে বিয়ের পাত্রী হিসেবে চিনা,কোরিয়ান মেয়েদের চাহিদা বেশি। এতে কয়েকটা বিষয় কাজ করে, প্রথমতঃ চিনদেশে ধর্মীয় শিক্ষা দেয়া হয় না, ফলে খুব সহজে তারা নতুন ধর্মে দীক্ষিত হতে পারে। দ্বিতীয়তঃ তাদের খাবার-দাবার বা সাংস্কৃতিক বিষয়গুলো নিয়েও কোন ধরনের প্রেজুডিস বা সংস্কার নেই, খুব সহজে তারা ভিন্ন কালচারকে আপন করে নিতে পারে।",,,,,
বাঙালি অনেক ছেলে আছে যাদের শাদা মেয়ে পছন্দ। কিন্তু সব শাদা মেয়ে সমান না। শাদা মেয়েটি যদি মিনিমাম মধ্যবিত্ত ফ্যামিলি থেকেও আসে তাহলে সে শাদার বাইরে কারো সাথে সম্পর্ক করবে না।,,,,,
ভালো এবং শিক্ষিত পরিবারের মেয়েও বাদামী ছেলের ব্যাপারে আগ্রহী হতে পারে কিন্তু সেক্ষত্রে ছেলেটিকে এক্সট্রা -অর্ডিনারী হতে হবে।,,,,,
"জীবনের সব প্রথমই মানুষ মনে রাখে। স্বাদ-বিস্বাদ যা-ই হোক। প্রথম বিস্বাদ যত তীব্র হয়, স্বাদ তত মজার হয় না। এজন্য বার বার ফিরে পেতে চায়। পায়ও। সারাজীবনেও আর সেই প্রথমকে ভুলতে পারে না। পঞ্চমবার আমেরিকায় এসে প্রথমবারের কথাই বেশি মনে পড়ছে।",,,,,
অনেক বাঙালী পরিবার বসত গেড়েছে এখানে। অনেকে দেশে সব বিক্রি করে দিয়ে আমেরিকান হয়ে গেছে। কেউ কেউ বাড়ি-গাড়ি করেছে। আবার কারো ভাড়া বাড়িতেই কাটছে জীবন।,,,,,
বুয়েটের অনেক ইঞ্জিনিয়ার আছেন। তাদের অবস্থা তুলনামূলক ভালো। চাকরি না থাকলে তাদের অবস্থাও কাহিল হয়ে যায়। বউ ছাড়া থাকতে পারলেও এদেশে চাকরি ছাড়া থাকা যায় না। আবার চাকরি খুব ভালো হলে বউ হারানোর সম্ভাবনা বেড়ে যায়।,,,,,
"আমেরিকায় অনেকগুলো স্টেট; পঞ্চাশটি। এর মধ্যে নিউইয়র্ক ব্যতিক্রম। মুসলমানদের সংখ্যা, মসজিদ-মাদরাসা বেশি। উলামায়ে কেরামও অনেক। অন্য শহরগুলোতে এরকম নেই। এদেশ অনেক বড় দেশ। শুধু নিউইয়র্ক শহর দেখলে দেশ বোঝা যায় না। ",,,,,
নিউইয়র্ক : নিউইয়র্ক অথবা ওয়াশিংটনে ৪ সদস্যের পরিবারের জন্যে যত অর্থ প্রয়োজন তার অর্ধেক ব্যয়ে আরো স্বাচ্ছন্দে বাস করা যায় টেনেসীর মরিসটাউনে।,,,,,
যুক্তরাষ্ট্রের বিভিন্ন অঙ্গরাজ্যে ১৪০টিরও অধিক সিটি রয়েছে যেগুলোতে বার্ষিক ৬০ হাজার ডলারের কম আয় করেও বাস করা যায় পরিবার-পরিজন নিয়ে।,,,,,
নিউইয়র্ক মেট্র এলাকা এবং টেনেসীর মরিসটাউনের ২ কোটি মানুষের দৈনন্দিন জীবন-যাপনের ওপর গভীর পর্যবেক্ষণের পর জীবন-যাপনে বিরাট ব্যবধানের উদ্বেগজনক তথ্য উদঘাটিত হয়েছে।,,,,,
"অনেকের ধারণা যে, মিসিসিপি অথবা লুইঝিয়ানায় বসবাসের জন্যে খুব বেশী অর্থের প্রয়োজন নেই। সবকিছু সস্তায় পাওয়া যাচ্ছে। কিন্তু কাজ করে আয় যদি না হয় তাহলে সে সস্তায়ও পোষায় না। ",,,,,
নিউইয়র্ক সিটিসহ এই অঙ্গরাজ্যের ৫ সিটির জীবন-যাপনের ব্যয় সবচেয়ে বেশী। এসব সিটিতে ৪ সদস্যের একটি পরিবারের বাসা ভাড়া বাবদ দরকার বার্ষিক ১৭২৮০ ডলার।,,,,,
"কথায় বলে স্বপ্নের দেশ আমেরিকা, এ ল্যান্ড অফ অপরচুয়িনিটি। কথাটা পুরোপুরি না হলেও অনেকটাই সত্য।",,,,,
"প্রথম আমেরিকায় ধনীরা নির্লজ্জভাবে আরও ধনী হচ্ছেন, তাঁদের জন্য এত ভালো সময় আর কখনো আসেনি। অন্যদিকে দ্বিতীয় আমেরিকায় সংখ্যাগরিষ্ঠ মানুষ মাসিক বেতনের ওপর নির্ভর করে কোনোভাবে বেঁচেবর্তে আছেন। জীবনের সবচেয়ে মৌলিক চাহিদা—খাদ্য, স্বাস্থ্যসেবা, বাসস্থান আর শিক্ষার ব্যয় মেটাতে তাঁদের হিমশিম খেতে হচ্ছে।",,,,,
"এরপর দ্বিতীয় আমেরিকা, যেখানে আমাদের বিপুল সংখ্যাগরিষ্ঠ অংশের মানুষ বসবাস করেন। তাঁদের জন্য অর্থনীতি শুধু ভেঙে পড়েনি; বরং ধ্বংসের পথে।",,,,,
"প্রত্যেকেরই একটি মানসম্মত শিক্ষার সুযোগ থাকা উচিত। আজ আমাদের শিশুসেবাব্যবস্থাটি ভেঙে পড়েছে, আর সেটি অত্যন্ত ব্যয়বহুল। ",,,,,
"যদি আমরা নিজেদের ট্রাম্প এবং তাঁর অলিগার্ক বন্ধুদের দিয়ে বিভক্ত হতে না দিই, তাহলে আমরা যে পথে যাচ্ছি, সেই পথটা বদলে দিতে পারি। এখানে আপনার পছন্দটা স্পষ্ট। চলুন, একসঙ্গে দাঁড়াই গণতন্ত্র ও ন্যায়ের পক্ষে।",,,,,
সময়ের চাকা ঘুরতে ঘুরতে একসময় সবই থেমে যাবে। ইতিহাসের পৃষ্ঠা উল্টে যাবে। নতুন ইতিহাস আসবে। কিন্তু আমেরিকা কিছুই সংযোজন করতে পারবে না।,,,,,
" অনেকেই বলেন বিদেশে আসার পর প্রথম একটা বছর নাকি অনেক কঠিন, কারণ এই সময়টায় কষ্ট সবচেয়ে বেশি লাগে, সবচেয়ে বেশি সংগ্রাম করতে হয়, নতুন পরিবেশের সাথে খাপ খাইয়ে নিতে অনেক সংগ্রাম করতে হয়। ",,,,,
"দেশের জন্য, পরিবারের সদস্যদের জন্য, আপনজনদের জন্য, বন্ধু বান্ধব, চেনা মানুষ, চেনা পরিবেশের জন্য মনটা কাঁদে। এই অনুভূতিটা আসলে কেবলমাত্র একজন প্রবাসীর পক্ষেই অনুভব করা সম্ভব।",,,,,
আমি বর্তমানে আছি ফ্লোরিডাতে যার রাজধানী হচ্ছে টালাহাসি/ঠালাহাসি। মোট জনসংখ্যার বিশাল অংশই হচ্ছে কিউবান অভিবাসী যাদের বেশিরভাগই দীর্ঘ সময় ধরে এই দেশে থাকার পরেও ইংরেজিতে একটা দুইটা বাক্য ছাড়া আর কিছুই জানে না।,,,,,
"ফ্লোরিডা রিপাবলিকানদের শক্তিশালী ঘাঁটি, অসম্ভব রকমের সুন্দর এবং মনোমুগ্ধকর একটা জায়গা। বিশ্বের সবচেয়ে আলোচিত এবং আকর্ষণীয় সব সমুদ্র সৈকত, ডিজনী ওয়ার্ল্ড, ইউনিভার্সাল স্টুডিও, NASA এর লাঞ্চিং প্যাড ছাড়াও অনেক বিশ্বখ্যাত স্থাপনা, প্রচুর গাছপালা, বড়ো বড়ো পার্ক, উদ্যান আর পরিস্কার পরিচ্ছন্ন, ঝকঝকে তকতকে রাস্তাঘাট।",,,,,
"রাতের ২টা ৩টা বাজে রাস্তা সম্পূর্ন ফাঁকা থাকলেও রেড লাইটে কেউ গাড়ি টান দিয়ে চলে যান না, অপেক্ষা করেন সবুজ লাইটের জন্য। নির্দিষ্ট জায়গা ছাড়া মানুষজন যদি রাস্তা পার হয় এবং পুলিশ যদি দেখতে পারে তবে ডাক দিয়ে এনে হাতে টিকেট (জরিমানা) ধরিয়ে দিয়ে যাবে।",,,,,
ফ্লোরিডা আসার পর প্রথমবার সবচেয়ে অবাক হয়েছিলাম এখানকার আবহাওয়া দেখে। এ যেন দেশ থেকে হাজার হাজার মাইল দূরে সম্পূর্ন আরেক টুকরো বাংলাদেশে। প্রচন্ড গরম থাকে সব সময়। ,,,,,
আছে অসংখ্য কৃষ্ণচূড়া আর জারুল গাছ। কৃষ্ণচূড়া ফুল ফোটার সময় চারপাশটা লাল আগুনরঙা হয়ে থাকে। আর দেখতে পাবেন পাম গাছ। সৌদি আরবের মত সব জায়গায় খালি পাম গাছ আর পাম গাছ।,,,,,
"সময়ের সাথে সাথে এই নগরীতে সারি সারি পাম গাছগুলোও বেড়ে ওঠে, কৃষ্ণচূড়া আর জারুল গাছে ফুল ফোটে এবং বেলাশেষে ঝরেও যায়। আর এর মধ্যেই বদলাতে থাকে বহু বর্ণের, বহু গোত্রের, বহু ধর্মের, বহু জাতির, বহু সংস্কৃতির সংমিশ্রণে গড়ে ওঠা এ বর্ণিল নগরীর ঘড়ির কাঁটা, ক্যালেন্ডারের পাতা।",,,,,
"বেশ কিছু কিউবান, জ্যামাইকান, মেক্সিকান ছাড়াও ল্যাটিন আমেরিকার আরও বিভিন্ন দেশের বিভিন্ন বয়সের মানুষেরা হৈ-হুল্লোরে, আনন্দে উল্লাসে মেতে আছে, আগুন জ্বালিয়ে বার বি কিউ পার্টি করছে।",,,,,
"উৎসবমূখর, কলকাকলী মুখর মুখগুলোর মাঝে কেনো যেন তাঁর নিজেকে বড় বেশী বেমানান ঠেকল। কেনো যেন ওদের জীবনকে খানিকটা ঈর্ষাও হলো হঠাৎ। তারা ভরা রাতের আকাশের দিকে তাকিয়ে বিড়বিড় করে অনেকদিন পর নিজের মায়ের নাম ধরে ডুকড়ে কেঁদে ওঠেন তিনি।",,,,,
"আমেরিকার অর্ধেকেরও বেশি শিশু অপুষ্টির ঝুঁকিতে আছে। এককথায় গড় মৃত্যুহার, শিশু মৃত্যুহার, মাতৃমৃত্যুহার, স্থূলতার হার, পুষ্টিহীনতা, শিক্ষিত হবার হার, শিশু দারিদ্র্য, গৃহহীন মানুষের সংখ্যা, আয় বৈষম্য, আত্মহত্যার হার ইত্যাদি ক্ষেত্রে আন্তর্জাতিকভাবে স্বীকৃত ‘মৌলিক অধিকার পরিমাপক’ এ যুক্তরাষ্ট্র অনেক পিছিয়ে।",,,,,
" বাংলাদেশ আর আমেরিকার আবহাওয়া এক না। ওদের কাপড় বেশিরভাগই তৈরি হয় Breathable হিসাবে, মানে ধরেন শীতকালে ঐ কাপড় পড়লে শীত লাগবে না, কিন্তু ঘামবেনও না।",,,,,
"আপনি কম দামে আপনাকে গরম রাখবে এমন অনেক কাপড় কিনে নিয়ে যেতে পারেন, কিন্তু দিন শেষে ঐগুলো আপনাকে সিদ্ধ করে ফেলবে ঘামিয়ে, গরমে। সবমিলিয়ে আমার মতে জামা জুতো সোয়েটার যাই বলেন, আমেরিকার দোকান থেকে কেনা ভালো",,,,,
দেড়শো বছর আগে আমেরিকার কাউবয়দের উঁচু বুটকে জায়গা দিতে জিন্‌সের ঘের বাড়িয়ে দেওয়ার সিদ্ধান্ত নিয়েছিল জার্মান-আমেরিকান জিন্‌স প্রস্তুতকারক লেভি স্ট্রস।,,,,,
"বুটের জন্য জিন্‌সের কাটের এই বদল। তাই নাম হয়েছিল ‘বুটকাট’। সেই জিন্‌স আমেরিকার কাউবয়রা তো পরতেনই, উনিশ শতকে দেখা গেল আমেরিকার নাবিকেরাও অনেকটা একই ধরনের কাটের প্যান্ট পরতে শুরু করেছেন।",,,,,
হাঁটু পর্যন্ত আঁটসাঁট এবং হাঁটুর তলা থেকে প্যান্টের ঘের খানিকটা ছড়ানো। তবে নাবিকেরা সেই নকশায় আরও একটু বদল এনে ঘের একটু বেশি বাড়িয়ে নিলেন। নতুন কাটের প্যান্টের নাম দেওয়া হল ‘বেল বটম’।,,,,,
ছুটিতে ঘোরাফেরা মানেই আমরা সবাই চাই পুরোপুরি একটা রিল্যাক্স সময় কাটাতে। কিন্তু ভুল ফেব্রিক বেছে নিলে আরামের জায়গায় অস্বস্তি চলে আসে। ,,,,,
"ফেব্রিক শুধু আরামের বিষয়ই নয়, বরং স্টাইলেরও বড় অংশ। হালকা কটন, লিনেন বা সুতির পোশাক আপনাকে বিচ বা রিসোর্টের জন্য আরামদায়ক রাখবে, আবার সিল্ক বা উল আপনার পাহাড়ি ভ্রমণে দেবে প্রয়োজনীয় উষ্ণতা। তাই ছুটির গন্তব্য অনুযায়ী সঠিক ফেব্রিক বেছে নেওয়া খুবই জরুরি।",,,,,
"‘ফুড, ওয়াটার,ডেনিম। লেটস গেট ব্যাক টু এসেনসিয়ালস।’ অজ্ঞাতনামা কথকের এই উক্তি জানিয়ে দেয় ফ্যাশন জগতেই শুধু নয়, আধুনিক মানুষের জীবনযাপনের জন্য কতটা গুরুত্বপূর্ণ অনুষঙ্গ ডেনিম জিনস।",,,,,
"জিনসের কথা উঠলেই চোখের সামনে ভেসে ওঠে মেরিলিন মনরো, এলভিস প্রিসলি, মার্লোন ব্রান্ডো কিংবা হালের মার্ক জাকারবার্গ। ভেসে ওঠে গত শতকের ষাটের দশকের হিপি আন্দোলনের কথা, সত্তর বা আশির দশকের পাঙ্ক রক ও হেভিমেটালের কথা।",,,,,
"ডেনিমের কথা এলেই চলে আসে জিনসের কথা। ডেনিম হলো পোশাক তৈরির মূল কাপড়। এই কাপড় দিয়ে বিভিন্ন প্রক্রিয়া শেষে তৈরি করা হয় ব্যবহারের উপযোগী শার্ট, প্যান্ট বা অন্যান্য পোশাক।",,,,,
সাধারণ কাপড়ের সঙ্গে ডেনিমের পার্থক্য রয়েছে। এর গঠন টুইল ওয়েভ নামে পরিচিত। এতে সুতার কোনাকুনি সারি তৈরি হয়। এ ছাড়া ডেনিম তৈরি হয় শতভাগ সুতি সুতায়।,,,,,
 জিনস আসলে শ্রমিকদের পরিধেয় বস্ত্রই ছিল একটা সময় পর্যন্ত। শ্রমজীবী মানুষের ব্যবহারের জন্য মোটা খসখসে কাপড়ের ব্যবহার বেশ প্রাচীন। ,,,,,
"বৈঠকের সময় ক্যাবিনেট রুমে মধ্যাহ্নভোজে ট্রাম্প রসিকতার ছলে জেলেনস্কির পোশাকের প্রশংসা করে বলেন, ‘আমি মনে করি তাকে এই জ্যাকেটটিতে খুব সুন্দর লাগছে, হ্যাঁ, দারুণ! আশা করি সবাই খেয়াল করবে। এটা ভালো, সত্যিই স্টাইলিশ, আমার পছন্দ হয়েছে।'",,,,,
"শুরুর দিকে এই প্যান্টগুলি বাদামি রঙের ক্যানভাস কাপড় দিয়ে তৈরি হত। কিন্তু পরে ডেনিম কাপড়ের ব্যবহার শুরু করা হয়। এই কাপড়ে ইন্ডিগো (নীল) রং ব্যবহার করা হতো। কারণ, এই রং সহজে পাওয়া যেত এবং ময়লা হলেও তা তেমন বোঝা যেত না।",,,,,
আমি আমেরিকায় ও কানাডায় বেড়াতে গিয়ে জিনস ও লং শার্টের সাথেও হিজাব পরেছি। দেশে এখন হিজাব ফ্যাশনের অনুষঙ্গ হয়ে গেছে।,,,,,
"গত আগস্টে ইউরোপীয় কর্মকর্তাদের সঙ্গে যৌথ বৈঠকে জেলেনস্কি তখনও সামরিক পোশাকের বদলে কালো ফরমাল জ্যাকেট, শার্ট ও প্যান্ট পরেছিলেন।  সে সময়ও তার প্রশংসা করেন ট্রাম্প।",,,,,
" সে সময় ইউক্রেনের এ প্রেসিডেন্ট তখন জেলেনস্কি কালো ফুলহাতা পোলো শার্ট ও সামরিক ধরনের প্যান্ট পরে উপস্থিত হন, যা ট্রাম্পসহ কয়েকজন কর্মকর্তার কাছে ‘হোয়াইট হাউজের প্রতি অসম্মানজনক’ মনে হয়েছিল।",,,,,
"আমেরিকার গৃহযুদ্ধের সময় তৈরিকৃত ইউনিফর্মের চাহিদা তৈরি হয়, যা যুক্তরাজ্যের এই শিল্প বিকাশে সহায়ক ভুমিকা পালন করে।",,,,,
আঁটসাঁট প্যান্ট বা লেগিংস পরার কারণে যুক্তরাষ্ট্রের ইউনাইটেড এয়ারলাইন্স থেকে নামিয়ে দেওয়া হয়েছে দুই কিশোরীকে।,,,,,
"যুক্তরাষ্ট্রের ইউনাইটেড এয়ারলাইন্সের একটি বিমান ডেনভার থেকে মিনেপোলিস যাচ্ছিল। বিমানে এই কিশোরীরা উঠলে ফটকে দাঁড়িয়ে থাকা এক কর্মকর্তা তাঁদের বলেন, লেগিংস পরে ওঠা যাবে না।",,,,,
"লেগিংস ও ইয়োগা প্যান্ট -এ দুধরনের প্যান্ট মেয়েদের নিত্যদিনের ব্যবহারে পছন্দের হয়ে উঠছে, কিন্তু সাম্প্রতিক বছরগুলোতে এ নিয়ে বিতর্কও হচ্ছে প্রচুর।",,,,,
"""শিশুদের জন্য মিনি স্কার্ট, ইয়োগা প্যান্ট এগুলো ঠিক আছে। ছিমছাম দেহের তরুণীরাও এসব পরতে পারেন কারণ তাদের মানিয়ে যায়। কিন্তু যদি বয়স্ক কোনও এ ধরনের প্যান্ট পরেন যা তাদের একদম মানায় না, পাবলিক প্লেসে এমন সব পোশাক পরিহিতাদের দেখতে খুবই অস্বস্তিকর লাগে""- লিখেছিলেন অ্যালান সরেনটিনো।",,,,,
"এরপর পোশাকের বিষয়ে আরো বিধিনিষেধ আনলো তারা। ""যেসব স্কার্ট হাঁটুর সমান বা তার থেকে বড় থাকবে সেগুলোই পরে আসা যাবে"" -কর্তৃপক্ষ এমন মন্তব্য করলো।",,,,,
"পরবর্তী কালে হলিউড তো বটেই, বলিউডের ফ্যাশনকেও প্রভাবিত করেছে বুটকাট-বেল বটম প্যান্ট",,,,,
"আমেরিকার নাবিকেরাও অনেকটা একই ধরনের কাটের প্যান্ট পরতে শুরু করেছেন।
হাঁটু পর্যন্ত আঁটসাঁট এবং হাঁটুর তলা থেকে প্যান্টের ঘের খানিকটা ছড়ানো। তবে নাবিকেরা সেই নকশায় আরও একটু বদল এনে ঘের একটু বেশি বাড়িয়ে নিলেন। নতুন কাটের প্যান্টের নাম দেওয়া হল ‘বেল বটম’।",,,,,
"মাহমুদ হাসান খান বলেন, ‘আমরা ট্রাম্পের নির্বাহী আদেশে বিষয়টি পেয়েছি। এরপরই আরও বিস্তারিত ব্যাখ্যার জন্য ইউএস প্রশাসনের সঙ্গে যোগাযোগ করেছি। ইউএস কাস্টমস যাতে বিষয়টির বাস্তবায়ন করে, সেটা নিশ্চিত হওয়ার চেষ্টা করছি। কারণ, আমাদের জন্য এটি খুবই গুরুত্বপূর্ণ। এতে আমাদের উৎপাদন খরচও কমানো সম্ভব হবে। ইউএস তুলার দামও কমে আসবে।’",,,,,
"মার্কিনীরা খুব মিশুক জাতি। পথে ঘাটে অপরিচিত কারো চোখে চোখ পড়লে হাসি দিয়ে বলবে 'সুপ্রভাত, কেমন আছেন? ভালো তো?' মনে করুন লিফটে উঠলেন, আপনার পরে যিনি ঢুকছেন তিনি আপনাকে দেখে এমন কুশলাদি ধরণের কথা বলবেন, আবার বেরোবার সময় 'হ্যাভ আ নাইস ডে' বলে বেরোবে।",,,,,
"আবার দোকানদার আপনার পয়সা দিয়ে কেনা জিনিস হাতে দিলে আপনি কেন থ্যাংক ইউ বলবেন, সেটা নিয়েও খাবি খেতে পারেন।",,,,,
"কথাবার্তা সরাসরি বলুন ও লিখুন। ছোটবেলায় পিতার কাছে টাকা চাহিয়া পত্র লেখার যে ভনিতা অভ্যাস হয়ে গেছে, সে ধরণের অভ্যাসগুলো বাদ দেন। গেট টু দ্য পয়েন্ট। অতি বিনয় অতি ভনিতা করতে থাকলে মূল বিষয় বাদ পড়ে যায়।",,,,,
দরজা ধরে রাখার ব্যাপারে আমেরিকার লোকজনের সৌজন্য রীতিমতো লিজেন্ডারি।,,,,,
"কথা বলার সময়ে চোখে চোখ রেখে কথা বলাটা বাংলাদেশের সংস্কৃতিতে একটা বিশাল ট্যাবু। 'কত্ত বড় বেয়াদব, চোখ তুলে কথা বলে' এই ব্যাপারটা ছোটবেলা থেকে আমাদের মাথায় ঢুকিয়ে দেয়া হয় বা ঢুকে যায়।",,,,,
"কিরিনা গিয়ারি একজন আমেরিকান আদিবাসী। তিনি কখনো ভাবেননি, পূর্বপুরুষের ভাষা মাটসান সংরক্ষণ করাই তাঁর সারা জীবনের কাজ হবে; কিন্তু বলেছেন, এটা করতে গিয়েই তাঁর ঘরে ফেরার মতো অনুভূতি হচ্ছে।",,,,,
"আদিবাসী আমেরিকান হিসেবে বড় হওয়া এবং এর পাশাপাশি নিজস্ব সাংস্কৃতিক ঐতিহ্য চর্চা করলেও গিয়ারি বলছেন, “আমাদের ভাষাটাই কেবল ছিল না, অথচ ভাষার সাথেই আমাদের আত্মপরিচিতির যোগসূত্র সবচেয়ে গভীর ।”",,,,,
বিশ্বের অন্যান্য দেশেও দিবসটি উদযাপিত হয়। গণতান্ত্রিক দেশগুলো তাদের নিজেদের ঐতিহ্য মেনে দিবসটির উদযাপন করে এবং যুক্তরাষ্ট্রের অন্তর্নিহিত স্বাধীনতার প্রতি শ্রদ্ধা জানায়।,,,,,
যুক্তরাষ্ট্রে বড়দিনের পর সবচেয়ে বড় উৎসব থ্যাংকস গিভিং ডে। এই দিনকে ঘিরে যুক্তরাষ্ট্রবাসীর থাকে অনেক পরিকল্পনা। সরকারি ছুটির দিনটিতে দেশজুড়ে থাকে নানা আয়োজন। থ্যাংকস গিভিং ডে ঈশ্বরের প্রতি কৃতজ্ঞতা প্রকাশের দিন।,,,,,
থ্যাংকস গিভিং ডে উদ্‌যাপনের ভিত রচিত হয়েছিল আজ থেকে চার শতক আগে। ১৬২০ সালের সেপ্টেম্বরে ইংল্যান্ডের সাদাম্পটন থেকে ‘মে ফ্লাওয়ার’ নামের একটা জাহাজে চেপে কিছু তীর্থযাত্রী ইংল্যান্ড ছেড়ে রওনা হন নতুন আশ্রয়ের সন্ধানে।,,,,,
উইলিয়াম ব্র্যাডফোর্ডের নেতৃত্বে ওই অভিযানে যোগ দেন আরও ১০২ জন তীর্থযাত্রী। প্রায় ১০০ দিনের দুর্বিষহ যাত্রার পর জাহাজটি আমেরিকার ম্যাসাচুসেটসে গিয়ে পৌঁছায়। ,,,,,
এই ধর্ম প্রচারক দলের জন্য প্রথম শীতকালটি ছিল ভয়াবহ। শীত শেষে বসন্ত শুরু হওয়ার আগেই দলের প্রায় অর্ধেক সদস্য মারাত্মক খাদ্যসংকট ও নানা রকম ছোঁয়াচে রোগের কারণে মারা যান।,,,,,
১৬২১ সালের নভেম্বরে নতুন তীর্থযাত্রীরা প্রথমবারের মতো নিজেদের উৎপাদিত ফসল ঘরে তোলেন। তাঁদের উৎপাদিত ভুট্টার ফলন এত ভালো হয়েছিল যে পরবর্তী শীত পর্যন্ত তাঁদের কোনো খাদ্য ঘাটতি হয়নি।,,,,,
মৃত্যুর হাত থেকে বেঁচে যাওয়া উইলিয়াম ব্র্যাডফোর্ড ও তাঁর দলের সদস্যরা ফসলের এমন প্রাচুর্যকে ঈশ্বরের আশীর্বাদ হিসেবে মেনে নেন। তাঁরা ঈশ্বরের প্রতি কৃতজ্ঞতা স্বরূপ তিন দিনব্যাপী উৎসব উদ্‌যাপন করেন।,,,,,
আমেরিকার গৃহযুদ্ধ চলাকালে ১৮৬৩ সালে প্রেসিডেন্ট আব্রাহাম লিংকন নভেম্বর মাসের শেষ বৃহস্পতিবার থ্যাংস গিভিং ডে পালনের কথা ঘোষণা করেন।,,,,,
"থ্যাংকস গিভিং ডে উৎসবের অবিচ্ছেদ্য অংশ হিসেবে থাকে টার্কিভোজ। ধনী-গরিব সবাই মেতে ওঠে ঐতিহ্যবাহী টার্কিভোজে। তাছাড়া খাবার হিসেবে আরও থাকে ক্র্যানবেরি সস, ম্যাশড পটেটো, স্টাফিং ও ঐতিহ্যবাহী পাম্পকিন পাই।",,,,,
এই দিনে সরকারিভাবে প্যারেডের আয়োজন করা হয়। প্যারেডে তীর্থযাত্রী ও আদি আমেরিকানদের প্রদর্শনী থাকে। টিভি চ্যানেলেগুলোয় প্রচার হয় বিশেষ অনুষ্ঠান। বাণিজ্যিক প্রতিষ্ঠানগুলো ঘোষণা করে আকর্ষণীয় অফার।,,,,,
ডেনমার্কের উত্তরাঞ্চলের ছোট শহর রেবিল্ডে ৪ জুলাইয়ে বড় ধরনের উৎসবের আয়োজন করা হয়। এই উৎসবটি কীভাবে শুরু হয়েছিল? এই শহরের অনেক বাসিন্দা উনিশ শতকে যুক্তরাষ্ট্রে চলে গিয়েছিলেন এবং কয়েক বছর পর তাদের কেউ কেউ আবার রেবিল্ডে ফিরে আসেন এবং তারাই ৪ জুলাইয়ের স্মরণে এই উৎসব আয়োজনের রীতি চালু করেছিলেন।,,,,,
"নরওয়ের রাজধানী অসলো-তে ৩০ বছরেরও বেশি সময় ধরে প্রতিবছর ৪ জুলাই লাইভ মিউজিক, শোভাযাত্রা, আমেরিকান খাবার, বেসবল ও সফটবল গেমস এবং আতশবাজি প্রদর্শনীর মাধ্যমে উদযাপন করা হয়।",,,,,
"বিশ্বের বিভিন্ন সংস্থার জরিপে বিশ্বে বসবাসের একটি অন্যতম সেরা দেশ হিসেবে কানাডা ও সেরা শহর হিসেবে টরন্টোর কথা উল্লেখ করা হয়ে থাকে। জীবন যাত্রার মান, আইন শৃঙ্খলা ,সামাজিক নিরাপত্তা ও শান্তিপূর্ণ পরিব্র্শের দিক থেকে টরন্টো সব সময়ই উপরের দিকে থাকে। ",,,,,
মানুষের সকল মৌলিক চাহিদা পূরণে এ দেশে যে সব ব্যবস্থাবলী রয়েছে তা আমাদের দেশের সাথে বা বিশ্বের অন্য অনেক দেশের  তুলনা করা যায় না।,,,,,
প্রথমে যদি অন্ন বা খাদ্যের নিশ্চয়তার কথা চিন্তা করি তবে দেখা যায় সেটা কানাডায় সম্পূর্ণরূপে নিশ্চিত করা হয়েছে। কারো কাজ থাকুক বা না থাকুক সে কখনো না খেয়ে কষ্ট পাবে না। কাজ না থাকলে সরকার বেকার ভাতা ও এমপ্লয়মেন্ট ইন্সুরেন্স প্রদান করে থাকে ।,,,,,
"আমেরিকার ভৌগলিক অবস্থা খুবই বৈচিত্রময়। বন-জঙ্গল, পাহাড়-পর্বত, নদ-নদী, মরুভূমি সবই আছে আমেরিকাতে। ভূমির মতো প্রাণীজগতেও দেখা যায় বৈচিত্রতা। আমেরিকায় পাওয়া যায় বাইসন, কালো ভাল্লুক, হরিন সদৃশ গৃজলি, মেরু অঞ্চলের শ্বেত ভাল্লুক ইত্যাদি। ",,,,,
আমেরিকা বিশ্বের ২য় বৃহত্তম গণতান্ত্রিক দেশ। প্রতি ৪ বছর পরপর আমেরিকার প্রেসিডেন্ট নির্বাচন অনুষ্ঠিত হয়। যদি কেউ আমেরিকার প্রেসিডেন্ট পদপ্রার্থী হতে চায় তাহলে তাকে অবশ্যই জন্মসূত্রে আমেরিকার নাগরিক হতে হবে এবং কমপক্ষে ১৪ বছর আমেরিকায় অবস্থান করতে হবে। ,,,,,
নাগরিকদের সরাসরি ভোটে মার্কিন প্রেসিডেন্ট নির্বাচিত হন না। বরং আমেরিকার প্রেসিডেন্ট নির্বাচন পদ্ধতি হলো পরোক্ষ। প্রথমে জনগণ ভোট দিয়ে ইলেক্ট্রোরাল কলেজ ভোট বা নির্বাচকমণ্ডলী নির্বাচিত করেন। প্রতিটি রাজ্যে বরাদ্দকৃত ইলেক্ট্রোরাল ভোটের সংখ্যা সেই রাজ্যে জনপ্রতিনিধি ও সিনেটরের সংখ্যার সমান থাকে। ,,,,,
আমেরিকার জিডিপি বৈশ্বিক অর্থনীতির প্রায় ২৪ শতাংশ। আমেরিকার ওপর বিশ্বের অনেক দেশের অর্থনৈতিক অবস্থা প্রত্যক্ষ ও পরোক্ষভাবে নির্ভরশীল। কারন আমেরিকা বিশ্বের সবচেয়ে বড় পণ্য আমদানিকারক এবং দ্বিতীয় বৃহত্তম রপ্তানিকারক দেশ।,,,,,
আমেরিকায় কেবল দরিদ্র মানুষেরও বসবাস। সারা পৃথিবীর সবচেয়ে সম্পদশালী দেশের তকমা এখনও আমেরিকার আছে। কিন্তু বুঝতে হবে এই তকমা সে কীভাবে পেল। পৃথিবীর প্রথম দশজন ধনকুবেরের মধ্যে তো অর্ধেকেরই বেশি আমেরিকান। ,,,,,
প্রদীপের নীচে যেমন অন্ধকার থাকে তেমনি অবস্থা আমেরিকাতেও। সেখানে প্রতিনিয়ত বেঁচে থাকার অধিকার সংকুচিত হচ্ছে। শ্রমজীবী মানুষের জীবন হয়ে উঠছে দুর্বিষহ।,,,,,
আমেরিকায় শ্রমজীবী মানুষদের কোনো রকমে বেঁচে থাকার জন্য ‘ফুড স্ট্যাম্প’ দিয়ে খাবার সংগ্রহ করার সুযোগ আছে। শ্রমিকদের বেতন থেকে কেটে (৬ ডলার কাটা হয়) সরকার এ ব্যবস্থা করে। সামান্য এই অধিকারটুকুও সরকার এখন ছেঁটে ফেলতে চাইছে। ,,,,,
"এছাড়াও লিলস্ট্রেম শহরে যুক্তরাষ্ট্রের ভিনটেজ গাড়ির শোভাযাত্রা, লাইভ মিউজিক এবং আমেরিকান খাবারের আয়োজন করা হয়।  দেশটির দক্ষিণের জেলা শহর লিস্টারে প্রতি বছর জুনের শেষের দিকে চার দিন আমেরিকান উৎসব আয়োজন করে থাকে।",,,,,
"এবারে ডোনাল্ড ট্রাম্প ক্ষমতার আসার আগে একটি শ্লোগান তুলেছিলেন, ‘Make America Great Again’ অর্থাৎ আমেরিকাকে আবারও সর্বশ্রেষ্ঠরূপে গড়ে তোল। ট্রাম্পের এ ঘোষণা আমেরিকার সমস্ত জনগণের উদ্দেশ্যে ছিল না, ছিল স্বল্প কিছু বড়লোকদের জন্য।",,,,,
"ডেমোক্র্যাট কিংবা রিপাবলিক ক্ষমতায় যেই আসুক, দৃশ্যপটের কোনো পরিবর্তন ঘটেনি। পার্থক্য কেবল এতটুকুই— আজ কোনো কিছু দিয়েই তথাকথিত উন্নত আমেরিকার কদাকার ছবিটা আর আড়াল করা যাচ্ছে না। ধনী-গরীবের মধ্যে যে প্রবল বৈষম্য তা এখন সাদা চোখেই দৃশ্যমান হচ্ছে।",,,,,
"আমেরিকায় আসার পরে আমি সহ অনেকেই দেখেছি এমনে চিন্তা করে, “হায় হায়, একটা খাতার দাম ১০ডলার, মানে ৮৩০ টাকা। খাইছে রে, গেছিরে, মরসিরে!” এই চিন্তা করে শুরুর দিকে আমি বাসায় যে ফ্রি বিজ্ঞাপনের কাগজ দেয় সেই কাগজের চিপায় চাপায় অংক কষতাম! এখানে আসার পরে টেবিল চেয়ার বিছানা বালিশ তোষক কিনেই তো ফতুর হয়ে গেছি, আমি তো শ্যাষ।",,,,,
"আপনার সাথে যা যোগাযোগ করবে বিশ্ববিদ্যালয়, ধরে নিন সব ইমেইলে। Social Security Number (SSN - আমেরিকায় অর্থনৈতিক যেকোন কাজে লাগতে পারে) বানানো, ব্যাংক একাউন্ট, হেল্থ ইন্স্যুরেন্স ইত্যাদি সবকিছুতেই আপনাকে ইমেইল করবে।",,,,,
"আমেরিকার সৌন্দর্য’ (American Beuty) কথাটির মধ্যে এমন এক অদ্ভূৎ গভীরতা আছে, যা চোখে দেখা যায় না, কেবল অন্তর দিয়ে অনুভব করা যায়। এই সৌন্দর্য কেবল আকাশচুম্বী অট্টালিকা, বিশাল বিশাল হাইওয়ে বা সিলিকন ভ্যালির প্রযুক্তি নয়- এটি এক জীবনদর্শন। এমন এক দর্শন, যেখানে মানুষ নিজের মতো বাঁচতে পারে, নিজের স্বপ্নকে বাস্তবে রূপ দিতে পারে এবং পরিশ্রমের মধ্য দিয়ে গড়ে নিতে পারে নিজ ও পরিবারের ভাগ্য।",,,,,
"আপনি যদি পরিশ্রমী, সাহসী, কর্মঠ আর দৃঢ়সংকল্পবদ্ধ হন, তাহলে আপনার জন্য অসংখ্য পথ তৈরি হবে, হয়তো ধীরে- কিন্তু হবেই। এখানে জন্ম কিংবা বংশপরিচয়ে মানুষের ভাগ্য নির্ধারিত হয় না, আপন কর্মগুণেই মানুষ সফল কিংবা ব্যর্থ হয়। ",,,,,
"আমেরিকার আইনি কাঠামো, প্রশাসনিক প্রক্রিয়া এবং সামাজিক মূল্যবোধ মানুষকে একটাই বার্তা দেয়- তুমি পারবে, যদি চেষ্টা করো। এখানে কেউ কারো কণ্ঠরোধ করতে পারে না, কেউ কারো স্বপ্নের প্রতিবন্ধক হতে পারে না বা হয় না। বরং এখানকার সমাজ, পরিবেশ আপনাকে উৎসাহ দেয় নিজের সীমা ভাঙতে, নিজের সামর্থ্যকে ছুঁতে।",,,,,
"আমেরিকার গণতন্ত্র ও মুক্ত সমাজের সৌন্দর্য প্রকাশ পায় তার প্রতিদিনের সাধারণ জীবনের মধ্যেই। আপনি নিঃশঙ্কচিত্তে নিজের মত প্রকাশ করতে পারেন, অবাধে সরকারের যৌক্তিক সমালোচনা করতে পারেন, প্রয়োজনে আদালতের আশ্রয়ও নিতে পারেন- এই স্বাধীনতাই আমেরিকার প্রাণ।",,,,,
"আমাদের সঙ্গে থাকে তামিল ছেলে ভরত। বড়লোকের বখাটে ছেলে। বাপের টাকায় আন্ডারগ্র্যাজুয়েট পড়তে এসেছে – অভাবনীয় আমাদের কাছে। লাখ লাখ টাকা খরচ। অনেক সময় ভরত একেবারে উলঙ্গ হয়ে রান্নাঘরে দাঁড়িয়ে থাকে, আর ভয়ংকর ঝাল মাংস রাঁধে। আর কেমন করে যেন হাসে। বিচ্ছিরি লাগে আমার। আমি এসব অশস্নীলতা কখনো দেখিনি। ",,,,,
"আমাদের বাড়িওয়ালি ছিয়াশি বছরের মিসেস হ্যারিসন; কিন্তু বুড়ো হলে কী হবে, সবদিকে নজর। মাঝে মাঝেই ওপরে উঠে এসে আমাদের বলে, ‘গট আ গ্যাল লাস্ট নাইট, ডিডন্ট ওয়াচ’ তারপর গম্ভীর হয়ে আবার নিচে চলে যায় বুড়ি। বুড়ির ধারণা, আমরা ইন্ডিয়ান স্টুডেন্টরা সব কামুক, ড্রাগ অ্যাডিক্ট, মাদকাসক্ত।",,,,,
"শিকাগো ভ্রমণ, রান্না ও গাড়ি চালানো শেখা, এবং স্প্রিং সেমিস্টারের শুরুতে ফিরে গিয়ে ইন্ডিয়ান ও মার্কিন স্টুডেন্ট বন্ধু-বান্ধবীদের বাঙালি রান্না খাইয়ে তাক লাগিয়ে দেওয়া।",,,,,
"শীতের শেষে প্রকৃতিদেবীও একটু হাসলেন। আর সরস্বতী দেবীও।
পড়াশোনায় সাফল্য এলো। ভারতের নিষ্ঠুর, নির্দয়, শাসিত্মমূলক শিক্ষাব্যবস্থায় ব্যর্থতার যে-ক্ষত থেকে এতকাল রক্ত ঝরছিল চুঁইয়ে চুঁইয়ে, আমেরিকার এক অজানা জায়গার এক অজানা স্কুলের অধ্যাপকবৃন্দের স্নেহছায়ায়, উৎসাহে, প্রশংসায় তাতে একটু প্রলেপ পড়ল।",,,,,
"ফেল্মলি হল থেকে আমাদের কিংসলি স্ট্রিট – ইলিনয় স্টেট ইউনিভার্সিটির ধনাঢ্য, সাজানো ক্যাম্পাসের মাঝখানে চেরি, ম্যাপল, অ্যাশ, পপলার, বার্চ গাছে ঘেরা চত্বর – কোয়াড। জনশূন্য এখন। দিনের বেলা সুবেশা, সুন্দরী মার্কিনি যুবতী ও স্বাস্থ্যবান যুবকদের ভিড় আর হাসিঠাট্টায় মুখর হয়ে থাকে। ",,,,,
আকাশ কেমন যেন অতিরিক্ত স্বচ্ছ। কোথাও কোনো ধুলো নেই। রাতের আকাশের তারাগুলো যেন অতিরিক্ত উজ্জ্বল। মাঠের দিগন্তবিসত্মৃত ঘাসের লনগুলো যেন কেমন অতিরিক্ত সবুজ। অল্পবয়েসি টিনএজার আমেরিকান ছাত্রীরা কেমন যেন অতিরিক্ত স্বাস্থ্যবতী।,,,,,
কয়েকজন সুন্দরী মার্কিনি যুবতী আমার খুব কাছে এসে তাদের উত্তাপ দিয়ে আমাকে দ্রবীভূত করার চেষ্টা করেছে। তাদের গায়ের মিষ্টি পারফিউমের গন্ধ আমাকে মাতাল করেছে। আর তারপরে মধ্যবিত্ত বাঙালির মধ্যবিত্ত সংস্কার আমাকে ফ্রোজেন করে দিয়েছে।,,,,,
"মার্কিন হাসপাতালে, মার্কিন শ্বেতাঙ্গ ডাক্তারের হাতে সন্তানপ্রসবের সময় চরম অবহেলা। আনক্লিন প্ল্যাসেন্টায় কয়েকদিনের মধ্যেই ভয়ংকর ইনফেকশন। অস্বাভাবিক রক্তপাত। মুক্তিকে এক্ষুনি জরুরি অপারেশন করতে হবে। হয়তো ও বাঁচবে। হয়তো ও বাঁচবে না।",,,,,
"আমরা যদি বিদেশি ও কৃষ্ণবর্ণের না হয়ে, দরিদ্র ছাত্র না হয়ে শ্বেতাঙ্গ মার্কিন নাগরিক হতাম, এত অবহেলা কি করা হতো? আজকে এতকাল আমেরিকায় থাকার পর মনে হয়, একেবারে কোর্টে বিশাল ক্ষতিপূরণ দাবি করে মামলা করার কেস। ",,,,,
"সে-রাতে ব্রকো হসপিটালের সেই আধো-অন্ধকার ঘরটায় আমার মাত্র আটদিনের বাচ্চা ঘুমন্ত মেয়ের মুখের দিকে তাকিয়ে আমি ভাবছিলাম, মুক্তি যদি আর ফিরে না আসে, এই ফুলের কুঁড়ির মতো মেয়েটাকে নিয়ে আমি কী করব? কোথায় যাব? ",,,,,
"১৯৫২ সালে এই রেস্টুরেন্ট চালু হয় । প্রথমে এর নাম ছিল  Harman’s Cafe , পরে হয়  KFC । এখনও ভাল মতই চলছে । খিদেও পেয়ে গেছিল কিন্তু ওখানে না খেয়ে আমরা প্রথম দিন ভারতীয়  রেস্টুরেন্টে গেলাম । নাম Bawarchi /Indian Cuisine । ভালই লাগলো খাবার । শুনলাম আরও কয়েকটা ভারতীয় রেস্তরা আছে যেখানে অন্য খাবারের সাথে দক্ষিণ ভারতীয় সব খাবারই পাওয়া যায় ।  ",,,,,
"তারপর চললাম পাহাড়ের ওপর । চারিদিকে বরফ , মধ্যে পরিষ্কার রাস্তা । অনেকটা  উপরে উঠে দেখলাম চারিদিক সাদা হয়ে আছে । আর সেই সাদা পাহাড়ের মাঝে আরেকটা ছোট লেক কিন্তু লবণ হ্রদ নয় । তাপমাত্রা দেখলাম -২ ডিগ্রি । এই সল্টলেক সিটি যেহেতু পাহাড়ে ঘেরা তাই এখানে ঠাণ্ডা হাওয়ার উপদ্রপ নেই ।",,,,,
আলো দিয়ে সাজানো খুব সুন্দর এক বিশাল বাড়ি । ভিতরটা ঘুরে ঘুরে সব দেখলাম । কোন জায়গায় কোন নিরাপত্তা রক্ষী নেই । আমাদের দেশে আমরা ভাবতেই পারিনা । কেননা আমাদের দেশের জনপ্রতিনিধিদের জন্য অনেক টাকা ব্যয় করে নিরাপত্তা রক্ষী রাখতে হয় । ,,,,,
সল্ট লেক সিটি থেকে লস এঞ্জেলেস দারুন রাস্তা । যেমনি চওড়া তেমনি সুন্দর । ১০০ থেকে ১২০ কিমি বেগে গাড়ি চালানো এখানে কোন ব্যাপারই না । সবাই চলছে দ্রুত গতিতে । এখানে ধীরে কেউ চলতে জানে না । রাস্তাটা অনেকটাই সোজা গেছে । ,,,,,
"প্রথম দিকে রাস্তার দুপাশে পেয়েছি পাহাড় আর বরফ । কোন সময় দেখেছি দুধারে ধুধু করছে পরিত্যক্ত জমি । কিছু আগাছা , ফনি মনষা আর ঝাউ গাছ এদিক ওদিক মাথা চারা দিয়ে উঠেছে । লাসভেগাসের কাছাকাছি পৌঁছে আর বরফ দেখতে পাইনি । রাস্তায় বেশ কটা শহর পেয়েছি কিন্তু আমরা শহরের পাশ দিয়েই চলে গেছি আমাদের গন্তব্যে ।",,,,,
"আমরা জানি লস এঞ্জেলেস ক্যালিফোর্নিয়ার একটি বড় শহর এবং  হলিউড ও চলচ্চিত্রের জন্য বিখ্যাত। সকাল সকাল ব্রেকফাস্ট সেরে আমরা প্রথমেই গাড়ি নিয়ে ছুটলাম Griffith Observatory tower এ । যার উচ্চতা: ১,১৩৫ ফুট (346 মিটার) এবং নির্মাণ শুরু হয়েছে: ২০ জুন, ১৯৩৩  যেখান থেকে হলিউড সাইন খুব ভাল দেখা যায় । শহর থেকে অনেকটা উপর । ",,,,,
আকাশ খুব পরিষ্কার ছিল তাই সব ভাল মতোই দেখা যাচ্ছিল । ওখান থেকে আমরা আসলাম পৃথিবী বিখ্যাত স্টুডিও Warner Brothers দেখতে । সব ফর্মালিটি সেরে পৌঁছে গেলাম স্টুডিওর ভিতরে । ,,,,,
পরেরদিন সকালবেলা ব্রেকফাস্ট সেরে গেলাম সান্টামনিকা বীচ । নীলাভ প্রশান্ত মহাসাগর শহরের গায়ে এসে ধাক্কা মারছে । শুনেছিলাম প্রশান্ত মহাসাগর নাকি খুবই শান্ত । দেখি ভালই ঢেউ আছে তবে আমাদের বঙ্গোপসাগরের থেকে কম । ,,,,,
"সান ডিয়েগো , ক্যালিফোর্নিয়ার আর একটা বড় শহর, প্রশান্ত মহাসাগরের তীরবর্তী এবং লস অ্যাঞ্জেলেস থেকে ১২০ মাইল দূরে মেক্সিকো সীমান্তে অবস্থিত। লস এঞ্জেলেস থেকে আড়াই ঘণ্টা লাগলো সান ডিয়েগো পৌছাতে । হালকা বৃষ্টি হচ্ছিল । ",,,,,
বড়দিনটা এবার আমেরিকাতেই কাটালাম কিন্তু কোথাও ধর্ম নিয়ে বাড়াবাড়ি করতে দেখিনি । আমার মনে হয় কোন উন্নত দেশই তা করে না ।,,,,,
"এখানে একটা রেস্তরেন্টে খুব ভাল সামুদ্রিক মাছ খেলাম। সমুদ্রের পাশেই রেস্তরেন্ট , স্রিগাল গুলো কাছেই এসে বসছে । একটা ছোট বন্দর। নানা ধরনের নৌকা জলে ভাসছে ।",,,,,
এখানে অনেক্ কটা সমুদ্রের বীচ আছে । আমরা একটার পর একটা বীচ ঘুরে বেড়াচ্ছি । একটা বীচে দেখলাম নাম লেখা রয়েছে Dog Beach । দেখলাম অনেকেই তাদের কুকুরকে নিয়ে বীচে ঘুরে বেড়াচ্ছে । একটা বীচে গিয়ে প্রচুর সি লায়ন ( Sea lion ) দেখতে পেলাম ।,,,,,
"রাত্র খেতে বেড়িয়েছি , শহরের মধ্যে ঘুরতে ঘুরতে হঠাৎ দেখি Royal India নামে একটা ভারতীয় রেস্তারা । ব্যাস ঢুকে পড়লাম। রেস্টুরেন্ট থেকে বেড়িয়েই সামনেই  দেখি একটা  ব্যাটারি চালিত রিক্সা নিয়ে একজন দাঁড়িয়ে ।",,,,,
খাওয়া দাওয়া সেরে রাত্রিবেলা শহরের মধ্যে এমন একটা জায়গায় গেলাম যেখানে সমুদ্রের জল কিছুটা শহরের মধ্যে ঢুকেছে আর ওখান থেকে শহরের ডাউনটাউন দেখার মতো । মনের আনন্দে ছবি তুললাম । ভালই রাত্রি হয়ে গেছিল তাই হোটেলে ফিরে আসলাম । ,,,,,
"ক্যালিফোর্নিয়ার সান ডিয়েগো থেকে নেভাডার লাস ভেগাস ৩৩১ মাইল । Jashua Tree National Park হয়ে  প্রায় ৭ ঘণ্টা লাগলো আমাদের, লাস ভেগাস পৌছাতে । একদম শুনশান রাস্তা দিয়ে অনেকটা যাচ্ছিলাম কিন্তু মনে একটুও ভয় দেখা দেয়নি ।অথচ নিজেদের দেশে আমরা ভয় পাই । ",,,,,
"লাস ভেগাস আমেরিকার দক্ষিণ নেভাদা মরুভূমিতে অবস্থিত এবং বিশ্বের গ্যাম্বলিং রাজধানী হিসেবে খ্যাত। লাস ভেগাস শহরের যে সমস্ত রাস্তা জুড়ে বড় বড় হোটেল, জুয়া খেলার আখড়া বা ক্যাসিনো গুলো ছড়িয়ে ছিটিয়ে আছে সে জায়গাটুকুকে বলা হয়  লাস ভেগাস স্ট্রিপ।",,,,,
"লাস ভেগাসের বড় বড় হোটেলগুলো তৈরি হয়েছে বিভিন্ন থিমকে ঘিরে। তবে, শুধু হোটেল বা ক্যাসিনো নয়, এই শহরের এয়ারপোর্ট থেকে শুরু করে  সুপার মার্কেট, গ্যাস স্টেশন, রেস্তোরাঁ ইত্যাদি সব জায়গাতেই সাজানো থাকে জুয়া খেলার স্লট মেশিন।",,,,,
লস ভেগাস থেকে অ্যারিজোনার গ্র্যান্ড ক্যানিয়ান ২৭৫ মাইল । গ্র্যান্ড ক্যানিয়ানের এই গিরিখাতটি পৃথিবীর ২০০ কোটি বছরের এক নীরব সাক্ষী যেটা দৈর্ঘ্যে ২৭৭ মাইল এবং প্রস্থে সর্বোচ্চ ১৮ মাইল এবং গভীরতায় প্রায় ১৮০০ মিটার।ঐখান দিয়ে কলোরাডো নদী কোটি কোটি বছর আগে প্রবাহিত হতো । এখন প্রায় লুপ্ত ।,,,,,
আমরা হোটেল থেকে ব্রেকফাস্ট সেরে রওনা দিলাম অ্যারিজোনা । আকাশ মেঘলা ছিল । গ্র্যান্ড ক্যানিয়ান দেখে আমরা অ্যারিজোনার আরেকটা ছোট শহর পেজে রাত কাটাবো এই ঠিক ছিল । কিন্তু রাস্তায় প্রথমে  বরফের বৃষ্টি ও তারপর বরফের ঝড় পেলাম । তার ফলে আমাদের গতিবেগ কমে আসলো ।,,,,,
ধীরে ধীরে গাড়ি চালিয়ে আমরা এসে পৌছালাম Horseshoe bend এ যেটা ক্যানিয়ানেরই একটা অংশ । বড় গোলাপি পাথর কেটে যেন Horseshoe bend বানানো হয়েছে । ,,,,,
অন্ধকার হয়ে আসছিল তাই আমরা পেজে হোটেলে চলে আসলাম । এখানে চিন দেশীয় লোকের বাস ভালই মনে হচ্ছিল । আমরা যে হোটেলে ছিলাম সেখানেও চিনা ভাষায় নিয়মাবলী লেখা ছিল ,,,,,
যেতে যেতে হটাৎ দেখি একটা গাড়ি বরফের মধ্যে আটকে আছে । কিছুতেই বেড় করতে পারছে না । বেড় করতে গেলেই বরফে স্লিপ করে যাছে । আমি ও আমার দুই ছেলে ঠাণ্ডার মধ্যেই নেমে পড়লাম গাড়ি থেকে । দেখি একজন চিন দেশীয় ভদ্রলোক গাড়ি চালাচ্ছেন সঙ্গে রয়েছে ওনার স্ত্রী আর মেয়ে । খুবই অসুবিধায় পরেছেন । ,,,,,
নেকটা ছড়িয়ে এই গ্র্যান্ড ক্যানিয়ান ন্যাশনাল পার্ক । অসামান্য প্রাকৃতিক সৌন্দর্য গ্র্যান্ড ক্যানিয়নকে এনে দিয়েছে আমেরিকায় আগত পর্যটকদের কাছে প্রধান আকর্ষণ । প্রতি বছর পৃথিবীর বিভিন্ন প্রান্ত থেকে বিপুল সংখ্যক পর্যটক ছুটে আসেন গ্র্যান্ড ক্যানিয়নের বাহারি রংয়ের সৌন্দর্য উপভোগ করতে।,,,,,
"আমরা কোলকাতা থেকে সাড়ে ১১ ঘণ্টা পিছিয়ে আছি। তাই কাল রাত্রে ছিল আমাদের বছরের শেষ দিন । কাছেই একটা পাহাড় আছে । আমরা সবাই ঠাণ্ডাকে উপেক্ষা করে (বাইরে তখন -৩ ) , অজানাকে জানবার জন্য , গাড়ি নিয়ে চলে গেছিলাম পাহাড়ে – সমগ্র সল্ট লেক সিটিটাকে রাত ১২ টায় উপর থেকে দেখব বলে ।",,,,,
ঠিক ১২ টার সময় চার্চের ঘড়িতে বেজে উঠলো ঘণ্টা আর তার  সাথে সাথেই চারিদিক থেকে ফাটতে লাগলো নানারকমের শব্দ বাজি । যেন সমস্ত সল্ট লেক সিটি আমাদের সাথে চীৎকার করে বলছে HAPPY NEW YEAR . আগামী বছর খুব ভাল থেকো তোমরা ।Best wishes for a new year filled with health & happiness.,,,,,
"প্রায় দু ঘণ্টা গাড়ি চালিয়ে পাহাড় ডিঙ্গিয়ে পৌঁছে গেলাম Antelope island । সারা পাহাড় সাদা হয়ে আছে । তাপমাত্রা ছিল -৩ । যথেষ্ট প্রস্তুতি নিয়েই আমরা বেড়িয়েছিলাম । আমার ছেলেদের আর বৌমার এই রকম ঠাণ্ডার অভ্যাস আছে , শুধু আমাদের একটু বেশী প্রস্তুতি নিতে হয়েছে ।",,,,,
সল্টলেক ঘিরে রেখছে এই দ্বীপকে । কিন্তু মনে হয় সমুদ্র ঘিরে রেখেছে । অনেক জায়গায় জলের রঙ সাদা হয়ে আছে । বোঝাই যাচ্ছে না ওটা লবণ না বরফ । অপূর্ব প্রাকৃতিক শোভা । বেশ লম্বা বীচ ।  ,,,,,
"এরপর ফেরী করেই আসলাম ম্যানহাটন দ্বীপে । ম্যানহাটনই মূলত নিউইয়র্ক শহরের প্রাণ। পা রাখতেই চোখের সামনে ফুটে ওঠে ম্যানহাটনের গগনচুম্বী সব দালান বা  স্কাইস্ক্রাপারের চিত্র। এম্পায়ার স্টেট, ক্রিস্‌লার, সিটিকর্প সেন্টার,ওয়ার্ল্ড ট্রেড সেন্টার কাকে ছাড়া কাকে দেখবো । সবকটি বাড়িই মনে হচ্ছে আকাশ ছুয়ে আছে । ",,,,,
কুইন্‌স দ্বীপে দেখলাম একটা জায়গা নাম জ্যাক্সন হাইট (Jackson Heights) প্রচুর বাঙালির  দোকান এবং বাংলায় সাইনবোর্ড ।নেপালি দোকানও আছে ওখানে । পান – সিগারেটের দোকানেরও অভাব নেই । ,,,,,
নিউ ইয়র্কে হাডসন নদীর উপর আছে বেশকটি দারুণ সুন্দর ব্রিজ যারা দুই দ্বীপকে জোড়া লাগিয়ে রেখেছে । সব কটি ব্রিজই দেখলাম কিন্তু সবচেয়ে ভাল লাগলো ব্রুকলিন ব্রিজ যেটা ১৮৮৩ সালে তৈরি । শহরের গণপরিবহন ব্যবস্থা বেশ ভালই দেখলাম । ,,,,,
এখানে নিউ ইয়র্ক সিটি সাবওয়ে নামে বিশ্বের বৃহত্তম দ্রুতগামী এই পাতাল রেল ব্যবস্থাটি ৪৭২টি স্টেশন নিয়ে গঠিত। গ্র্যান্ড সেন্ট্রাল রেল স্টেশন দেখে মনে হয় সেভেন স্টার হোটেল এবং তার সাথে চারিদিক ঝলমল করছে একটা বিশাল মল  । ,,,,,
"রাতের আলোয় টাইমস স্কোয়ার চত্ত্বর দেখে মনে হয় মেলা বসেছে । রাস্তায় দোকান , বিভিন্ন সাজে সজ্জিত মানুষজন নানা রকম অঙ্গভঙ্গি করে সবাইকে আনন্দ দিচ্ছে । আমেরিকার প্রায় প্রত্যেক বড় বড় শহরেই দেখতে পারছি এইরকম জমজমাট আলোকজ্জ্বল মার্কেট । ",,,,,
নিউ ইয়র্ক টুর শেষ করলাম নিউজার্সির আটলান্টিক সিটি (Atlantic City) দেখে । আটলান্টিক সাগরের ধারে এক সুন্দর সাজানো গোছানো লাস ভেগাসের মতো ২৪ ঘণ্টা জমজমাট ক্যাসিনোর শহর এই নিউজার্সির আটলান্টিক সিটি ।,,,,,
"নিউ ইয়র্ক থেকে নিউজার্সির আটলান্টিক সিটি , পেন্সিল্‌ভেনিয়ার ফিলাডেলফিয়া , ম্যারিল্যান্ডর বাল্টিমোর হয়ে রাতের আলোয় ওয়াশিংটন ডি.সি তে একটা চক্কর লাগিয়ে আমরা পৌছালাম ম্যারিল্যান্ডর Gaithersburg এ আমাদের এক নিকট আত্মীয়র বাড়ি । পরেরদিন প্রাতরাশ সেরে আমরা সবাই মিলে রওনা দিলাম আমেরিকার রাজধানী ওয়াশিংটন, ডি.সি। ",,,,,
। প্রথমেই গেলাম United States Capitol and Capitol Hill যেটা আমেরিকার সমস্ত ক্ষমতার কেন্দ্রবিন্দু । খুবই সুন্দর দেখতে । চারিপাশের পরিবেশও খুবই মনোরম । অনেকটা আমার দেখতে লাগছিল দিল্লীর রাষ্ট্রপতি ভবন  থেকে ইন্ডিয়া গেটের মতো । এখানে দিল্লীর মতো শহীদ স্তম্ভ ইন্ডিয়া গেট নেই আছে স্মৃতি স্তম্ভ ৫৫৫ ফুট উচ্চতার সাদা রঙের The Washington Monument ।,,,,,
"নিউ ইয়র্ককে যদি বাণিজ্যিক ছবির সাথে তুলনা করি তাহলে ওয়াশিংটন, ডি.সি হল Art film ।",,,,,
"বাইরে থেকে খুবই ছিমছাম শান্ত শহর এই ওয়াশিংটন, ডি.সি ।গনপরিবহনও যথেষ্ট ভাল । দ্বিতল মেট্রো রেল Washington metropolitan area , states of Maryland and Virginia এর মধ্যে যাতায়াত করে ",,,,,
"বড় বড় রাস্তা , পরিষ্কার পরিচ্ছন্ন সব জায়গা , প্রাসাদের মতো চারপাশে বাড়ি ঘর কিন্তু বেশী উঁচু না , বেশির ভাগ বাড়ির রঙ সাদা আর আমরা পেলাম নীলাভ আকাশ – এককথায় শহরটাকে ভালবাসে ফেললাম । যেহেতু সাথে গাড়ি ছিল তাই ফেরার পথে ওয়াশিংটন, ডি.সি পেড়িয়ে ঢুকে পড়লাম মেরিল্যান্ডের National Harbor এ ",,,,,
"শরতের প্রথম দিনে আমি হাঁটছিলাম কেন্টাকির এক ছোট্ট শহরের নির্জন রাস্তায়। চারপাশে পাতাঝরা গাছ, মাটিতে রঙিন পাতা ছড়িয়ে আছে—যেন কেউ আগেই চিত্র আঁকিয়ে রেখেছে। ",,,,,
"কানে হেডফোন, হালকা ঠান্ডা বাতাস মুখে লাগছে, আর আমি ভাবছিলাম—এই অনুভবটা ঠিক কেমন? নতুন একটা দেশে, নতুন ঋতু, আর একাকী হাঁটার এই মুহূর্তটা আমার কাছে বইয়ের পাতার কোনো এক চরিত্রের মতোনই ঠেকেছে।",,,,,
"আমি তখন কেবল নতুন এসেছি কেন্টাকিতে। শহরতলীতে একটা ছোট্ট অ্যাপার্টমেন্টে থাকতাম, বিশ্ববিদ্যালয় থেকে পায়ে হাঁটা দূরত্বে। সারাদিনই থাকতো ব্যস্ততা, এসবের মাঝেই শরতের বিকেলগুলো ছিল আমার নিজের জন্য একান্ত সময়।",,,,,
"কেন্টাকির শরৎ এক ধরনের শান্তি নিয়ে আসে। গাছের পাতা যেন একে একে বিদায় নিচ্ছে। কিন্তু সেই বিদায়ে কষ্ট নেই, বরং এক ধরনের সম্মান, এক ধরনের স্বস্তি।",,,,,
একবার বন্ধুদের সঙ্গে গিয়েছিলাম একটা ছোট শহরের 'পাম্পকিন প্যাচ'-এ। সহজ ভাষায় এর মানে হলো কুমড়োর মেলা! ,,,,,
লেক্সিংটন শহরে শরতের রাতগুলোরও ভিন্ন একটি আমেজ আছে। সেখানকার আকাশ আসলে এতটা পরিষ্কার যে পুরো চাঁদটাই দেখা যেত আমার ডর্মের রুমের জানলা দিয়ে। ,,,,,
"সবথেকে বেশি মনে পরে, ক্যাম্পাস থেকে পড়ন্ত বিকেলে ফেরার পথে পুরো পথটুকু বিছিয়ে থাকতো লাল-হলুদ-কমলা রঙের পাতায়। ",,,,,
পরেরদিন সকাল সকাল বেড়িয়ে পড়লাম গ্র্যান্ড ক্যানিয়ান ন্যাশনাল পার্কের রাস্তায় । রাস্তাটা শুধু পরিষ্কার করা কিন্তু  রাস্তার দুধারে প্রচুর বরফ আর মনে হচ্ছে বরফের রাজ্যে আমরা প্রবেশ করেছি । ,,,,,
"লেক্সিংটন শহরের শরৎ মানে একরাশ নীরবতা, পড়ন্ত বিকেলে ধোঁয়া ওঠা কফি কিংবা হট চকোলেটের ঘ্রাণ, আর ডর্মে বন্ধুদের সঙ্গে স্মৃতি, যারা আমার মতোই হাজার হাজার মেইল পাড়ি দিয়ে এখানে এসেছে।",,,,,
প্রথম আমেরিকানদের পূর্বজরা প্রায় ২৪ হাজার বছর আগে সাইবেরিয়া ত্যাগ করে। এ তথ্য-প্রমাণ করতে প্যালিও-আমেরিকান এবং প্যালিও-সাইবেরিয়ানদের ডিএনএ তুলনা করা হয়।,,,,,
"গহীন জঙ্গলের ভেতরে লুকিয়ে আসছে ওরা। দলে প্রায় জনা ত্রিশেক তরুণ, নানা দেশের। এদের মধ্যে বাংলাদেশী আছে ছয়-সাতজন। অনেকটা পথ পাড়ি দিয়ে পৃথিবীর আরেকটা প্রান্তে এসেছে ওরা, কতটা ঘাত প্রতিঘাত সইতে হয়েছে সেটা ওরা ছাড়া আর কেউ জানেনা।",,,,,
"অনেকগুলো দেশ থেকে এসেছে ওরা ত্রিশজন। বাংলাদেশী-ভারতীয় যেমন আছে, আছে আফ্রিকান বা সিরিয়ান শরণার্থীরাও। একটাই লক্ষ্য ছিল ওদের, কোনভাবে আমেরিকায় গিয়ে পৌঁছুবে তারা। স্বপ্নের দেশ আমেরিকা, সেখানে যেতে পারলেই ভবিষ্যত নিশ্চিত।",,,,,
"ওরা দেশ ছেড়েছে প্রায় একমাস আগে, মালয়েশিয়া হয়ে তাদের আনা হয়েছিল আফ্রিকান উপকূলে, তারপর ট্রলারে করে দক্ষিণ আমেরিকার দেশ ব্রাজিলে। সেখান থেকে বলিভিয়া-কলম্বিয়া-ইকুয়েডর হয়ে তারা পাড়ি দিয়েছে দক্ষিণ আমেরিকা, প্রবেশ করেছে উত্তর আমেরিকায়। ",,,,,
"দেশে তেমন কিছু করতে পারছিলেন না, স্বচ্ছলতার আশায় দালালের প্রলোভনে পড়ে ছুট লাগালেন আমেরিকার পানে। কিন্ত বিমানের বদলে জায়গা হলো সামুদ্রিক ট্রলারে, ভারত-আটলান্টিক মহাসাগরের বিশাল ঢেউ, ঝোড়ো হাওয়া আর পথের হাজারটা বিপদ-আপদ পেরিয়ে মাটির দেখা পেয়েছিলেন তারা ব্রাজিলে এসে।",,,,,
"ক্রেটার হ্রদে যেতে হলে হাতে সময় নিয়ে বের হতে হবে। আমাদের গাড়ি যখন শহর ছেড়ে বনের ভেতরে ঢুকে পড়ছিল, তখনো লেক পর্যন্ত যেতে ঘণ্টা তিনেক বাকি, হঠাৎ খেয়াল হলো গাড়িতে যথেষ্ট জ্বালানি নেই।",,,,,
"২০২০ সালের সেপ্টেম্বরে চাকরি নিয়ে পেন্সিল্ভেনিয়া অঙ্গরাজ্যের দক্ষিণ-পশ্চিমাঞ্চলের এক গঞ্জে এলাম। তখন লেখাপড়ার চাপ আর রইল না, ঘোরাঘুরির একটা সুযোগ তৈরি হল। ফুল টাইম কাজ করে হাতে কিছু পয়সাও জমল।",,,,,
"পরিকল্পনা আছে আমেরিকার ৫০টি অঙ্গরাজ্য দেখার। সময় সুযোগ পেলে তাই বেরিয়ে পড়ি। ১৯৯৬ সালের রমজানের ঈদের ছুটিতে ভার্জিনিয়া, ম্যারিল্যান্ড, ওয়াশিংটন ডিসি ট্যুর করলাম। ভার্জিনিয়ার স্প্রিংফিল্ডে আমার শেরেবাংলা নগর সরকারি বয়েজ স্কুলের কলিগ সোনালি থাকে। ",,,,,
ভ্যারাজানো ব্রিজ দিয়ে নিউইয়র্ক ছেড়ে স্ট্যাটেন আইল্যান্ড দিয়ে যেতে যেতে খুব ভালো লাগছিল। নিউইয়র্কের ব্যস্ত রাস্তা আর ব্যস্ত সময় পেছনে ফেলে বেশ খোলামেলা অ্যাপলেশিয়ান মাউন্টেন রেঞ্জের আঁকাবাঁকা পথ বেয়ে তিনটার দিকে আমরা ভার্জিনিয়ায় পৌঁছালাম।,,,,,
সোনালির বাসা থেকে বেরিয়ে গেলাম আমেরিকার প্রথম প্রেসিডেন্ট জর্জ ওয়াশিংটনের বাড়ি দেখতে। প্ল্যান্টেশন নিয়ে ওয়াশিংটনের দাদা কাজ শুরু করেছিলেন। সেই ধারা অব্যাহত রেখে পোটোম্যাক নদীর তীরে প্রথম প্রেসিডেন্ট জর্জ ওয়াশিংটন আর তাঁর স্ত্রী মার্থা চমৎকার এই বৃক্ষগ্রাম গড়ে তোলেন,,,,,
কফির কাপে চুমুক দিতে দিতে বাইরে বের হলাম ছবি তুলতে। চেক আউট করে আমরা ছুটলাম সাগরের টানে। বিশালতা নিয়ে আটলান্টিক ছুঁয়ে ছুঁয়ে যাচ্ছে ভার্জিনিয়ার মাটি। ,,,,,
"ম্যারিল্যান্ড যেতে নয়নাভিরাম চিজপিক বে ব্রিজ টানেল, যা ২৩ মাইল দীর্ঘ সেটা পার হলাম। দুই দিকে সেতু আর মাঝে টানেল। এর নির্মাণশৈলী দেখে মুগ্ধ, যুগপৎ বিস্মিত। ",,,,,
"এরপর আমরা বেরিয়ে পড়লাম রাতের ন্যাশনাল হারবার আর হোয়াইট হাউস দেখতে। ন্যাশনাল হারবার পোটোম্যাক নদীর তীরে। আলেকজান্দ্রিয়া, মাউন্ট ভারনন আর ওয়াশিংটন ডিসির কেন্দ্রবিন্দুতে। ক্যাপিটল হিল হলো এর অন্যতম আকর্ষণ।",,,,,
"সবশেষে এয়ার স্পেস মিউজিয়ামে গেলাম। ১৯৬৯ সালের ২১ জুলাই চাঁদের মাটিতে নীল পা রেখে আর্ম স্ট্রং, এডউইন ই অলড্রিন, মাইকেল কলিন্স যে ইতিহাস সৃষ্টি করেছিলেন তার সবকিছু ছুঁয়ে ছুঁয়ে অনুভব করলাম। চন্দ্রযান, চন্দ্রপৃষ্ঠে পতাকা হাতে নভোচারী, চাঁদের মাটিতে যে বাহনে তাঁরা ঘুরে বেড়িয়েছেন। ",,,,,
"কখনো আকাশপথে, কখনো দুর্গম পাহাড়-জঙ্গলের মধ্য দিয়ে বিপত্সংকুল যাত্রা। আবার কখনো নৌকায় চড়ে উত্তাল সাগর পাড়ি দেয়ার প্রয়াস। এডগার রাইস বারোসের ফিকশনের নায়ক টারজানের রোমাঞ্চকর জঙ্গুলে জীবনের চেয়েও অনেক বেশি ঝুঁকিপূর্ণ ও রোমহর্ষক এ যাত্রা। তার পরও বাংলাদেশ থেকে ইউরোপ-আমেরিকার এ বিপত্সংকুল পথের যাত্রীদের অভিহিত করা হয় ‘টারজান ভিসার যাত্রী’ হিসেবে।",,,,,
ডাইভারসিটি ভিসার (ডিভি) আওতায় ১৯৯০ সালের দিকে বাংলাদেশ থেকে আধাপ্রশিক্ষিত লোক নেয়া শুরু করে যুক্তরাষ্ট্র। পরবর্তী সময়ে অভিবাসনপ্রত্যাশীর চাপ বাড়ায় ২০১৩ সালে ওই প্রকল্প বন্ধ হয়ে যায়।,,,,,
"যুক্তরাষ্ট্রে অবৈধপথে যাওয়া অভিবাসনপ্রত্যাশীদের ঢাকা থেকে প্রথমে উড়োজাহাজে করে নিয়ে যাওয়া দুবাই, দোহা অথবা আফ্রিকার কোনো দেশে। সেখান থেকে সরাসরি ব্রাজিল। যন্ত্রণাদায়ক যাত্রার শুরু হয় সেখান থেকেই।",,,,,
মার্কিন যুক্তরাষ্ট্র ও বাংলাদেশ সরকারের মধ্যে স্বাক্ষরিত সমঝোতা স্মারকের (এমওইউ) আলোকে দেশটি থেকে ৬০ হাজার ৮৭৫ টন গমবাহী জাহাজ মোংলা বন্দরের বহির্নোঙরে পৌঁছেছে। ,,,,,
বাংলাদেশ এরইমধ্যে সরকার টু সরকার জি টু জি ভিত্তিতে যুক্তরাষ্ট্র থেকে গম আমদানি কার্যক্রম শুরু করছে। ,,,,,
"যুক্তরাষ্ট্রে নিত্যপ্রয়োজনীয় খাদ্যের দাম ক্রমবর্ধমান হারে বাড়তে থাকায় ভোক্তাদের মধ্যে যে উদ্বেগ দেখা দিয়েছে, তা মোকাবিলায় প্রেসিডেন্ট ডোনাল্ড ট্রাম্প ২০০টিরও বেশি খাদ্যপণ্যের ওপর আরোপিত শুল্ক কমানোর ঘোষণা দিয়েছেন। ",,,,,
"ট্রাম্প প্রশাসনের এই নতুন শুল্কছাড় এরই মধ্যে কার্যকর হয়েছে, যা প্রেসিডেন্ট ট্রাম্পের জন্য একটি বড় ধরনের নীতিগত পরিবর্তন হিসেবে দেখা হচ্ছে।",,,,,
"কারণ, তিনি দীর্ঘদিন ধরেই দাবি করে আসছিলেন যে তার আরোপিত ব্যাপক আমদানি শুল্ক যুক্তরাষ্ট্রে মূল্যস্ফীতি বাড়ার ক্ষেত্রে কোনো ভূমিকা রাখছে না।",,,,,
"সম্প্রতি ভার্জিনিয়া, নিউ জার্সি ও নিউ ইয়র্ক সিটির স্থানীয় নির্বাচনে ডেমোক্র্যাটদের ধারাবাহিক জয়ের পেছনে ভোটারদের জীবনযাত্রার ব্যয়, বিশেষ করে খাদ্যদ্রব্যের ক্রমবর্ধমান দাম, একটি গুরুত্বপূর্ণ ইস্যু হয়ে উঠেছিল।",,,,,
"ট্রাম্প এই ঘোষণায় আরও জানান, তিনি আগামী বছর নিম্ন ও মধ্যবিত্ত আমেরিকানদের জন্য দুই হাজার ডলারের এককালীন অর্থ সহায়তা দেওয়ার পরিকল্পনা করছেন।",,,,,
"ট্রাম্প প্রশাসন আর্জেন্টিনা, ইকুয়েডর, গুয়াতেমালা ও এল সালভাদরের সঙ্গে নতুন বাণিজ্য চুক্তির খসড়া ঘোষণা করেছে।",,,,,
"হোয়াইট হাউজ জানিয়েছে, দ্বিপাক্ষিক বাণিজ্যে ‘পারস্পরিক সুবিধা’ বৃদ্ধির সাম্প্রতিক অগ্রগতির পর কিছু নির্দিষ্ট খাদ্যপণ্যে এই শুল্ক ছাড় দেওয়া হয়েছে। বিশেষ করে এমন পণ্যগুলোকে ছাড় দেওয়া হয়েছে যেগুলো যুক্তরাষ্ট্রে উৎপাদিত বা প্রক্রিয়াজাত হয় না।",,,,,
"সরকারি তথ্যমতে, চলতি বছরের সেপ্টেম্বর পর্যন্ত গরুর কিমার দাম গত বছরের একই সময়ের তুলনায় প্রায় ১৩ শতাংশ বেড়েছে। অন্যদিকে, স্টেকের দাম বৃদ্ধি পেয়েছে প্রায় ১৭ শতাংশ, যা গত তিন বছরের মধ্যে সর্বোচ্চ বৃদ্ধি।",,,,,
"যুক্তরাষ্ট্র বিশ্বের অন্যতম বৃহৎ গরুর মাংস উৎপাদনকারী দেশ হলেও, সাম্প্রতিক বছরগুলোতে গরুর সংকট ও উৎপাদন ব্যয় বৃদ্ধি দাম বাড়িয়ে রেখেছে।",,,,,
"যুক্তরাষ্ট্রে টানা ৪০ দিন ধরে চলা কেন্দ্রীয় সরকারের শাটডাউন (অচলাবস্থা) শেষ করার লক্ষ্যে রোববার রিপাবলিকান ও ডেমোক্র্যাট সিনেটরদের মধ্যে সমঝোতা হলেও, নিম্ন আয়ের আমেরিকানদের খাদ্য ভর্তুকি (ফুডস্ট্যাম্প) নিয়ে অনিশ্চয়তা কাটেনি।",,,,,
নতুন অর্থবছরের শুরু ১ অক্টোবর থেকে শুরু হওয়া এই শাটডাউন এখন যুক্তরাষ্ট্রের ইতিহাসে সবচেয়ে দীর্ঘ। ,,,,,
এ অবস্থায় যুক্তরাষ্ট্রজুড়ে প্রায় ৪২ মিলিয়ন (৪ কোটির বেশি) নিম্ন আয়ের আমেরিকান এবং কয়েক লাখ বাংলাদেশি প্রবাসী খাদ্য সহায়তার অনিশ্চয়তায় পড়েছেন।,,,,,
ফেডারেল বরাদ্দ সংকুচিত হওয়ায় ৭ নভেম্বর থেকে ৪০টি আন্তর্জাতিক বিমানবন্দরে ফ্লাইট ওঠানামা ৪ শতাংশ কমেছে।,,,,,
ফুডস্ট্যাম্প বরাদ্দ বন্ধ থাকায় গ্রোসারি স্টোর ও রেস্টুরেন্টে বিক্রি কমেছে প্রায় ৪০ শতাংশ। এতে বাংলাদেশি-অধ্যুষিত বাণিজ্যিক এলাকায় ব্যবসায়ীরা বিপাকে পড়েছেন।,,,,,
"নিউইয়র্ক, নিউজার্সি, পেনসিলভেনিয়া, মিশিগান, টেক্সাসসহ বেশ কয়েকটি অঙ্গরাজ্যে বিনামূল্যে খাদ্য বিতরণ কর্মসূচি জোরদার করা হলেও তা প্রয়োজনের তুলনায় অপ্রতুল বলে জানিয়েছেন স্থানীয় জনপ্রতিনিধিরা।",,,,,
নিউ হ্যাম্পশায়ারের ডেমোক্র্যাট সিনেটর ম্যাগি হাসান ও জন শাহীন এবং মেইনের স্বতন্ত্র সিনেটর অ্যাংগাস কিংয়ের মধ্যস্থতায় হওয়া সমঝোতা সফল হলে ৩০ জানুয়ারি পর্যন্ত সরকারি দপ্তরগুলোর জন্য অর্থ ছাড় দেওয়া হবে।,,,,,
"রিপাবলিকান সিনেটর সুসান কলিনস জানিয়েছেন, “শাটডাউন চলাকালে বরখাস্ত হওয়া কর্মীদের চাকরি ফেরানো হবে এবং সামরিক বাহিনী, কোস্ট গার্ড, ক্যাপিটল পুলিশ, সীমান্তরক্ষী ও বিমান ট্রাফিক নিয়ন্ত্রকসহ সব ফেডারেল কর্মী তাদের বকেয়া বেতন পাবেন।”",,,,,
"তবে সিনেটে ডেমোক্র্যাট নেতা চাক শ্যুমার এবং প্রতিনিধি পরিষদের বড় একটি অংশ এখনো সমঝোতায় রাজি না হওয়ায় শাটডাউন পুরোপুরি অবসান হবে কি না, তা নিয়ে সংশয় থেকেই গেছে।",,,,,
যে সময় থেকে যুক্তরাষ্ট্রে নিরাপদ খাদ্য নিয়ে আলোচনা শুরু হয়েছে জোরালো ভাবে। আর সেটা শুরু হয়েছিল দ্য জাঙ্গাল নামে একটি বইয়ের মাধ্যমে।,,,,,
যে সময় থেকে যুক্তরাষ্ট্রে নিরাপদ খাদ্য নিয়ে আলোচনা শুরু হয়েছে জোরালো ভাবে। আর সেটা শুরু হয়েছিল দ্য জাঙ্গাল নামে একটি বইয়ের মাধ্যমে।,,,,,
ফিরে যাই আজ থেকে ১০০ বছরের বেশি আগে। যে সময় থেকে যুক্তরাষ্ট্রে নিরাপদ খাদ্য নিয়ে আলোচনা শুরু হয়েছে জোরালো ভাবে। আর সেটা শুরু হয়েছিল দ্য জাঙ্গাল নামে একটি বইয়ের মাধ্যমে। ১৯০৫ সালে প্রকাশিত এই বইটি লেখা হয়েছিল অভিবাসীদের নিয়ে যারা শিল্পাঞ্চলে বসবাস করত। ,,,,,
"বইটি যখন আপ্টন সিনক্লেয়ার লেখেন তার আগে নয় মাস তিনি ছদ্মবেশ নিয়ে শিকাগোর একটি মাংসের খামারে কর্মচারী হিসেবে কাজ করেছেন। সেখানে তিনি দেখেছেন নানা অস্বাস্থ্যকর উপায়ে মাংস প্রক্রিয়াজাতকরণ, পরিবহন ও বিপণনের বিষয়গুলো। এই অভিজ্ঞতা থেকেই তিনি লেখেন দ্য জাঙ্গাল বইটি। ",,,,,
প্রেসিডেন্ট বারাক ওবামা নিরাপদ খাদ্যের জন্য আরেকটি আইন পাস করেন ফুড সেফটি অ্যান্ড মডার্নাইজেশন অ্যাক্ট নামে। এই আইনগুলোর সঠিক প্রয়োগের কারণেই আসলে দেশটিতে খাদ্য এত নিরাপদ।,,,,,
"যুক্তরাষ্ট্রে কেন্দ্রীয়ভাবে তো বটেই, স্থানীয় পর্যায়েও নিরাপদ খাদ্যের বিষয়টি নজরদারি করা হয়ে থাকে। আর এর জন্য গড়ে উঠেছে সরকারি সংস্থা।",,,,,
"আমেরিকা এবং ইউরোপের ধনী দেশগুলোতেই খাদ্য অপচয়ের মাত্রা সবচেয়ে বেশি। গবেষণায় দেখা যায় এসব দেশে মানুষ যে খাদ্য কেনেন, তার অর্ধেকই তারা না খেয়ে ফেলে দেন। ",,,,,
"খাদ্যে ভেজাল রোধ ও মান নিয়ন্ত্রণে জনস্বাস্থ্য সুরক্ষার দায়িত্বে রয়েছে মার্কিন সংস্থা ফুড অ্যান্ড ড্রাগ অ্যাডমিনিস্ট্রেশন (এফডিএ)। মার্কিন যুক্তরাষ্ট্রে জনস্বাস্থ্য সুরক্ষার দায়িত্বে থাকা এফডিএ বিক্রয়যোগ্য খাবার ও ওষুধের মান নিয়ন্ত্রণ, বাজারে তামাকজাত পণ্যের সরবরাহ, বিভিন্ন মেডিকেল যন্ত্রাংশ ও রাসায়নিক এবং প্রসাধনীর মান পরীক্ষা করে থাকে। ",,,,,
মার্কিন যুক্তরাষ্ট্রে ৯০০ মিলিয়ন একর কৃষিজমি আছে। এসব জমি ২ মিলিয়নেরও বেশি খামারের অধীনে। শতকরা হিসাবে এই জমির পরিমাণ হলো যুক্তরাষ্ট্রের মোট ভূমির প্রায় ৪০%।,,,,,
"২০২০ সালে মার্কিন যুক্তরাষ্ট্রের কৃষি, খাদ্য উৎপাদন এবং সংশ্লিষ্ট অন্যান্য শিল্প (যেমন খাদ্য প্রক্রিয়াজাত করা এবং খুচরা বিক্রয়) থেকেই দেশটির মোট দেশজ উৎপাদন বা জিডিপির ১.০৫৫ ট্রিলিয়ন ডলার এসেছে। এই পরিমাণ অর্থ যুক্তরাষ্ট্রের মোট জিডিপির ৫%।",,,,,
"মেক্সিকোর জাতীয় খাবার? এটি পোর্টেবল এবং যে কোনও সময়, যে কোনও জায়গায় উপভোগ করা যায়। ছাড়াও, মেক্সিকান বুরিটোটি বিশ্বের মানুষদেরকে স্থানীয় উপাদানগুলি ব্যবহার করে তাদের নিজের স্টাইলের বুরিটো তৈরি করতে দেয়। ",,,,,
""" বুরিটো "", এটি একটি পদ যা আধিকারিকভাবে 19শ শতাব্দীতে প্রকাশিত হয়েছে, স্পেনীয় ভাষায় ""ছোট গাধা"" অর্থে।কেউ কেউ বলেন যে এটি বুরিটো গাধাদ্বারা বহন করা এবং রাস্তায় বিক্রি করা হতো, এবং এই ধরণের ঘুড়ির আকৃতি গাধাদ্বারা বহিত রোল পাক এবং বিছানার সাথে মিলে যায়, তাই এই নামটি উদ্ভাবিত হয়েছিল।",,,,,
"মূলত, যখন মেক্সিকোতে বুরিটো তৈরি করা হতো, তখন তা ছোট আকারে এবং সরল উপাদানসহ তৈরি করা হতো।কিন্তু যখন এটি ইউনাইটেড স্টেটসে - বড় এই ""সাংস্কৃতিক মিলনস্থল"" এনে আসল, তখন বুরিটো একটি বড় আকারে বৃদ্ধি পায় না মাত্র, বরং এটি আরও বিভিন্নতাপূর্ণ এবং সুবিধাজনক হয়ে তৈরি হয়েছে।",,,,,
"মূলত, যখন মেক্সিকোতে বুরিটো তৈরি করা হতো, তখন তা ছোট আকারে এবং সরল উপাদানসহ তৈরি করা হতো।কিন্তু যখন এটি ইউনাইটেড স্টেটসে - বড় এই ""সাংস্কৃতিক মিলনস্থল"" এনে আসল, তখন বুরিটো একটি বড় আকারে বৃদ্ধি পায় না মাত্র, বরং এটি আরও বিভিন্নতাপূর্ণ এবং সুবিধাজনক হয়ে তৈরি হয়েছে।",,,,,
"আমেরিকান-স্টাইলের প্রথম বুরিটো রেস্তোরাঁর মেনুতে 1930 এর দশকে ক্যালিফোর্নিয়ায় প্রথম প্রদর্শিত হয়েছিল, এই পুরোপুরি পরিপূর্ণ খাদ্য আইটেমটি শীঘ্রই একটি বড় হিট হয়ে উঠল।",,,,,
"অর্ডার অনুযায়ী তৈরি করা বুরিটোর পাশাপাশি, ১৯৫৬ সালে ক্যালিফোর্নিয়ায় জমাট বুরিটো আবিষ্কার করা হয়েছিল, যা তাৎক্ষণিকভাবে সুপারমার্কেটের জমাট খাদ্য আইলেসে প্রবেশ করে।",,,,,
"রমজান এগিয়ে আসার সঙ্গে সঙ্গে যুক্তরাষ্ট্রজুড়ে আচারনিষ্ঠ মুসলিমদের জন্য হালাল খাবার সহজলভ্য হয়ে উঠেছে, যা তাদের ইফতারের পাশাপাশি বছরের বাকি সময়েরও প্রয়োজন মেটাতে পারে।",,,,,
খাদ্যাভ্যাসের ইসলামি বিধিতে বিশুদ্ধতা নিশ্চিত করার স্বার্থে কিছু নির্দিষ্ট খাবার নিষিদ্ধ এবং প্রাণী জবাইয়ের পদ্ধতি নিয়ন্ত্রিত করা হয়েছে।,,,,,
"যুক্তরাষ্ট্রে, যেসব খাদ্য ও পণ্য উৎপাদনের ক্ষেত্রে হালাল পদ্ধতি অনুসরণ করা হয় বলে দাবি করা হয়, সেগুলো প্রয়োজনীয় শর্ত পূরণ করছে কি না, তা পরীক্ষা করে দেখে ইউএসএ হালাল চেম্বার অব কমার্স এবং ইসলামিক সার্ভিসেস অব আমেরিকার মতো প্রত্যয়নকারী সংস্থা",,,,,
"‘শুধু মুসলিম-অধ্যুষিত দেশ নয়, সব দেশেই  হালাল খাদ্য বিশেষজ্ঞদের অস্তিত্ব রয়েছে,’ বলেন ইসলামিক সার্ভিসেস অব আমেরিকার ভাইস প্রেসিডেন্ট টিমোথি হায়াট।",,,,,
"যুক্তরাষ্ট্র হালাল শিল্পের ক্ষেত্রে সুদক্ষ ও অভিজ্ঞ এবং এর স্বীকৃতি ইন্দোনেশিয়া, মালয়েশিয়া ও সিঙ্গাপুর পর্যন্ত বিস্তৃত।’",,,,,
"হায়াটের আইওয়াভিত্তিক সংস্থা উত্তর আমেরিকা, ইউরোপ এবং চীনের গ্রাহকদের জন্য স্বাদ-গন্ধ, সিরাপ, খাদ্যশস্য, রাসায়নিক দ্রব্য ও প্রক্রিয়াজাতকরণের বিভিন্ন উপকরণ হালাল হিসেবে প্রত্যয়ন করে। ",,,,,
"মেরিল্যান্ডভিত্তিক ইউএসএ হালাল চেম্বার অব কমার্স মাংস, পানীয়, নাশতা, কেমিক্যাল এবং কসমেটিকসের প্রত্যয়ন শুরু করে ১৯৯৭ সালে। সুপারমার্কেটের তাকে যা কিছু হালাল বলে বিক্রি করা হয়, সেগুলোর প্রতিটিকে প্রত্যয়ন করার কাজে অভিজ্ঞ এই সংস্থা, বলেন তাদের কোয়ালিটি ম্যানেজার আলী ঘানিম।",,,,,
"যুক্তরাষ্ট্রের হালাল সার্টিফিকেশন গোটা বিশ্বে স্বীকৃত। বেশির ভাগ ক্ষেত্রে যুক্তরাষ্ট্রের খাদ্য প্রক্রিয়াজাতকারী এবং উৎপাদনকারীরাই সংস্থাটির সেবা নেয়; তবে কানাডা, মেক্সিকো এবং ইউরোপ থেকেও গ্রাহক আসে।",,,,,
"কমপ্লায়েন্স নিশ্চিত করতে ইসলামিক সার্ভিসেস অব আমেরিকার কোয়ালিটি অ্যাসুরেন্স টিম উপাদান থেকে শুরু করে উৎপাদনের প্রতিটি ধাপ পর্যালোচনা করে দেখে এবং স্থাপনার নিরীক্ষাও পরিচালনা করে। পরীক্ষায় উত্তীর্ণ হলে, উৎপাদনকারী প্রতিষ্ঠান তাদের স্থাপনা ও পণ্যকে হালাল বলে প্রচার করতে পারে। ",,,,,
ইউএসএ হালালের পরিদর্শন রিপোর্ট পর্যালোচনা করে একটি কমিটি। এতে আরও কিছুটা সময় ব্যয় হয়। তবে তাদের পদ্ধতিও সাধারণত একই রকম হয়ে থাকে বলে জানান ঘানিম।,,,,,
"যুক্তরাষ্ট্রের সাবেক ফার্স্ট লেডি মিশেল ওবামা বলেছেন, যুক্তরাষ্ট্র এখনো নারী প্রেসিডেন্টের জন্য প্রস্তুত নয়। এর উদাহরণ হিসেবে তিনি গত নির্বাচনে কমলা হ্যারিসের পরাজয়ের কথা উল্লেখ করেছেন।",,,,,
"সম্প্রতি এক অনুষ্ঠানে মিশেল ওবামাকে প্রশ্ন করা হয় যুক্তরাষ্ট্রে নারী প্রেসিডেন্টের জন্য কি যথেষ্ট ক্ষেত্র তৈরি হয়েছে? জবাবে সাবেক এই ফার্স্ট লেডি বলেন, ‘গত নির্বাচনেই আমরা এর উদাহরণ দেখেছি। দুঃখজনক হলেও, আমরা প্রস্তুত নই।’ ",,,,,
"মিশেল ওবামা আরও বলেন, কখনো ভাববেন না, আমি নির্বাচনে প্রতিদ্বন্দ্বীতা করবো। কারণ, আপনারা মিথ্যা বলেছেন। নারী নেতৃত্বের জন্য আমাদের আরও পরিণত হতে হবে। এখনো অনেক পুরুষ মনে করে না যে, তারা নারী নেতৃত্ব মেনে নিতে পারবে।",,,,,
"সিএনএন-এর প্রতিবেদনে বলা হয়েছে, অনেক ডেমোক্র্যাট সমর্থকের কাছে মিশেল ওবামা বেশ জনপ্রিয়। দীর্ঘদিন ধরে মিশেলকে তারা প্রেসিডেন্ট প্রার্থী হিসেবে দেখার প্রত্যাশা করছেন। তবে সাবেক এই ফার্স্ট লেডি তা বরাবরই অস্বীকার করেছেন।",,,,,
ম্যাট ইসেম্যান হলেন আমেরিকান নিনজা ওয়ারিয়রের হোস্ট এবং সম্প্রতি আমেরিকার সেলিব্রিটি শিক্ষানবিস জিতেছেন। তিনি একজন স্ট্যান্ড আপ কমেডিয়ান এবং একজন এমডিও! ,,,,,
"ঠিক আছে, আমার রোগ নির্ণয় হওয়ার দেড় বছর আগে আমার লক্ষণগুলি শুরু হয়েছিল। আমি তখন একজন এমডি ছিলাম, আমার বাবা একজন এমডি, এবং আমার কিছু বন্ধুও ডাক্তার, কিন্তু এই সমস্ত তথ্য থাকা সত্ত্বেও, রোগ নির্ণয় করতে আমার 18 মাস লেগেছিল। ",,,,,
"এই সময়ে, আমার শরীর সত্যিই বিচ্ছিন্ন হয়ে পড়েছিল। আমি প্রায় 45-50lb লাভ করেছি। আমার হাতে, পায়ে, ঘাড়ে, আমার পুরো শরীরে ব্যথা, প্লাস সমস্ত ক্লান্তি যা চলছিল তার মানে আমি কাজ বন্ধ করে দিয়েছি।",,,,,
"এটা আমাকে শারীরিক এবং মানসিকভাবে এতটা প্রভাবিত করেছিল যে যখন আমাকে বলা হয়েছিল যে আমার রিউমাটয়েড আর্থ্রাইটিস হয়েছে, তখন এটি একটি স্বস্তি ছিল; মানুষ এটা বিশ্বাস করা কঠিন. আমার জন্য, এই সমস্ত সমস্যাগুলি মোকাবেলা করা কঠিন ছিল এবং কী ঘটছে বা কী ভুল ছিল তা জানা ছিল না।",,,,,
যুক্তরাষ্ট্রে নিত্যপ্রয়োজনীয় খাদ্যের দাম বাড়ায় ভোক্তাদের উদ্বেগ মোকাবিলায় প্রেসিডেন্ট ডোনাল্ড ট্রাম্প দুইশ'র বেশি খাদ্যপণ্যের ওপর আরোপিত শুল্ক কমানোর ঘোষণা দিয়েছেন।,,,,,
নতুন এই শুল্কছাড় এরই মধ্যে কার্যকর হয়েছে—যা ট্রাম্পের জন্য বড় ধরনের নীতিগত পরিবর্তন। কারণ তিনি এতদিন দাবি করে আসছিলেন যে তার আরোপিত ব্যাপক আমদানি শুল্ক যুক্তরাষ্ট্রে মূল্যস্ফীতি বাড়াচ্ছে না।,,,,,
"শুল্ক কিছু ক্ষেত্রে দাম বাড়াতে পারে, তবে তার দাবি—যুক্তরাষ্ট্রে প্রায় কোনো মূল্যস্ফীতি নেই।",,,,,
"সম্প্রতি ভার্জিনিয়া, নিউ জার্সি ও নিউ ইয়র্ক সিটির স্থানীয় নির্বাচনে ডেমোক্র্যাটদের ধারাবাহিক জয়ের পেছনে ভোটারদের জীবনযাত্রার ব্যয়—বিশেষ করে খাদ্যদ্রব্যের দাম—একটি গুরুত্বপূর্ণ ইস্যু হয়ে উঠেছিল।",,,,,
"ট্রাম্প আরও জানান, তিনি আগামী বছর নিম্ন ও মধ্যবিত্ত আমেরিকানদের জন্য দুই হাজার ডলারের অর্থ সহায়তা দেওয়ার পরিকল্পনা করছেন, যা শুল্ক আদায়ের অর্থ থেকে দেওয়া হবে।",,,,,
"বৃহস্পতিবার ট্রাম্প প্রশাসন আর্জেন্টিনা, ইকুয়েডর, গুয়াতেমালা ও এল সালভাদরের সঙ্গে বাণিজ্য চুক্তির খসড়া ঘোষণা করেছে। ",,,,,
চুক্তিগুলো চূড়ান্ত হলে এসব দেশের বিভিন্ন খাদ্যপণ্য ও আমদানির ওপর যুক্তরাষ্ট্রের শুল্ক বাতিল হবে। বছরের শেষের আগেই আরও কিছু চুক্তি চায় ওয়াশিংটন।,,,,,
শুক্রবার প্রকাশিত তালিকায় রয়েছে আমেরিকান ঘরোয়া বাজারে ব্যাপকভাবে ব্যবহৃত নানা পণ্য—যেগুলোর অনেকগুলোর দাম গত বছর থেকে দুই অঙ্কে বেড়েছে।,,,,,
"হোয়াইট হাউজ জানায়, দ্বিপাক্ষিক বাণিজ্যে ‘পারস্পরিক সুবিধা’ বৃদ্ধিতে সাম্প্রতিক অগ্রগতির পর কিছু খাদ্যপণ্যে শুল্ক ছাড় দেওয়া হয়েছে, কারণ সেগুলো যুক্তরাষ্ট্রে উৎপাদিত বা প্রক্রিয়াজাত হয় না।",,,,,
যুক্তরাষ্ট্রের কেন্দ্রীয় সরকারের ইতিহাসের সবচেয়ে দীর্ঘ অচলাবস্থার (শাটডাউন) অবসান ঘটিয়ে প্রেসিডেন্ট ডোনাল্ড ট্রাম্প বুধবার একটি বিলে স্বাক্ষর করেছেন। ,,,,,
এর ফলে ৪৩ দিনের শাটডাউন শেষে কংগ্রেসের উভয় কক্ষে সমঝোতার মাধ্যমে সরকার ফের চালু হওয়ার সিদ্ধান্তে পৌঁছেছে। তবে বিশেষজ্ঞরা সতর্ক করছেন—অচলাবস্থা শেষ হলেও দেশজুড়ে জীবনযাত্রা ও প্রশাসনিক কার্যক্রম তৎক্ষণাৎ স্বাভাবিক হবে না।,,,,,
দীর্ঘদিনের শাটডাউনের ফলে যুক্তরাষ্ট্রের বিমান পরিবহন ব্যবস্থা কার্যত স্থবির হয়ে পড়ে। ফেডারেল এভিয়েশন অ্যাডমিনিস্ট্রেশন (এফএএ) ৪০টি ব্যস্ত বিমানবন্দরে দৈনিক ফ্লাইট সংখ্যা ৬ শতাংশ পর্যন্ত কমাতে বাধ্য হয়েছে।,,,,,
"এয়ার ট্রাফিক কন্ট্রোলাররা ৪৩ দিন ধরে কোনো বেতন পাননি; কেউ কেউ খণ্ডকালীন চাকরি নিতে বাধ্য হয়েছেন সংসার চালাতে। ফলে ক্লান্তি, কর্মী ঘাটতি ও মনোবল হ্রাসে বিমান চলাচলে বিশৃঙ্খলা সৃষ্টি হয়েছে।",,,,,
"বার্তা সংস্থা রয়টার্স জানিয়েছে, এ বিলে ট্রাম্পের স্বাক্ষরের ফলে ৪৩ দিনের সরকারি অচলাবস্থা শেষে ফেডারেল কর্মীরা স্থানীয় সময় বৃহস্পতিবার থেকে তাদের কাজে ফিরে আসবেন। ",,,,,
"এই বিলে স্বাক্ষর করার ঠিক আগমুহূর্তে প্রেসিডেন্ট ট্রাম্প বলেন, যুক্তরাষ্ট্র এর চেয়ে ভালো অবস্থায় কখনো ছিল না। তিনি বলেন, এটি একটি দুর্দান্ত দিন।",,,,,
"তবে বিমান চলাচল বিশ্লেষক হেনরি হার্টেভেল্ড বলেন, যদি এখনই অচলাবস্থার নিরসন করা হয়, তাহলেও থ্যাঙ্কসগিভিং ভ্রমণ মৌসুমের আগে পুরোপুরি স্বাভাবিক হওয়া কঠিন।",,,,,
"যুক্তরাষ্ট্রের পরিবহনমন্ত্রী শন ডাফি ঘোষণা করেছেন, সরকার ফের চালু হওয়ার ৪৮ ঘণ্টার মধ্যে কন্ট্রোলাররা তাদের বেতনের ৭০ শতাংশ পাবেন, এবং এক সপ্তাহের মধ্যে বাকি অংশ পরিশোধ করা হবে। ",,,,,
"অচলাবস্থার প্রভাব শুধু আকাশপথে নয়, দেশের মূল অবকাঠামো ও সামাজিক সেবা খাতেও ছড়িয়ে পড়েছে। কিছু কার্গো বিমান স্থগিত থাকায় পণ্য পরিবহন বিলম্বিত হচ্ছে, ফলে অনলাইন অর্ডার ও ডেলিভারিতেও সমস্যা দেখা দিয়েছে। ",,,,,
"মার্কিন কৃষি বিভাগ জানিয়েছে, তহবিল ফের পাওয়া গেলে সুবিধাভোগীরা বকেয়া অর্থ পাবেন; কিন্তু তা কখন পাওয়া যাবে, তা নিশ্চিত হওয়া যায়নি।",,,,,
"অর্থনীতি বিশ্লেষক র্যাচেল স্নাইডারম্যান বলেন, ‘সরকার চালু হলেও কর্মীদের আর্থিক স্থিতি ফিরে পেতে আরও সময় লাগবে। এ ছাড়া অনেকেই শিশু যত্ন বা ঋণ ব্যবস্থাপনায় নতুন খরচে জড়িয়ে পড়েছেন, যা সহজে কাটিয়ে ওঠা সম্ভব নয়।’",,,,,
"রিপাবলিকান সিনেটর সুসান কলিন্স বলেন, ‘চলুন কাজটা শেষ করি, দ্রুত।’ কিন্তু রাজনৈতিক উল্লাসের মধ্যেও বাস্তবতা হলো—সরকারি সেবার ওপর নির্ভরশীল লাখ লাখ নাগরিক এখন ধীরে ধীরে সেই সেবা ফিরে পাওয়ার অপেক্ষায়।",,,,,
"বিশ্লেষকদের মতে, মার্কিন আকাশ প্রতিরক্ষা প্রকল্প ‘গোল্ডেন ডোম’ থেকে শুরু করে সামাজিক নিরাপত্তা পর্যন্ত—আমেরিকার নীতিনির্ধারণ এখন আর শুধু রাজনীতির খেলা নয়, বরং স্থিতিশীলতা ও কর্মসংস্থানের প্রশ্ন।",,,,,
মার্কিন যুক্তরাষ্ট্রে অভিবাসন ও কাস্টমস এনফোর্সমেন্ট (আইস) চলতি বছরে ব্যাপক হারে গ্রেপ্তার ও আটক অভিযান পরিচালনা করেছে। প্রেসিডেন্ট ডোনাল্ড ট্রাম্প জানুয়ারিতে ক্ষমতায় আসার পর থেকে অভিবাসন নীতিতে কড়াকড়ি আরোপ করা হয়েছে। ,,,,,
"তবে আশ্চর্যের বিষয় হলো, সরকারি সংস্থা আর পূর্ণাঙ্গ তথ্য প্রকাশ করছে না। ফলে অভিবাসীদের গ্রেপ্তার, আটক ও বহিষ্কারের নির্ভরযোগ্য চিত্র জানতে এখন নির্ভর করতে হচ্ছে স্বাধীন গবেষক ও আইনজীবীদের সংগৃহীত তথ্যে।",,,,,
"ট্রাম্প প্রশাসন দায়িত্ব নেওয়ার আগে পর্যন্ত আইস তাদের ওয়েবসাইটে একটি সহজ অনুসন্ধানযোগ্য ড্যাশবোর্ড পরিচালনা করত। সেখানে রাজ্যভিত্তিক গ্রেপ্তার, আটক, অভিযোগের ধরন, এমনকি বহিষ্কারের পরিসংখ্যানও নিয়মিত হালনাগাদ হতো।",,,,,
কংগ্রেসের নির্দেশনা অনুযায়ী এই তথ্য প্রতি তিন মাসে একবার প্রকাশ করার কথা থাকলেও ট্রাম্প প্রশাসন দায়িত্ব নেওয়ার পর থেকে তা আর হয়নি। বরং প্রতিদিনের গ্রেপ্তার কোটা বাড়িয়ে দেওয়া হয়েছে তিন হাজার পর্যন্ত।,,,,,
"সরকার যখন নিয়মিত তথ্য দিচ্ছে না, তখন মাঠে নেমেছে কিছু স্বাধীন সংগঠন। তাদের মধ্যে অন্যতম হলো ডিপোর্টেশন ডেটা প্রজেক্ট। আইনজীবী ও একাডেমিকদের সমন্বয়ে গঠিত এই সংগঠন তথ্য উন্মুক্ত করার জন্য মামলা করে জয়ী হয়েছে।",,,,,
সিরাকিউজ বিশ্ববিদ্যালয়ের গবেষকরা বহু বছর ধরে এফওআইএ’র মাধ্যমে সরকারি ডেটা সংগ্রহ করে আসছেন। তাদের ওয়েবসাইটে বিপুল তথ্যভাণ্ডার রয়েছে।,,,,,
"স্বাধীন সংগঠনগুলোর তথ্য বিশ্লেষণে দেখা যাচ্ছে, ২০২৫ সালের জানুয়ারির মাঝামাঝি থেকে জুলাইয়ের শেষ পর্যন্ত ইলিনয়েস অঙ্গরাজ্যে গ্রেপ্তার ও আটকের পরিমাণ হঠাৎ বেড়ে গেছে।",,,,,
শিকাগোর ব্রডভিউ প্রসেসিং সেন্টার ও শহরের কেন্দ্রস্থলে অবস্থিত আইসিই অফিস থেকে এই আটক কার্যক্রম বেশি হয়েছে। তবে বহিষ্কারের ক্ষেত্রে সর্বশেষ ডেটায় গুরুতর ভুল থাকার অভিযোগ উঠেছে।,,,,,
শিকাগোতে পরিস্থিতি আরও জটিল হয়ে উঠেছে। সম্প্রতি শহরে ‘অপারেশন মিডওয়ে ব্লিৎজ’ নামে এক বিশেষ অভিযান শুরু হয়েছে। শত শত ফেডারেল এজেন্ট শহরের বিভিন্ন এলাকায় অভিযান চালাচ্ছে। বিশেষ করে লাতিনো সম্প্রদায়ের মধ্যে ভয়ের পরিবেশ তৈরি হয়েছে।,,,,,
"শিকাগোর ব্যবসা প্রতিষ্ঠান ও কর্মীরা এখনো আতঙ্কে আছেন। অনেকেই ভাবছেন, আইস যদি হঠাৎ কর্মস্থলে হাজির হয় তাহলে কী করা উচিত। আইন বিশেষজ্ঞরা বলছেন, নিয়োগকর্তা ও কর্মীদের উভয়েরই কিছু অধিকার আছে, এবং সেগুলো জানা অত্যন্ত জরুরি।",,,,,
"এদিকে শিকাগো পাবলিক স্কুলস ঘোষণা দিয়েছে যে শিক্ষার্থীদের ক্লাসে কোনো ধরনের ঝুঁকি নেই। পাশাপাশি অভিভাবক ও পরিবারগুলোর জন্য আলাদা সহায়তা ও তথ্যসেবা চালু করা হয়েছে, যাতে সন্তানদের স্কুলে যাওয়া-আসা নিরাপদ হয়।",,,,,
ট্রাম্প প্রশাসন দায়িত্ব নেওয়ার পর থেকে আইস আগের যেকোনো সময়ের তুলনায় বহুগুণ বেশি অভিযান চালাচ্ছে। সরকারি ড্যাশবোর্ড বন্ধ হয়ে যাওয়ায় তথ্যের স্বচ্ছতা হারিয়েছে।,,,,,
"অভিবাসন নীতি নিয়ে রাজনৈতিক বিতর্ক তীব্রতর হচ্ছে। একদিকে প্রশাসনের দাবি, নিরাপত্তা ও আইনশৃঙ্খলার স্বার্থে এই অভিযান জরুরি। অন্যদিকে মানবাধিকারকর্মীরা বলছেন, এর ফলে হাজারো পরিবার ভেঙে যাচ্ছে এবং অভিবাসী সম্প্রদায়ের ওপর চাপ বাড়ছে। ",,,,,
"স্প্যানিশ শহর আলিকান্টে বহু মার্কিন অবসরপ্রাপ্তের জন্য জনপ্রিয় গন্তব্য। উষ্ণ আবহাওয়া, কম খরচের জীবনযাপন এবং আর্থিক সুবিধা অনেককে আকৃষ্ট করছে। বাদ নেই মার্কিনিরাও।",,,,,
"ক্রমবর্ধমান সংখ্যক মার্কিন নাগরিক তাদের অবসর পরবর্তী জীবন যুক্তরাষ্ট্রের বাইরে কাটানোর কথা ভাবছেন। যদিও সরকারিভাবে নির্দিষ্ট পরিসংখ্যান নেই, তবে অভিবাসন ও বিদেশে অবসর নেওয়া নিয়ে কাজ করা সংস্থা এবং ওয়েবসাইটগুলোতে সাম্প্রতিক কয়েক মাসে আগ্রহের উল্লেখযোগ্য বৃদ্ধি দেখা গেছে।",,,,,
"ক্যাথলিন পেডিকর্ড, ‘লাইভ অ্যান্ড ইনভেস্ট ওভারসিস’-এর প্রতিষ্ঠাতা, বলেন, “এবারের আগ্রহ অন্যান্য নির্বাচনের পরে অচল হয়ে যাবে এমন নয়। মানুষ খুবই প্র্যাকটিক্যাল প্রশ্ন করছেন, যেমন কোন দেশে বসবাস সম্ভব, ভিসা এবং করের বোঝা কেমন হবে। ",,,,,
"অবসরপ্রাপ্তদের বিদেশে যাত্রার ক্ষেত্রে বেশ কিছু গুরুত্বপূর্ণ বিষয় বিবেচনা করতে হয়। প্রথমত, তারা যে দেশে যেতে চাচ্ছেন সেখানে কি আইনত বসবাসের অনুমতি পাবেন এবং তাদের অর্থনৈতিক সামর্থ্য কি যথেষ্ট। ",,,,,
"মালয়েশিয়ায় জীবনযাত্রা সাশ্রয়ী, রেন্ট সস্তা এবং স্বাস্থ্যসেবা আধুনিক ও সুলভ। মালয়েশিয়া মাই সেকেন্ড হোম (MM2H) প্রোগ্রামের মাধ্যমে দীর্ঘমেয়াদি ভিসা পাওয়া যায়। তবে জলবায়ু আর্দ্র এবং ভ্রমণের সময় বেশি।",,,,,
‘রিটায়ার্ড’ বা অবসরগ্রহণকারী ব্যক্তিদের নিয়ে আমাদের সবার মানসপটে অনেকটা এমন ছবিই আঁকা। কিন্তু এসব ছবির সঙ্গে কোনোভাবেই মেলানো যাচ্ছে না যুক্তরাষ্ট্রের ফ্লোরিডা এবং সাউথ ক্যারোলাইনার এক বিশেষ জনগোষ্ঠীকে।,,,,,
"বর্তমান তরুণ প্রজন্ম বা জেন জিরা তাদের অগ্রজদের তুলনায় বেশি বাস্তববাদী। নেটমাধ্যমে তথ্যের অবাধ প্রবাহ তাঁদের করে তুলেছে অনেক বেশি ফোকাসড, সতর্ক এবং স্বতঃস্ফূর্ত। ",,,,,
"বিশ্বখ্যাত জনস্বাস্থ্য ও চিকিৎসা সাময়িকী ল্যানসেট-এর নিবন্ধে উঠে এসেছে, ২০১০ সালের পর ৫৫ বছরের বেশি বয়সী আমেরিকানদের মধ্যে গনোরিয়ার প্রাদুর্ভাব বেড়েছে ছয়গুণ! জন্মনিরোধকবিহীন (কনডম) শারীরিক সম্পর্ক, ‘হুকআপ’ সংস্কৃতি এবং প্রবীণদের মধ্যে ডেটিং অ্যাপের বর্ধিত ব্যবহারকে এর জন্য দায়ী করা যেতে পারে।",,,,,
"অ্যালকোহল, ড্রাগ এবং পার্টির সঙ্গেও ক্রমশ জড়াচ্ছে বয়স্ক ব্যক্তিদের নাম! বিভিন্ন জরিপে দেখা গেছে যে, যুক্তরাষ্ট্র, অস্ট্রেলিয়া এবং ফ্রান্সের মতো দেশগুলোতে অল্পবয়সীরা মদ্যপানের হার কমালেও ৫৫ বছরের বেশি বয়সীদের মধ্যে পানাসক্তি অধিক! ",,,,,
গত বিশ বছরে আমেরিকার বয়স্কদের মধ্যে অ্যালকোহল সেবনের হার ৪৯% থেকে ৫৯%-তে পৌঁছেছে।,,,,,
ইজি' ব্র্যান্ডের ফ্যাকাসে চেহারার মডেলগুলো সম্পাদকদের বিরক্তির কারণ হলেও কেইন ওয়েস্টের ফ্যাশন বিশ্বে এই এক্সপেরিমেন্টকে ফ্যাশন বোদ্ধারা ইতিবাচক হিসেবেই নিয়েছেন। তা নাহলে তালিকার দুই নম্বরে পৌঁছল কী করে!  ,,,,,
যুক্তরাষ্ট্রের বাজারে বাংলাদেশি পণ্যের ওপর আরোপিত বাড়তি শুল্ক ৩৫ শতাংশ থেকে কমিয়ে ২০ শতাংশ করার ঘোষণা দিয়েছেন ডোনাল্ড ট্রাম্প।,,,,,
প্রথম দিকে লিঁও এর অধিবাসীদের কাছে বিশেষ করে শহরটিতে বসবাস করা তরুণ প্রজন্মের অনেকের কাছে ফ্রেঞ্চ তাকো ব্যাপক সমাদর লাভ করে। এক সময় ফ্রান্সের সীমানা পেরিয়ে পুরো ইউরোপ এমনকি আজকের দিনে পুরো পৃথিবীতে ফ্রেঞ্চ তাকো এক অনন্য ফাস্টফুড আইটেম হিসেবে  স্বীকৃত।,,,,,
বাংলাদেশের গ্রামে শামুক সাধারণত হাস-মুরগিকে খাওয়ানো হয়। এই জলজ প্রাণিটি ফ্রান্সে খাদ্য হিসেবে বেশ জনপ্রিয়। সেখানে বিশেষ পদ্ধতিতে শামুক পালন ও খাদ্য হিসেবে উপযুক্ত করে তোলা হয়। সেরা রাঁধুনীরা শামুকের নানা পদ পরিবেশন করেন।,,,,,
"ফ্রান্সের বার্গান্ডি অঞ্চলের এই ফার্ম সত্যি বেশ ব্যতিক্রমী। চাষি হিসেবে পেরিন দুদ্যাঁও তাই। তিনি গরু বা ভেড়া নয়, শামুক পালন করেন৷ তার মতে, পুরো ফ্রান্সে, বিশেষ করে বার্গান্ডি অঞ্চলে সেটা একটা ঐতিহ্য।",,,,,
"ফ্রান্সে এত বেশি রোমান স্নেল সংগ্রহ করা হয়েছে, যে সেগুলোর সংখ্যা কমেই চলেছে। তাছাড়া সেগুলোর বেড়ে উঠতে তিন বছর সময় লাগে। জলবায়ু পরিবর্তনের কারণে এই প্রাণীর বংশবৃদ্ধি কঠিন হয়ে পড়েছে।",,,,,
খোলস থেকে শামুক বের করা হয়। ফলে শুধু মাংস পাওয়া যায়। তারপর শ্লেষ্মা দূর করতে সেগুলো ঝাঁকাতে হয়। পরিষ্কার করতে এবং সম্ভাব্য ব্যাকটিরিয়া দূর করতে সেগুলো সেদ্ধ করতে হয়। সবশেষে মাখন যোগ করতে হয়। তবে সেটা পার্সলে মাখন হতে হবে। এতে করে শামুকের স্বাদ বেড়ে যায়। তবে সেটাই যথেষ্ট নয়৷,,,,,
"রেস্টুরেন্টের মেন্যু কার্ডটা হাতে নিতে ক্যাতিসিয়া আমাকে বলল, ‘গুলাশ ট্রাই করি, কী বলো। আমাদের দেশের নামের সঙ্গে গুলাশ শব্দটি ওতপ্রোতভাবে লেগে আছে। ইউরোপে এর থেকে স্পাইসি খাবার তুমি আরেকটি খুঁজে পাবে না।’",,,,,
পেচে থাকতেও কয়েকবার আমার গুলাশ খাওয়ার সুযোগ হয়েছিল। প্রকৃতপক্ষে গুলাশ হচ্ছে একধরনের স্টু জাতীয় খাবার। বেশির ভাগ ক্ষেত্রে গরুর মাংস দিয়ে গুলাশ তৈরি করা হয়। তবে সেদিন আমরা ফিশ গুলাশ নিয়েছিলাম।,,,,,
"বছরে প্রায় ৩৬৫ দিন বিফ গুলাশ রান্না করা যায়, কিন্তু ঐতিহ্যগতভাবে নির্দিষ্ট কিছুদিন ছাড়া ফিশ গুলাশ রান্না করা যায় না। আর ফিশ গুলাশ রান্না করতে হলে নির্দিষ্ট একধরনের কার্প–জাতীয় মাছের প্রয়োজন হয়। ",,,,,
"অস্ট্রো-হাঙ্গেরিয়ান সাম্রাজ্যের বিস্তারের সঙ্গে সঙ্গে গুলাশ পার্শ্ববর্তী দেশ স্লোভাকিয়া, রোমানিয়া, চেক রিপাবলিক, স্লোভেনিয়া, অস্ট্রিয়া, সার্বিয়া কিংবা ইউক্রেনের মতো দেশগুলোতেও ব্যাপকভাবে জনপ্রিয়তা লাভ করেছে। ",,,,,
"টরটিলা রুটির ভেতর বিভিন্ন ধরনের সস, চিজ আর মাংসের কিমা (গরু, ভেড়া কিংবা মুরগি যে কোনও মাংসের কিমা হতে পারে) ও ফ্রেঞ্চ ফ্রাই স্টাইলে ভাজা আলুর পুর দিয়ে কিছুক্ষণ গ্রিল কিংবা টোস্টারের আঁচে রেখে প্রস্তুত করা হয় ফ্রেঞ্চ তাকো।",,,,,
সাধারণত গ্রাম হিসেবে ফ্রেঞ্চ তাকো বিক্রি করা হয়। একশো গ্রাম থেকে শুরু করে পাঁচ কিলোগ্রাম ওজনের তাকো তৈরি করা হয়। দুইশো গ্রাম ওজনের একটি ফ্রেঞ্চ তাকোর দাম পাঁচ থেকে আট ইউরো পর্যন্ত হতে পারে।,,,,,
"রাশিয়ার মতো বিশাল এবং বহুজাতির দেশে এসে উপলব্ধি করলাম, এদের নির্দিষ্ট কোনো জাতীয় খাবার নেই। তবে আছে ভিন্ন ভিন্ন জাতির মজার সব খাবার। উত্তর-পূর্ব ইউরোপীয়, ককেশিয়ান, মধ্য এশিয়া, সাইবেরিয়ান এবং পূর্ব এশিয়ার প্রভাবে রাশিয়ার খাবারে আছে বৈচিত্র্য।",,,,,
"বিংশ শতাব্দীতে এই জাতীয় খাবার খুব প্রভাব বিস্তার করেছিল। ১৬ থেকে ১৮ শতকের দিকে খাবার রান্নার কৌশলে এসেছিল ভিন্নতা। মাছ মাংসে স্মোক পদ্ধতি, সালাদ, চকলেট, আইসক্রিম, ওয়াইন এসব বিদেশ থেকে আমদানি করা হতো। ",,,,,
"প্রথমত রুশরা খাবার নিয়ে খুব বেশি ঝুট ঝামেলা পছন্দ করে না। তারা সাধারণত সহজ ও সরল খাবার পছন্দ করে। দ্বিতীয়ত, এরা খাবার তালিকায় সবজি ও স্যুপের মাত্রাটা একটু বেশিই রাখে।",,,,,
আমরা বাঙালিরা রান্না সুস্বাদু করার কিংবা রান্না নিয়ে যত সময় খরচ করি তার চার ভাগের এক ভাগ সময় রুশরা খরচ করে রান্নাতে।,,,,,
আমাদের দেশীয় মরিচের মতো প্যাপরিকাতে তেমন ঝাল নেই। এ কারণে ক্যাতিসিয়া গুলাশকে ইউরোপের সবচেয়ে স্পাইসি খাবার বললেও আমার কাছে তেমন একটা ঝাল মনে হয়নি।,,,,,
"ইউরোপ অবিশ্বাস্য রন্ধনশৈলীর বৈচিত্র্যের একটি মহাদেশ। হাঙ্গেরির মজাদার স্টু থেকে শুরু করে পর্তুগালের সূক্ষ্ম পেস্ট্রি পর্যন্ত, খাবার শত শত বছরের বাণিজ্য, অভিবাসন, সাম্রাজ্য নির্মাণ এবং শক্তিশালী আঞ্চলিক ঐতিহ্যের প্রতিফলন।",,,,,
"গুলিয়াস (হাঙ্গেরিতে এটি এ নামেই পরিচিত) ৯ম শতাব্দীর যাযাবর ম্যাগিয়ার মেষপালকদের সময় থেকে চলে আসছে, যারা লোহার কড়াইতে খোলা আগুনে মাংস রান্না করত।",,,,,
"গোলাশ কেবল “স্টু” নয়। এতে হাঙ্গেরিয়ান পাপ্রিকা ব্যবহার করা হয়—সাধারণ মুদি দোকানের ধরনের নয়, বরং গভীর, ধোঁয়াটে, রোদে শুকানো লাল মরিচের গুঁড়ো, যা প্রায়শই সেগেড বা কালোচা-তে জন্মায়। ",,,,,
"সতেরো শতকে সেফারডিক ইহুদি অভিবাসীদের দ্বারা এটি চালু হয়েছিল, শিল্প বিপ্লবের সময় শ্রমিক-শ্রেণীর ব্রিটিশদের কাছে ভাজা মাছ জনপ্রিয় হয়ে ওঠে। ",,,,,
"তাজা সাদা মাছ (কড বা হ্যাডক), ব্যাটারে ডুবিয়ে সোনালী না হওয়া পর্যন্ত ভাজা হয়। ঘন করে কাটা চিপস (ফ্রেঞ্চ ফ্রাই নয়), মল্ট ভিনেগার এবং কখনও কখনও ম্যাশি পি বা টার্টার সসের সাথে পরিবেশন করা হয়।",,,,,
"১৮ শতকে লিসবনের জেরোনিমোস মঠ থেকে এর জন্ম, সন্ন্যাসীরা leftover ডিমের কুসুম (তারা সাদা অংশ পোশাক মাড় দেওয়ার জন্য ব্যবহার করত) ব্যবহার করে এই টার্টগুলো তৈরি করেছিলেন।",,,,,
"মঠটি বন্ধ হয়ে গেলে, রেসিপিটি কাছাকাছি Fábrica de Pastéis de Belém-এর কাছে বিক্রি করা হয়েছিল, যা এখনও আসল রেসিপিটি ধরে রেখেছে।",,,,,
"দ্বিতীয় বিশ্বযুদ্ধের পর রোমে কার্বনারার উদ্ভব হয়েছিল, সম্ভবত ইতালীয় কৌশল এবং আমেরিকান রেশন (বেকন ও ডিম)-এর মিশ্রণ হিসাবে। কিন্তু আজকের রোমান কার্বনারায় কোনো ক্রিম, রসুন বা পেঁয়াজ নেই—শুধু উচ্চ মানের উপাদান নিখুঁতভাবে ব্যবহার করা হয়েছে।",,,,,
"গরম দুধে মিশিয়ে খানিক জ্বাল দিলেই কাশা তৈরি। আর কাশা পরিবারে ওটস, বার্লি, জাউ ভাত, সুজি আছে। ",,,,,
"রুশদের প্রিয় খাবারের মধ্যে স্যুপ অন্যতম। রুশরা স্যুপকে ‘বুলিয়ন’ বলে। বুলিয়ন তৈরি করতে, একটি কড়াইতে পানি গরম করে তাতে একটি মুরগি দিয়ে সেদ্ধ করা হয়। মুরগি সেদ্ধ হয়ে গেলে, মুরগিটি উঠিয়ে ফেলা হয় এবং বাকি জ্বাল দেওয়া পানিটাই বুলিয়ন।",,,,,
"আমাদের দ্বিতীয় দিনের খাবারে যে খাবারটা খেয়ে সবচেয়ে বেশি শান্তি পেয়েছিলাম, সেটি হলো রুশদের আরেকটি ঐতিহ্যবাহী খাবার পরিজ (Porridge)। রুশ ভাষায় একে বলে ‘কাশা’ (Kasha)।",,,,,
"কম সময়ে কাশা তৈরি করা যায় বলেই ব্যস্ত রুশবাসীর প্রিয় খাবার কি না জানি না। তবে পুষ্টিকর তো অবশ্যই। আর সাথে গম, রাই, যবসহ নানা রকম ফসলের সংমিশ্রনে কাশা তৈরি হয় বলে খেতে ভাতের মতো একটা স্বস্তি পাওয়া যায়।",,,,,
এছাড়া রুশদের অন্যান্য জনপ্রিয় খাবারের মধ্যে রয়েছে ‘গ্রেজকা’। এই গ্রেজকা হলো একটি রুটি-ভিত্তিক খাবার। এটি সাধারণত রুটি ভেজে তৈরি করা হয়। গ্রেজকা সাধারণত মাখন বা বেকন দিয়ে পরিবেশন করা হয়। ,,,,,
আরও রয়েছে ‘পেলমেনি’। পেলমেনি হলো একটি মাংসের পাস্তা। এটি সাধারণত গরম পানিতে সেদ্ধ করে খাওয়া হয়। পেলমেনি সাধারণত সস বা মাখন দিয়ে পরিবেশন করা হয়।,,,,,
রুশরা তেল ছাড়া চিকেন খেতে পছন্দ করে। তারা চিকেনকে সাধারণত গ্রিল করে বা সেদ্ধ করে খায়। আর এখানে চিকেন সাধারণত সবজি দিয়ে পরিবেশন করা হয়।,,,,,
"বাঙালি খাবারে তেল এবং ঘিয়ের যেমনটা আধিক্য, ঠিক তার উল্টো রুশ খাবারে। রুশদের খাবার মেন্যুতে সালাদ একটি আবশ্যকীয় উপাদান। এরমধ্যে সবচেয়ে জনপ্রিয় হচ্ছে অলিভিয়ে (Olivier) সালাদ। ",,,,,
"শীতের দেশ রাশিয়ায় ঠান্ডা সহিষ্ণূ সবজি বাঁধাকপি, আলু শসা, টমেটো অন্যতম খাবার। এরা টমেটো, অলিভ, শসা, নানারকম মৌসুমি ফল ভিনেগারে ভিজিয়ে জারে সংরক্ষণ করে সারা বছর।",,,,,
রাশিয়ায় আলুর ফলন বেশি তাই আলু দিয়ে নানারকম খাবারেরও আধিক্য দেখা যায়। রুশ ভাষায় একে বলে ‘কার্তোফেল’।,,,,,
"যে কয়েকদিন রাশিয়ায় থেকেছি, সবচেয়ে মিস করেছি বাঙালির মশলাদার খাবার। রুশরা ঝাল একদমই খায় না বললে চলে। তাই তাদের খাবারে নেই ঝালের কিংবা মশলার ছিটেফোঁটা। লবণ কিংবা প্রক্রিয়াজাত শুকনো কারি পাতার গুঁড়ো দিয়ে মাংস কিংবা ডিম ভেজে খায়। ",,,,,
রাশিয়ান কুইজিনের জনপ্রিয় চিকেন স্ট্রোগানফ এবার বানাতে পারবেন ঘরেই।প্রথম দিকে এটি রান্না হতো গরুর মাংস (বিফ স্ট্রোগানফ) দিয়ে। যেখানে থাকত টক দই বা সাওর ক্রিম। পরবর্তীতে এই খাবারটি বিভিন্ন সংস্করণে তৈরি হতে থাকে। চিকেন স্ট্রোগানফ তারই একটি জনপ্রিয় বৈচিত্র্য।,,,,,
"সঠিকভাবে রান্না করলে, পাস্তার তাপ ডিম এবং পনিরকে একটি ক্রিমযুক্ত, মসৃণ সসে পরিণত করে, যা কখনই জমাট বাঁধে না। গুয়ানচিয়ালে (শুকানো শূকরের গলা) এমন গভীরতা যোগ করে যা বেকন তৈরি করতে পারে না। পেকোরিনো রোমানো তীক্ষ্ণতা যোগ করে।",,,,,
"উচ্চ-মানের পনির (সাধারণত গ্রুইয়ের এবং এemmental), শুকনো সাদা ওয়াইন এবং সামান্য কিরশ (চেরি ব্র্যান্ডি) দিয়ে গলানো হয়। লম্বা কাঁটাচামচে খাস্তা রুটির টুকরা দিয়ে পরিবেশন করা হয়। ফন্দুর পাত্রটি একটি বার্নার বা রেচো-র উপর বসানো থাকে।",,,,,
"পায়েলা ভ্যালেন্সিয়ান কৃষকদের জন্য একটি সাধারণ মাঠের খাবার হিসাবে শুরু হয়েছিল, যা কাঠকয়লার আগুনে অগভীর পাত্রে যা পাওয়া যেত তা দিয়ে রান্না করা হত—প্রায়শই খরগোশ, শামুক এবং মটরশুটি। সময়ের সাথে সাথে, উপকূলীয় শহরগুলিতে সামুদ্রিক খাবার দিয়ে তৈরি সংস্করণগুলি জনপ্রিয় হয়ে ওঠে।",,,,,
"ইতালীয় রন্ধনশৈলীর আরেকটি অনন্য দিক হল ওয়াইনের ব্যবহার, যা বিশ্বের অন্যতম সেরা হিসাবে বিবেচিত হয়। ",,,,,
প্রথমে এ খাবারটিতে ৩০টি থালা ব্যবহার করা হলেও সময়ের সাথে তা কমে আসছে। এই ডিশে প্রথমত গরুর মাংসের ঝোল তৈরি করার জন্য মাংসটি আগে ঠাণ্ডা পানিতে ভেজানো হয়। তারপর মাংসের সাথে অন্যান্য উপাদান যোগ করে একটি বন্ধ সসপ্যানে তা রান্না করা হয়।,,,,,
ইউক্রেনের পর্যটকদের প্রথম এবং প্রধান খাবার হলো চিকেন কিয়েভ। খাবারটি এতোই জনপ্রিয় যে বর্তমানে নিউ ইয়র্ক বা লন্ডনের ঝলমলে রেস্তোরাঁয় শোভা পায় ইউক্রেনের এই বিখ্যাত ডিশটি।,,,,,
চিকেন কিয়েভ রান্না করতে রাঁধুনিকে যথেষ্ট পরিমাণে পেশাদার হতে হয়। তাজা মুরগির ফিলেটের সাথে এক টুকরো মাখনের অনবদ্য সংমিশ্রণ আপনার জিভে জল আনতে বাধ্য।,,,,,
চিকেন কিয়েভ রান্না করতে রাঁধুনিকে যথেষ্ট পরিমাণে পেশাদার হতে হয়। তাজা মুরগির ফিলেটের সাথে এক টুকরো মাখনের অনবদ্য সংমিশ্রণ আপনার জিভে জল আনতে বাধ্য।,,,,,
"সকাল বা বিকালের নাশতার জন্য ডেরুনি বা পটেটো প্যানকেক একটি উৎকৃষ্ট খাবার। সুক্ষ্মভাবে কাটা আলুগুলো তাজা ভাজা হয়, তারপর তার সাথে মাংশ, পেঁয়াজ, মাশরুম, মশলা এবং শেষে এক চিমটি লবনের মাধ্যমে তৈরি হয় পটেটো প্যানকেক।",,,,,
ইউক্রেনীয়দের নিজস্ব পছন্দের খাবারের মধ্যে সালো অন্যতম। আতিথেয়তা বা বিত্তশালীদের নিজস্ব প্রতীক হিসেবে এই খাবারের চল আছে। শূকরের মাংসের চর্বি এই খাদ্যের মূল উপাদান। মশলা বা সবুজ শাক দিয়ে এই খাবার পরিবেশন করা হয়।,,,,,
"ভারেনিকি ময়দার তৈরি এক ধরনের ডাম্পলিং। বাঁধাকপি, মাশরুম, কটেজ পনির, চেরি, মাংশ, আলু, এই খাবারের প্রধান উপকরণ। ইউক্রেনীয়রা টক ক্রিমের সাহায্যে এই ডামপ্লিং খেয়ে থাকে।",,,,,
স্টাফড ক্যাবেজ রোলস বা স্থানীয় ভাষায় গোলুবটসি খাবারটি তৈরি করতে দীর্ঘপরিমাণ সময় লাগে। বাঁধাকপির পাতায় চাল এবং কিমা মুড়িয়ে এটি তৈরি হয়। শেষে টক ক্রিম দ্বারা ডিশটি পরিবেশিত হয়।,,,,,
"ওক্রোশকা একটা গ্রীষ্মকালীন সুপ। এর মূল উপাদান কেভাস, সাথে থাকে সসেজ, শশা, সবুজ শাক, গাজর এবং এর সঠিক গঠনের জন্য ব্যবহার করা হয় বড় আকারের মুলা।",,,,,
"বানুশ ইউক্রেনের একটি কিংবদন্তী খাবার। কার্পাথিয়ান অঞ্চলের সেরা সব রেস্তোরাঁর অন্যতম খাবার হচ্ছে বানুশ। এটি ভাজা শুয়োরের মাংশ, কর্ন গ্রিট ও পনির দ্বারা তৈরি করা হয়।",,,,,
"যারা মিষ্টি প্রেমী, তাদের জন্যই এই খাবার। সিরনিকির মূল উপাদান কুটির পনির, ময়দা, চিনি ও ডিম। একটি প্যানে আলতো করে ভাজার পর জ্যাম ও টক ক্রিম দিয়ে খাবারটি পরিবেশন করা হয়। যদিও সিরনিকি তৈরি করার জন্য উপাদানগুলোর নিখুঁত অনুপাতের প্রয়োজন হয়।",,,,,
নালিসনিকি ইউক্রেনের একটি পুষ্টিকর খাবার। এই খাবার তৈরির মূল মন্ত্র হলো- অল্প আঁচে ধীরে ধীরে রান্না করা। খাবারটির মূল উপাদান কুটির পনির আর কিশমিশ। জ্যাম আর চিনি সহযোগে খাবারটি পরিবেশন করা হয়।,,,,,
"চেক প্রজাতন্ত্রের খাবারের কথা এলে প্রথমেই বলতে হয় বিফ গুয়াশের কথা। শুধু চেক প্রজাতন্ত্র নয়, পূর্ব ইউরোপের দুপুর ও রাতের প্রধান খাবারই বিগ গুলাস।",,,,,
"ভ্রমণ শুরুর দিনই প্রাগ শহরের একাংশ দেখার পর সন্ধ্যাবেলা সিটি সেন্টারের একটি রেস্তোরাঁয় বিফ গুয়াশ খেয়েছি। যিনি আমার খাবার পরিবেশন করেছিলেন, তাঁর মুখ থেকেই অল্প করে শুনেছি বিফ গুয়াশ সম্পর্কে।",,,,,
"হাঙ্গেরির কিছু ঝাল–মসলার উপাদান বাদ দিয়ে, চেকরা নিজেদের মসলার স্বাদ যুক্ত করে তৈরি করে চেক প্রজাতন্ত্রের নিজস্ব বিফ গুয়াশ। নাম দেখেই বোঝা যাচ্ছে এর মূল উপাদান গরুর মাংস। সঙ্গে আলু আর পাউরুটির ব্যবহার। আলু আর গরুর মাংসের চপ, সঙ্গে ঝোল ও পাউরুটি। ",,,,,
"প্রাগ ও সমগ্র চেক প্রজাতন্ত্রের আরও একটি জনপ্রিয় খাবারের নাম সুইসকোভা। পাতলা করে কাটা গরুর মাংসের টুকরাকে কয়েক ঘণ্টার জন্য ম্যারিনেট করে রাখা হয়। কারণ, আমি যখন খেলাম, দেখলাম মাংস একদম মুখেই মিলিয়ে গেল।",,,,,
"চিমনি কেক। সিটি সেন্টারের দোকানগুলোতে ত্রেদেনিকের পাশে এ রকমটাই লেখা দেখেছি। এ খাবারটি প্রাগ শহরের স্ট্রিট ফুড হিসেবে বিবেচিত। শীত কিংবা গ্রীষ্ম, যখনই আপনি প্রাগ ভ্রমণ করবেন, তখনই আপনার চোখে পড়বে। ",,,,,
"চিনি দিয়ে আচ্ছাদিত একধরনের রোস্ট করা ময়দার সিলিন্ডার বা বড় পাইপের মতো মনে হয়। ঋতুবিশেষে দুভাবে পরিবেশন করা হয়। যখন আবহাওয়া শীতল থাকে, তখন গরম চকলেটের সঙ্গে খাওয়া হয়। আবার আবহাওয়া উষ্ণ হয়ে গেলে সাধারণত বিভিন্ন স্বাদের আইসক্রিমসহ পরিবেশন করা হয়।",,,,,
"ইউরোপ যাওয়ার আগপর্যন্ত প্যানকেকের একটি আকারের সঙ্গে আমি পরিচিত ছিলাম, যেটি দেখতে আমাদের চিতই পিঠার মতো। ডাচ প্যানকেক পিৎজার মতো। পিৎজা একটু স্বাস্থ্যবান আর ডাচ প্যানকেক তুলনায় পাতলা। ",,,,,
প্যালাচিঙ্কি ক্ল্যাসিক ফরাসি ক্রেপস বা অস্ট্রিয়ান প্যালাচিঙ্কেনের মতো। একটি গোলাকার প্যানে একটি পাতলা স্তরে মসৃণ বাটার ছড়িয়ে এবং তারপর সামান্য বাদামি হওয়া পর্যন্ত উভয় পাশে ভেজে প্যালাচিঙ্কি তৈরি করা হয়।,,,,,
"ইউরোপ ভ্রমণে গেলে পাউরুটির বৈচিত্র্য চোখে পড়বেই। কত আকারের আর স্বাদের পাউরুটি হতে পারে, সেটি ইউরোপে গেলে বোঝা যায়। এর মধ্যে কোনো কোনোটি ভীষণ শক্ত; দাঁত দিয়ে কামড়ে খাওয়া দায়। চাকু, ছুরি ব্যবহার করতে হয় স্লাইস করার জন্য।",,,,,
"প্রেতজেলের আকারের ঐতিহাসিক পটভূমিও আছে। অনেকে বলেন, রুটির এই ধরন জার্মানি থেকে এসেছে। আরও মতবাদ রয়েছে এই পাউরুটির। প্রেতজেল ইউরোপীয় সন্ন্যাসীরা মধ্যযুগের প্রথম দিকে আবিষ্কার করেছিলেন—ষষ্ঠ কিংবা সপ্তম শতকে।",,,,,
"এ ছাড়া শহরের বিভিন্ন স্থানে ঘুরে বেড়ানোর সময় ভেজিটেবল সসে ভেজানো রোস্টেড চিকেন, আপেল স্ট্রুডেল, ভালতাভার পাড়ে বসে কফি, তিরামিসু খেয়েছি। চিজ ও অলিভ অয়েল মাখানো সবুজ সবজির সালাদ, টমেটো স্যুপ, মাশরুম স্যুপের সে কী স্বাদ! মনে করলেই পুরো ইউরোপের চিজ কেকের অমৃত স্বাদ এখনো টের পাই আমার স্বাদকোরকে।",,,,,
জুরেক পোল্যান্ডের মানুষ তৃপ্তির সঙ্গে খেয়ে থাকে। যদি প্রথমবারের মতো এই খাবার আপনার সামনে নিয়ে আসা হয় তাহলে আপনি হয়তো স্যুপ মনে করে ভুল করবেন। এটি আসলে কাস্টার্ডের মতো। এতে শুধু থাকে ডিম। ,,,,,
গরুর নাড়িভুঁড়ি দিয়ে তৈরি একটি স্যুপ জাতীয় খাদ্য ফ্ল্যাকি। পোল্যান্ডে এই খাবার খুব সচরাচর না পাওয়া গেলেও জনপ্রিয়তা রয়েছে। পোলিশরা তৃপ্তির সঙ্গে খেয়ে থাকেন। ,,,,,
বিগোস পোল্যান্ডের অন্যতম জনপ্রিয় খাবার। গরু অথবা শূকরের মাংস দিয়ে তৈরি এই খাদ্য পোলিশরা তৃপ্তি সহকারে খেয়ে থাকেন। ,,,,,
জারনিনা খাবারটি পোলিশরা হাঁসের রক্তের সঙ্গে চিনি ও ভিনেগার মিশিয়ে খেয়ে থাকেন। এই খাবার পোলিশদের কাছে খুব পছন্দের খাবার। ,,,,,
গরুর মাংস দিয়ে তৈরি তাতার পোলিশদের কাছে পছন্দের ও ঐতিহ্যবাহী খাবার। ইউরোপের মেডিয়্যাভাল যুগ থেকে সুস্বাদু খাবারটি খেয়ে আসছেন পোলিশরা।,,,,,
শীতকালীন খাবার হলেও রন্ধনশিল্পের পুরোধা ব্যক্তিরা পোতো ফুঁকে ফ্রান্সের জাতীয় ডিশ বা খাবার হিসেবে আখ্যায়িত করতেও দ্বিধা করেননি।,,,,,
নব্যপ্রস্তর বা নিওলিথিক যুগেও এ খাবারের অস্তিত্ব ছিল বলে জানা যায়। তবে রোমানদের সময় বিশেষ মাত্রা লাভ করে এবং আলাদা একটি খাবার হিসেবে পরিচিতি পায় পোতে ফুঁ।,,,,,
"শীতের দিনের সবজি ও মাংস, বিশেষ করে গরুর মাংস হচ্ছে মূল উপকরণ। একটুখানি মাংস আর খানিকটা সবজি, অনেকটা পানিতে সেদ্ধ করে সুপের মতো একটি মাত্র ব্যঞ্জন হলেই একবেলা আহারের ব্যবস্থা হয়ে যেত সে সময়। ",,,,,
"বর্তমানে ফ্রান্সের নামকরা রেস্তোরাঁর শেফরা তাঁদের মতো করে এই সাধারণের খাবারকে অসাধারণ মহিমায় পরিবেশন করছেন। তা ছাড়া ফ্রান্সের অঞ্চলভেদে উপকরণে হেরফের হলেও রন্ধনপ্রণালি প্রায় একই।
",,,,,
"ফ্রান্সের খুব জনপ্রিয় শীতকালীন খাবারটি যেমন ধনী-দরিদ্রকে এক সারিতে এনেছে, তেমনি বহু প্রাচীন এই সুস্বাদু খাবার আজও একইভাবে ফরাসিদের খাবার টেবিল দখল করে আছে। বিশেষ করে তুষারপাতের দিনগুলোয় অপূর্ব এই খাবার হৃদয়কে উষ্ণ করে।",,,,,
"তারপরও একজন বাংলাদেশী হিসেবে, কোন কোন ইউরোপিয়ান খাবার আমার ভালো লাগে তা খুব কষ্ট করে আলাদা করি, যেমন: পিৎজা, ফ্রেঞ্চ ফ্রাই, বারবিকিউ, বার্গার, চিকেন ফ্রাই, চিকেন নাগেটস, ইত্যাদি।",,,,,
"যাই হোক রাশিয়ার মতো বিশাল এবং  নানাজাতির দেশে এসে উপলব্ধি করলাম, এদের কোন জাতীয় খাবার নেই। তবে আছে ভিন্ন ভিন্ন জাতির মজার সব খাবার। ",,,,,
"তবে উত্তর-পূর্ব ইউরোপীয়, ককেশিয়ান, মধ্য এশিয়া, সাইবেরিয়ান এবং পূর্ব এশিয়ার প্রভাবে রাশিয়ার খাবারে আছে বৈচিত্র্য। ",,,,,
"বৈরি আবহাওয়া এবং কঠোর পরিবেশগত কারণে মৌসুমি ফসলের ওপর কৃষকের খাবার নির্ভর করতো। ফলে গ্রামীণ জনগণ, পরিবেশের সাথে খাবারের একরকমের সংযোগ ঘটিয়েছিল। তাদের খাদ্য তালিকায় মূলত বিভিন্ন শস্য মাছ এবং গৃহপালিত পশুর মাংস এবং নিজেদের তৈরি বিয়ার এবং ভোদকার সরবরাহ।",,,,,
রুশরা খাবার নিয়ে এত ঝুট ঝামেলা পছন্দ করে না। আমরা বাঙালিরা রান্না সুস্বাদু করার কিংবা রান্না নিয়ে যত সময় খরচ করি তার চার ভাগের এক ভাগ সময় রুশরা খরচ করে রান্নাতে। ,,,,,
"একটি কড়াইতে সামান্য তেল, বা ইচ্ছে না হলে তেল ছাড়াই বেশ কিছু আলু কেটে লবণ ( ইচ্ছে হলে ) ছিটিয়ে ঢাকনা দিয়ে চুলোয় বসিয়ে দেয়। সেদ্ধ হলে নামিয়ে নেয়। এটিই ডিনার। ডর্মের বেশির ভাগ ছেলে মেয়েকে দেখি এই খাবার ডিনারে হিসেবে খেতে। ",,,,,
"রুশদের প্রিয় খাবার স্যুপ। এক করাইতে পানি চুলায় বসিয়ে পরিস্কার করা পুরো একটা মুরগি দিয়ে তাতে আলু আর টমেটো দিয়ে সেদ্ধ করা হয়। সেদ্ধ হবার পর মুরগিটা উঠিয়ে নেয়, বাকি জ্বাল দেয়া পানিটাই স্যুপ। এর নাম ‘বুলিয়ন’। ",,,,,
"এছাড়া কাশা, গ্রেজকা, পেলমেনি, তেল ছাড়া চিকেন ভাজাও আমার ডর্মের রান্নাঘরে চলে। মাঝেমাঝে আমার দীর্ঘ সময় নিয়ে ভাত তরকারি রান্না দেখে কেউ কেউ মুচকি হাসে। ",,,,,
"পেলমেনি হচ্ছে মম বা মান্তি গোত্রের খাবার। পাতলা ময়দা দিয়ে আবৃত ভেতরে কাঁকড়ার মাংস অথবা শুকরের মাংস, ডিম অথবা মিশ্র মাংসের পুর দেয়া থাকে। শীতকালে অনেকদিন থাকে বলে গ্রামীণ লোকদের কাছে জনপ্রিয় একটি খাবার এমনকি মস্কোতেও খুব জনপ্রিয়।",,,,,
"গম, রাই, যব নানা রকম ফসলের সংমিশ্রনে কাশা তৈরি হয়। সাথে মেশানো থাকে নানারকম শুকনো ফলের গুঁড়ো। গরম দুধে মিশিয়ে খানিক জ্বাল দিলেই কাশা তৈরি। আর কাশা পরিবারে ওটস, বার্লি, জাউ ভাত, সুজি আছে ।",,,,,
"রুশদের খাবারে স্যুপ অন্যতম। নানারকম সবজি এবং মাশরুম দিয়ে তৈরি এই স্যুপগুলো খুব স্বাস্থ্যকর তবে রাসোলনিক নামক এক ধরনের ঐতিহ্যবাহি স্যুপ যা  কিনা তৈরি হয় টক শশা, গরু অথবা শুকরের কিডনি দিয়ে। ",,,,,
"সোভিয়েত সময়ের প্রধান খাবারে পরিণত হয়েছিল এই রসোলনিক স্যুপ। এছাড়া লাটসা নামের এক ধরনের নুডলস স্যুপ, বুলিয়ন, শচি, উখা নামক নানা ধরনের স্যুপ আছে।",,,,,
রুশরা ঝাল একদমই খায় না বললে চলে। তাই তাদের খাবারে নেই ঝালের কিংবা মশলার ছিটেফোঁটা । লবণ কিংবা প্রক্রিয়াজাত শুকনো কারি পাতার গুড়ো দিয়ে মাংস কিংবা ডিম ভেজে খায়।,,,,,
মস্কো শহরে আছে প্রচুর রেস্তোরাঁ। যেখানে রাশিয়ান নানা জাতের নানান খাবার পাওয়া যায়। সেইসব রেস্তোরাঁতে ঢুকলে তেল ঘি বিহীন খাবারগুলোও আপনার জিভে জল আনবে আমি নিশ্চিত।,,,,,
মস্কো শহরে শর্মা খুব চলে তাছাড়া সুশি আর আইসক্রিম এ দুটো খাবারও সমান জনপ্রিয়। আইসক্রিমের কথা বলতেই হয়। রুশ ভাষায় এর নাম ‘মারুসজনে’। কনকনে ঠান্ডায় গলায় মাফলার জড়িয়েও তারা আইসক্রিম খায়। ,,,,,
"রাশিয়ান খাবারে স্যুপ অন্যতম প্রধান খাবার। বিভিন্ন ধরণের স্যুপ রয়েছে, যার মধ্যে রয়েছে Borsch (বিট দিয়ে তৈরি), Shchi (পাতাযুক্ত সবজি দিয়ে তৈরি), Ukha (মাছ দিয়ে তৈরি), এবং Solyanka (মাংস, সবজি এবং মশলা দিয়ে তৈরি)।",,,,,
"রুটি রাশিয়ান খাদ্যের আরেকটি গুরুত্বপূর্ণ অংশ। Borodinsky (এক ধরণের বাদামী রুটি) এবং Lavash (পাতলা, সমতল রুটি) সবচেয়ে জনপ্রিয় রুটির মধ্যে।",,,,,
"রাশিয়ানরা বিভিন্ন ধরণের মাংস খায়, যার মধ্যে রয়েছে গরুর মাংস, শুয়োরের মাংস, ভেড়ার মাংস এবং মুরগির মাংস। Pelmeni (মাংসের ডাম্পলিং), Pirozhki (মাংস, সবজি বা ডিম দিয়ে ভরা পেস্ট্রি), এবং Shashlyk (skewered grilled meat) জনপ্রিয় মাংসের খাবার।",,,,,
"রাশিয়ানরা প্রচুর পরিমাণে মাছ খায়, বিশেষ করে স্যামন, স্টারজেন এবং হেরিং। ক্যাভিয়ার রাশিয়ার একটি বিখ্যাত খাবার।",,,,,
"রাশিয়ান ডেজার্টগুলি প্রায়শই মিষ্টি এবং ফল দিয়ে তৈরি করা হয়। Syrniki (কটেজ পনিরের প্যানকেক), Pryaniki (মশলাযুক্ত জিঞ্জারব্রেড), এবং Vatrushka (মিষ্টি পনির দিয়ে ভরা পেস্ট্রি) জনপ্রিয় ডেজার্ট।",,,,,
"রাশিয়ানরা বিশ্বাস করে যে তাদের কিছু খাবার অসুস্থতা এবং রোগ নিরাময়ে সহায়তা করতে পারে। উদাহরণস্বরূপ, রসুন রাশিয়ার কার্যত প্রতিটি ঘরে দেখা যায় কারণ রাশিয়ানরা রসুনের নিরাময়ের ক্ষমতায় বিশ্বাসী। ",,,,,
"যদিও অনেক রাশিয়ান খাবার যেমন আলু এবং কিছু মাংস মশলা হতে পারে তবে সমস্ত রাশিয়ান খাবারের ক্ষেত্রে এটি হয় না। প্রকৃতপক্ষে, রাশিয়ান ঘোড়া এবং সরিষা হ'ল বিশ্বে স্প্রেসেট খাদ্য সংযোজনগুলির মধ্যে দুটি।",,,,,
"খাবারের নাম হিসেবে গলুবস্ত্য বেশ অদ্ভূত একটি নাম। যার অর্থ পায়রা। তবে এটি কবুতরের মাংস থেকেই তৈরি করা হয় এমন নয়। বাঁধাকপির পাতা দিয়ে মাংস মুড়িয়ে এটি তৈরি করা হয়। মুরগি, কবুতর, গরু, খাসি ইত্যাদি যেকোনো মাংসই হতে পারে।",,,,,
যেকোনো স্বাস্থ্য সচেতন ব্যক্তি রাশিয়ায় গিয়ে সালাদ অলিভিয়ার খেতে চাইতেই পারে। তবে কোনো রেস্টুরেন্টে বসে সালাদ অলিভিয়ার অর্ডার করে ধাক্কার মতো খাবেনই। এই সালাদটিতে সবজির চেয়েও মেয়োনিজের পরিমাণ থাকে বেশি,,,,,
"জার্মানরা সসেজ পছন্দ করেন। আর সেটা যদি টমেটো সস, কারি পাউডার আর মুচমুচে আলু ভাজা দিয়ে পরিবেশন করা হয়, তাহলে তো কথাই নেই! হ্যাঁ, প্রায় ২৬ বছর ধরে মধ্যাহ্নভোজে এ খাবারই জার্মানদের সবচেয়ে প্রিয়। ",,,,,
"কারিভুর্স্ট-লম্বা, পুরু সসেজ, গ্রিল বা ভাজা মুচমুচে। তার ওপর টমেটো কেচাপ এবং কারি পাউডার ছড়ানো। জার্মানির ক্যান্টিনগুলোয় ঐতিহ্যবাহী এই কারিভুর্স্ট আজও খাদ্যরসিকদের রসনাকে তৃপ্ত করে চলছে। ",,,,,
"খাদ্যসংস্কৃতিতে ফরাসিদের সুনাম অনেকটাই একচেটিয়া। সেই প্রাচীনকাল থেকে খাবার নিয়ে নানা পরীক্ষা-নিরীক্ষা, বিজ্ঞান এবং নান্দনিকতার সমন্বয়ে খাবার ও রন্ধন শুধু ক্ষুধা নিবারণে সীমাবদ্ধ থাকেনি। আর এখন তা শিল্পের আলাদা মাত্রায় উন্নীত হয়েছে।",,,,,
বিচিত্র খাবারের প্রতি ফরাসিদের একটা আলাদা আকর্ষণ আছে। পর্যটকদের অনেকেই ফ্রান্স ভ্রমণে এসে সেসব খাবারের স্বাদ আস্বাদন করে মোটেই হতাশ হননি। তবে খাবার হচ্ছে অনেকটাই অভ্যাসের ব্যাপার। অনেক খাবারের ঘ্রাণ আমাদের স্মৃতিতে ধরে রাখতে পারি।,,,,,
"ফরাসিরা শামুক, গুগলি, ঝিনুক ইত্যাদি খেতে খুব পছন্দ করে। এদের মাছের বাজারগুলোর অনেকটাই দখল করে থাকে নানা প্রজাতির শামুক ও ঝিনুক।",,,,,
"ফ্রান্সের মূল ভূমির সীমানায় অনেকটা জায়গাজুড়ে আছে উপসাগর, সাগর, এমনকি মহাসাগর। আর তাই ফরাসিদের রসনা মেটাতে সামুদ্রিক প্রাণীদের কমতি নেই। এদের একটি হচ্ছে উর্সা বা অর্চিন, ফ্রান্সের প্রায় সব বাজারেই পাওয়া যায়। অনেকটাই গোলাকার, শক্ত এবং প্রচুর বিষাক্ত কাঁটাযুক্ত আবরণের ঢাকা নরম দেহের একটি প্রাণী এটি।",,,,,
ভূমধ্যসাগরের অর্চিনের স্বাদের বেশ নামডাক আছে। বছরে ছয় মাস জেলেরা নির্দিষ্ট আকারের অর্চিন সংগ্রহ করার অনুমতি পেয়ে থাকে। শেফরা খুব হালকা আঁচে বিভিন্নভাবে খাবারের উপযোগী করে এটি।,,,,,
ফোয়া গ্রা বেশ দামি এবং ফরাসিদের খুব পছন্দের একটি খাবার। বিভিন্ন পালা-পার্বণ এবং উৎসবে এদের খাবার টেবিলের অন্যতম আকর্ষণ এই সুস্বাদু খাবার। তা ছাড়া বিভিন্ন বনেদি রেস্তোরাঁ তাদের নিজেদের ফোয়া গ্রার উৎকর্ষ নিয়ে বেশ বড়াই করে।,,,,,
ফোয়া গ্রার অর্থ হচ্ছে চর্বিযুক্ত মোটা কলিজা। ফোয়া গ্রা আসলে অতিরিক্ত খাবার খাইয়ে মোটাতাজা করা হাঁসের কলিজা বা যকৃৎ। বাছাইকৃত প্রজাতির রাজহাঁস এবং সাধারণ পাতিহাঁসকে নিয়মিত আকণ্ঠ খাবার গিলিয়ে যকৃৎ কলেবরে বৃদ্ধি ও চর্বিসমৃদ্ধ করা হয়।,,,,,
"ফোয়া গ্রা পরিবেশনায় নান্দনিকতার ছোঁয়া সহজেই দৃষ্টি আকর্ষণ করে। সালাদে, বিভিন্ন খাবারের সঙ্গে অনেকভাবে পরিবেশন করা হয় এটি। তবে পরিবেশনের নির্দিষ্ট নিয়ম নেই। সাধারণত তিনভাবে ফোয়া গ্রা প্রস্তুত করা হয়—কাঁচা বা ক্রুড, আধা সেদ্ধ এবং পুরো সেদ্ধ। ",,,,,
"রি দ্য ভোঁ একটি বিচিত্র খাবার। সুইটব্রেড বা মিষ্টি রুটিও বলা হয়। তবে রুটির সঙ্গে কোনোই সম্পর্ক নেই এর। আসলে এটি হচ্ছে অরগান মিট, বাচ্চা গরুর থাইমাস গ্লান্ড, হৃৎপিণ্ডের ওপরের দিকের একটি অঙ্গ। পূর্ণ বয়স্ক গরুতে এই অঙ্গটি থাকে না। চমৎকার রন্ধনপ্রণালিতে বেশ উপাদেয় ফরাসিদের পছন্দের খাবার এটি। ",,,,,
"সাবেক ফরাসি প্রেসিডেন্ট জ্যাক শিরাকের খুব প্রিয় খাবার এই ‘তেত দ্য ভোঁ’। তেত দ্য ভোঁ হচ্ছে ‘বাচ্চা গরুর মাথা’। ফ্রান্সের জনপ্রিয় খাবারের একটি এটি। এই খাবার তৈরি করতে বাচ্চা দুধের গরুর কানসহ নরম চামড়া, গরুর পায়া ও জিহ্বা প্রয়োজন হয়। ",,,,,
"ফরাসির এই মিষ্টি আন্তর্জাতিকভাবে বিখ্যাত। বলা যায়, এটি ফরাসির ফ্যাশনেবল একটি মিষ্টি। ম্যাকারন গোলাকার কুকি-আকৃতির কেক, বাইরের দিকে খাস্তা এবং ভিতরে নরম, পিষে বাদাম, চিনি এবং ডিমের সাদা অংশের পেস্ট দিয়ে তৈরি হয়। ",,,,,
"গ্রীষ্মের প্রতি শ্রদ্ধা নিবেদনকারী এই ক্লাসিক ফরাসি খাবার দিয়ে প্রোভেন্সের স্বাদ নিন। নরম জুচিনি, মরিচ এবং বেগুনের ফালিগুলির পাশে পুষ্ট, রসালো টমেটো। সহজ কথায়, প্রতিটি কামড় তাজা স্বাদের এক বিস্ফোরন, যা রসুন এবং রোদে মেশানো একটি সুগন্ধি ভেষজ সস দ্বারা আরও উন্নত হয়।  ",,,,,
"ফরাসি রন্ধন ঐতিহ্যে ডুব দিন এই সমৃদ্ধ, ধীরে ধীরে রান্না করা আরামদায়ক খাবার দিয়ে, যাতে থাকে নরম সাদা মটরশুঁটি, সসেজ এবং সুস্বাদু মাংস, যা গভীর স্বাদের ঝোলে মাখানো থাকে। এবং ফলাফল? একটি বিলাসবহুল এবং হৃদয়গ্রাহী খাবার যা ফরাসি গ্রামীণ রান্নার সহজ সৌন্দর্য তুলে ধরে। ",,,,,
"ক্লাসিক প্যারিসীয় বিস্ট্রো অভিজ্ঞতা হলো ক্রোক মঁসিয়ে। টোস্ট করা সাদা রুটির মধ্যে হ্যাম এবং পনিরের ফালিগুলো সুনিপুণভাবে সাজানো হয়, যা একটি সুস্বাদু শ্রেষ্ঠত্ব তৈরি করে। এছাড়াও, একটি ক্রিমি বেচামেল সস আরেকটি স্তর সমৃদ্ধি যোগ করে, এবং সবশেষে, এটি সোনালী পরিপূর্ণতা পর্যন্ত টোস্ট করা হয়। ",,,,,
"রুটি ফরাসি রন্ধনশৈলীর একটি ভিত্তিপ্রস্তর, ঐতিহ্য এবং স্বাদের প্রতীক। ফরাসি বেকারিগুলো বিভিন্ন ধরণের রুটি তৈরি করে, যার প্রত্যেকটির নিজস্ব অনন্য স্বাদ রয়েছে। পনিরের সাথে বা স্যান্ডউইচ হিসেবে, ফ্রান্সের রুটি একটি রন্ধনসম্পর্কিত আনন্দ যা মিস করা উচিত নয়।  ",,,,,
"মাখনের স্তর এবং ভঙ্গুর টেক্সচারের একটি সুস্বাদু মিশ্রণ সহ আইকনিক প্যারিসীয় নাস্তা। যদিও এর উৎস সম্ভবত অস্ট্রীয় পেস্ট্রি থেকে এসেছে, ফরাসি বেকাররা 19 শতকে এই কৌশলটি নিখুঁত করেছিল, ফরাসি প্যাটিসেরির একটি প্রিয় প্রতীক হিসাবে এর স্থান সুরক্ষিত করেছে।  ",,,,,
প্রতিভাবান পেস্ট্রি শেফদের দ্বারা উদ্ভাবিত একটি ঐতিহ্যবাহী ফরাসি ডেজার্ট। এটি একটি মসৃণ কাস্টার্ড যার উপরে টর্চিংয়ের মাধ্যমে প্রাপ্ত মুচমুচে ক্যারামেলাইজড চিনির স্তর থাকে। ,,,,,
যদি আমরা কেবল দুটি শব্দে বর্ণনা করতে চাই: সুস্বাদু এবং মার্জিত। ফরাসি ডেজার্ট যেকোনো খাবারের একটি আনন্দদায়ক সমাপ্তি প্রদান করে এবং উপভোগ করার মতো একটি ট্রিটও বটে।  ,,,,,
"মাখনের স্তর এবং ভঙ্গুর টেক্সচারের একটি সুস্বাদু মিশ্রণ সহ আইকনিক প্যারিসীয় নাস্তা। যদিও এর উৎস সম্ভবত অস্ট্রীয় পেস্ট্রি থেকে এসেছে, ফরাসি বেকাররা 19 শতকে এই কৌশলটি নিখুঁত করেছিল, ফরাসি প্যাটিসেরির একটি প্রিয় প্রতীক হিসাবে এর স্থান সুরক্ষিত করেছে।  ",,,,,
"ফ্রান্সের বার্গান্ডি অঞ্চলের এই ফার্ম সত্যি বেশ ব্যতিক্রমী৷ চাষি হিসেবে পেরিন দুদ্যাঁও তাই৷ তিনি গরু বা ভেড়া নয়, শামুক পালন করেন৷ তাঁর মতে, গোটা ফ্রান্সে, বিশেষ করে বার্গান্ডি অঞ্চলে সেটা একটা ঐতিহ্য৷",,,,,
"পেরিনের খামারে প্রায় দুই লাখ শামুক রয়েছে৷ এক ব্রিডারের কাছে শিক্ষানবিশ হিসেবে কাজ শেখার পর তিনি প্রবল উৎসাহে নিজস্ব ফার্ম খোলেন৷ পেরিন দুদ্যাঁ বলেন, ‘‘আমার কিন্তু সেই পরিকল্পনা ছিল না৷ আমি বিজ্ঞান নিয়ে পড়াশোনা শেষ করে কসমেটিক্স ক্ষেত্রে কেমিক্যাল ইঞ্জিনিয়ার হতে চলেছিলাম৷ কিন্তু শিশু বয়স থেকে চাষি হওয়ার স্বপ্ন বাস্তব করতে আমি সেই কোর্স ছেড়ে দিলাম৷’’",,,,,
"পেরিন তাঁর উৎপাদনের অর্ধেক সাধারণ ক্রেতা, বাকি অর্ধেক রেস্তোরাঁর কাছে বিক্রি করেন৷ যেমন শাতো স্যাঁৎ সাবিন নামের পাঁচতারা এক হোটেল তাঁর গ্রাহক৷ তবে সেই প্রাসাদ-হোটেলের ঘাসের উপর কোনো শামুক নেই৷ রেস্তোরাঁর প্রধান রাঁধুনী বঁজামাঁ লিনারের কাছে পেরিনের শামুক পৌঁছে দেওয়া হয়৷ তাঁর হাতে রান্না শামুকের বিশেষ কদর রয়েছে৷",,,,,
শামুক বহুকাল দরিদ্র মানুষের খাদ্য হিসেবে পরিচিত ছিল৷ আজ ভূমধ্যসাগর উপকূলের অনেক দেশের খাদ্য তালিকায় শামুক স্থান পেয়েছে৷ বিশেষ উপলক্ষ্য থাকলে বড় রেস্তোরাঁয়ও শামুক পরিবেশন করা হয়৷,,,,,
"পশ্চিমা অনেক খাবার আছে, যেগুলো খুব দ্রুত আমাদের দেশে জনপ্রিয় হয়ে উঠছে। এরমধ্যে পিজ্জা, বার্গার, চিকেন ফ্রাই তো রয়েছেই। তবে ফ্রান্সের খাবার ব্রুশেটা আমরা প্রায়ই তৈরি করি কিন্তু এর নাম জানি না। শক্ত পাউরুটির ক্রাস্টের ওপর টমেটো-চিজ দিয়ে পরিবেশন করার নামই ব্রুশেটা। ব্রেকফাস্টের ভীষণ জনপ্রিয় ফ্রান্সে। ডিনারে স্টার্টারেও পাওয়া যায় এই খাবার।",,,,,
"ফ্রান্সের খাওয়া দাওয়ায় খুব বেশী স্থানীয় প্রভাব দেখেছি, যেমন দক্ষিণ ফ্রান্স তথা তুলুসের খাওয়া দাওয়া নিয়ে যখনই আলোচনা হয়েছে, প্রথমেই শুনেছি ক্যাসুলের কথা। বিশেষ করে কারকাসনে শহরে গিয়ে দেখেছি প্রায় প্রতিটি ফরাসী রেস্তোরাঁয় প্রধান খাবারই ক্যাসুলে। আর এই বিশেষ খাদ্যটির উৎপত্তিও দক্ষিণ ফ্রান্সের এই তুলুস, কারকাসনে, কাস্তালনেদারি অঞ্চলে।",,,,,
"এরা এদের স্থানীয় খাওয়া দাওয়া নিয়ে খুবই গর্বিত। তুলুসের খাদ্যরসিক ফরাসী বন্ধুদেরকে ক্যাসুলের স্বাদ নিয়েছি বললে, ওরা অনায়াসে কয়েক মিনিট ধরে ক্যাসুলের আলোচনা করে যেতে পারে।",,,,,
"বিশেষ ধরণের সাদা বিন, হাঁসের মাংস বা ভেড়ার মাংস দিয়ে তৈরি প্রচণ্ড চর্বি যুক্ত খাদ্য এই ক্যাসুলে। ক্যাসারোলের মধ্যে কম আঁচে, অনেক সময় নিয়ে তৈরি হয় এই ক্যাসুলে – ক্যাসারোলের মধ্যে তৈরি হয় বলেই এই পদের নাম ক্যাসুলে।",,,,,
"তুলুসের খাদ্যরসিক ফরাসী বন্ধুদেরকে ক্যাসুলের স্বাদ নিয়েছি বললে, ওরা অনায়াসে কয়েক মিনিট ধরে ক্যাসুলের আলোচনা করে যেতে পারে।",,,,,
"ক্যাসারোলের মধ্যে কম আঁচে, অনেক সময় নিয়ে তৈরি হয় এই ক্যাসুলে – ক্যাসারোলের মধ্যে তৈরি হয় বলেই এই পদের নাম ক্যাসুলে।",,,,,
"আসলে, যে কোন রান্নাকে তার উৎপত্তি স্থানের স্বকীয়তা বজায় রেখে, আসল স্বাদ গন্ধকে অটুট রেখে রান্না করতে খুব কম মানুষই পারে। অনেক সময়েই রাঁধুনির নিজস্ব স্বাদের প্রভাব পড়ে যায় তার তৈরি খাবারে। ",,,,,
"যে কোন জায়গার আসল স্বাদ বজায় রেখে সেই জায়গার পদ রান্না করাটাও যে এক বিরাট শিল্প, এক সাধনা, এক তীব্র সংযম।",,,,,
যে কোন ফরাসীকে টেক্কা দিতে পারে অ্যান্টির হাতে রান্না করা ক্যাসুলে। ক্যাসুলের স্বাদে কোথাও ভারতীয়ত্বের বা বাঙ্গালিয়ানার ছোঁয়া নেই। ,,,,,
"ডিসেম্বরের ঝকঝকে দুপুরে, দিনটি যদিও ক্যাসুলে খাওয়ার জন্যে উত্তম নয় তবুও ঠাণ্ডা তো, ফরাসী ব্রেড সহযোগে ক্যাসুলের স্বাদে ডুবে যায় ছুটির দুপুর।",,,,,
"আর গত বছর থেকে তৃতীয় স্থানে রয়েছে ইতালির ‘স্প্যাগেটি বোলোনেসে’। বলা বাহুল্য, জার্মান ক্যানটিনগুলোতে আঞ্চলিক এবং আন্তর্জাতিক ডিশের মিশ্রণ দেখা যায়। কিন্তু জার্মানির বিভিন্ন ক্যানটিনের মালিকদের মধ্যে অনেকেই অবশ্য এই তালিকার সঙ্গে একমত নন, বিশেষ করে সাবেকি খাওয়ার বা ছোটদের কথা ধরা হলে।",,,,,
ছোটোবেলা থেকেই গেওর্গি ছিলেন সসেজপ্রেমী। কিন্তু আশির দশকে বাংলাদেশে এ ধরনের খাবারের কোনো চলই ছিল না। এই অভাববোধ থেকেই এ দেশে তিনি শুরু করেন সসেজ ব্যবসা। বাংলাদেশে সসেজের অগ্রদূত হিসেবে তাই সবার আগে নাম আসে ‘জার্মান বুচার’ এর।,,,,,
জাতিগতভাবে গেওর্গি ছিলেন একজন হাঙ্গেরিয়ান। ইউরোপীয় হওয়ায় সকালের নাস্তায় কিংবা স্ন্যাক্স হিসেবে সসেজ ছিল সেখানকার নিত্যদিনের খাবার। হয়তো এ কারণেই তিনি ছিলেন সসেজের প্রতি নস্টালজিক।,,,,,
"তার মতো ইউরোপীয় বা বিদেশিদের জন্য যদি সসেজের ব্যবস্থা করা যায়, তাহলে তারাও যেমন দেশীয় খাবারের একটা ছোঁয়া পাবেন, তেমন বাংলাদেশিরাও পরিচিত হবে নতুন এই আইটেমটির সঙ্গে।",,,,,
"ইউরোপের মধ্যে এখন পর্যন্ত সসেজের জন্য সবচেয়ে বিখ্যাত হলো জার্মানি। তাছাড়া অথেন্টিক জার্মান সসেজ তৈরিতে যেসব মশলা বা উপকরণের দরকার, তার সবই পাওয়া যেত ইউরোপ বা জার্মানিতে। একারণে সবকিছু মিলিয়েই জার্মানিকে ধরা হয় সসেজের স্বর্গ হিসেবে।",,,,,
মিউনিখের সেন্ট্রাল স্টেশনের একটা ছোট টেক অ্যাওয়ে টাইপের দোকান। নাম Asia Hung আর জার্মান উচ্চারণে ‘আজিয়া হুং’। ভেতরে বসে খাওয়ারও ব্যবস্থা আছে। প্রায়ই ল্যাব থেকে ফেরার পথে থাই স্যুপের লোভে চলে আসি। মাঝে মাঝে সঙ্গে নিই এক প্লেট স্প্রিং রোল। একা একা কোথায় গিয়ে খেতে অনেকের কেমন যেন একটু আড়ষ্ট লাগে। লাগারই কথা। কিন্তু আমার বেলায় এই কথা খাটে না। ,,,,,
ছোট–বড় যেকোনো খাবারের দোকান কী রেস্টুরেন্টে ঢুকে অবলীলায় চারজনের টেবিল একা দখল করে জাঁকিয়ে বসি। পা দোলাতে দোলাতে মেন্যু দেখে অর্ডার দিই। ব্যাপারটার ভেতর স্বাধীন স্বাধীন ভাব আছে। আমি তাড়িয়ে তাড়িয়ে এই স্বাধীনতাটুকু উপভোগ করি।,,,,,
এ রকম এক একটা ভোজন সুখের সময়ে মনে ব্যাপক কবি-দার্শনিক ভাবের উদয় হয়। আজও হচ্ছে। অর্ধেক স্যুপ শেষ করে চার নম্বর স্প্রিং রোলটা মুখে দিতেই কাব্য জগতের ঝাঁপি খুলে গেল। ,,,,,
"কিন্তু মুশকিল হচ্ছে আমার এই জাতীয় কাব্যসাহিত্য কিছুটা খাদ্যকেন্দ্রিক। যেমন; ‘হেরিয়া নধর চিংগইড় মাছ, ভক্ষণে কভু করি নাকো বাছ।’ কাব্যসাহিত্য বললে সাহিত্যের কিঞ্চিৎ অপমান হয়, তাই এটাকে খাদ্যসাহিত্য বলা শ্রেয়। আপাতত কথা কম বলে সাহিত্যগুলোকে পেটে চালান দেওয়া যাক। ",,,,,
"মাঝেমধ্যে মনে হয়, বাঁচা-খাওয়ার জন্যই মনে হয় পৃথিবীতে আসা। ক্ষুধা নিবারনে দিনরাত পরিশ্রম করতে হচ্ছে কম–বেশি সব ধরনের মানুষকে। শিক্ষা, সংসারজীবন, কারও আবার উচ্চবিলাস জীবনের লক্ষ্য পূরণ করতে গিয়ে জীবনের বিনোদন একেবারেই জলাঞ্জলি করে দিতে হচ্ছে। ",,,,,
"বাঙালি হওয়ার কারণে যেসব খাবার খেয়ে আপনি অভ্যস্ত, এসব দেশের খাদ্যাভাসের সাথে তার সুস্পষ্ট পার্থক্য রয়েছে। আপনি হয়তো এই দেশগুলোতে গিয়ে নিজের পরিচিত খাবারগুলো খুঁজতে চেষ্টা করবেন। কিন্তু আপনার শহরেই যে ফাস্টফুডগুলো পাওয়া যায় (পিৎজা, স্যান্ডউইচ কিংবা আইসক্রিম) তা অনায়াসেই পৃথিবীর যেকোনো জায়গায় পেয়ে যাবেন। শুধু আপনার শহরেই নয়, সারা বিশ্বজুড়ে এই খাবারগুলোর কদর রয়েছে।",,,,,
"ইতালিয়ানরা পৃথিবীর সবচেয়ে বন্ধুবৎসল জাতিগুলোর একটি, যারা খাবারের সময় অন্যান্য জাতিসত্তার মানুষদের বিনয়ের সাথে আমন্ত্রণ জানায়। ইতালীয়রা যখন ইউরোপ কিংবা লাতিন আমেরিকায় গিয়ে নিজেদের খাবার খেত, তখন তারা সেই দেশগুলোর স্থানীয় মানুষদেরও আমন্ত্রণ জানাত। ",,,,,
যেকোনো খাবারের আন্তর্জাতিকীকরণে জন্য গুরুত্বপূর্ণ বিষয় হচ্ছে সেই খাবার সম্পর্কে যথোপযুক্ত বিজ্ঞাপন দেয়া কিংবা সাধারণ মানুষকে সেই খাবার সম্পর্কে জানানোর বিষয়টি নিশ্চিত করা। আমাদের ভারতীয় উপমহাদেশে একসময় ব্রিটিশরা বিনামূল্যে চা-পাতা বিতরণ করতো বাঙালিদের মাঝে। কারণ এর মাধ্যমে বাঙালিরা চা সম্পর্কে জানতে পারতো। ,,,,,
"অনেক ইতালিয়ান বিদেশে গিয়ে আস্ত ইতালীয় রেস্তোরাঁ এবং খাবারের দোকান খুলে বসে, যেখানে সুস্বাদু ইতালীয় খাবার পাওয়া যায়। সেসব খাবারের দোকান কিংবা রেস্তোরাঁয় গিয়ে ইউরোপ ও আমেরিকার মানুষ ইতালীয় খাবারের সাথে পরিচিত হয় এবং সাদরে বরণ করে নেয়।",,,,,
"কৃষিবিপ্লবের পর থেকে ইউরোপ ও আমেরিকায় ব্যাপক হারে টমেটো, পুদিনা পাতা, অ্যাসপারাগাস, ক্যাপসিকাম প্রভৃতি সবজির চাষ শুরু হয়।  যেহেতু এগুলো সারা পৃথিবীতেই পাওয়া যায়, তাই যেকোনো অঞ্চলে ইতালিয়ান খাবার তৈরি করা উপাদান নিয়ে চিন্তা করতে হয় না।",,,,,
"প্রযুক্তির ব্যবহারে মানুষের কায়িক শ্রমের পরিমাণ কমে আসে, অপরদিকে উৎপাদন বাড়তে থাকে হু হু করে। রান্না করার সরঞ্জামগুলোর আধুনিকায়ন করা হয়, আগের চেয়ে রান্নার পেছনে ব্যয় করা সময়ের পরিমাণ কমে আসে। ইতালীয় খাবারের জনপ্রিয়তার পেছনে এটাও অন্যতম কারণ।",,,,,
পুঁজি কিংবা শ্রমের পাশাপাশি বিভিন্ন দেশের খাবার-দাবারেরও আন্তর্জাতিকীকরণ শুরু হয়।,,,,,
ইতালীয় খাবারের স্বাদ এতটাই চমৎকার যে সব অঞ্চলের মানুষকেই এই খাবার আকৃষ্ট করে। ,,,,,
"যেখানে ইউরোপে কিংবা লাতিন আমেরিকায় অল্প কিছু রেস্তোরাঁয় ইতালীয় খাবার পাওয়া যেত, সেখানে নব্য-উদারনীতিবাদের সূচনা হওয়ার পর অসংখ্য ইতালীয় খাবারের রেঁস্তোরা গড়ে ওঠে, এবং ইতালীয় খাবারের রমরমা ব্যবসা শুরু হয়ে যায়। ",,,,,
"ইতালীয় খাবারগুলো এমন সব উপাদান দিয়ে তৈরি, যেগুলো অল্প খরচেই পেয়ে যাওয়া সম্ভব। এ কারণে পৃথিবীর সবখানেই তুলনামূলক অল্প খরচে ইতালীয় খাবার পাওয়া যায়, উৎপাদন খরচ কম হওয়ার কারণে।",,,,,
জাপানের কথা বলা যায় এক্ষেত্রে। জাপানের নিজস্ব খাবারের মৌলিক সংস্কৃতি থাকলেও সেদেশে ইতালীয় খাবার তুমুল জনপ্রিয়। জাপানীরা ইতালীয় খাবারের বিবর্তন ঘটিয়ে নিজেদের মতো করে ইতালীয় খাবারের সংস্কৃতিকে এগিয়ে নিয়ে গিয়েছে।,,,,,
"একটি খাবারের আন্তর্জাতিকীকরণ কিংবা বিশ্বজয়– যা-ই বলা হোক না কেন, তা করতে গেলে অনেকগুলো শর্ত পূরণ করতে হয়। ইতালীয় খাবারগুলো এক্ষেত্রে সবদিক থেকে সফল। ",,,,,
ইতালীয় রেস্তোরাঁগুলোতে তুলনামূলক কম দামে উচ্চমানের সুস্বাদু খাবার পাওয়া যায়,,,,,
"ভারতীয় কিংবা চীনা খাবারের ক্ষেত্রে দামের সামঞ্জস্যতা থাকলেঅ স্বাদ প্রত্যাশানুযায়ী থাকে না, আবার স্বাদ নিশ্চিত করতে গেলে দাম অত্যধিক বেড়ে যায়। ",,,,,
"বিশ্ববিখ্যাত পিৎজা,পাস্তা, স্প্যাগেটি, লাজ্জানিয়া, তিরামিসু ও হরেক রকম মজাদার খাবারের দেশ ইতালি। খাদ্যে স্বয়ংসম্পূর্ণ দেশ ইতালি স্বল্পমূল্যে ভালো খাবারের জন্য বিখ্যাত ছিল যুগ যুগ ধরে।
",,,,,
"তবে করোনা মহামারির পর দেশটিতে খাদ্যদ্রব্যের দাম বাড়তে শুরু করে। সবশেষ রাশিয়া-ইউক্রেন যুদ্ধের পর ইতালিতে খাদ্যদ্রব্যের দাম বেড়েছে লাগামহীনভাবে। ফলে সংকুচিত হচ্ছে খাবার তালিকা।
",,,,,
"ইতালির বাজার গবেষণা প্রতিষ্ঠানের তথ্যে জানা যায়, করোনা মহামারির পর খাদ্যদ্রব্যের দাম বেড়েছে গড়ে ৫০ শতাংশেরও বেশি। নিত্যপণ্যের দাম বাড়ায় গত বছর ইতালির ভোক্তারা আগের বছরের তুলনায় প্রায় ৮০০ মিলিয়ন ইউরো বেশি খরচ করেছেন।",,,,,
আর খাদ্যদ্রব্যের খরচ মেটাতে নিম্ন ও মধ্যবিত্ত পরিবারের সদস্যরা বিনোদনমূলক অনেক অনুষ্ঠান বর্জন করতে বাধ্য হচ্ছেন বলে জানায় দেশটির গবেষণা প্রতিষ্ঠানগুলো।,,,,,
পাস্তা ইউরোপ ও যুক্তরাষ্ট্রে সবচেয়ে জনপ্রিয় খাবারগুলোর একটি। এটি মূলত ইতালির খাবার হলেও যুক্তরাষ্ট্রে এর উৎপাদন ও ভোক্তা দ্রুত বাড়ছে।,,,,,
"পাস্তার জনপ্রিয়তার কারণ হলো, দ্রুত রান্না ও বহুমুখী ব্যবহার করা যায় এবং প্রায় প্রতিটি দেশের স্থানীয় মসলার সঙ্গে মানানসই। ইতিহাস অনুযায়ী, অষ্টম ও নবম শতাব্দীতে আরব ব্যবসায়ীদের হাত ধরে ইতালিতে ড্রাই পাস্তা পৌঁছায়।",,,,,
"পায়েলার প্রধান উপাদান হলো চড়া ধান, সাফ্রন, মাংস (চিকেন, মটন) এবং সীফুড (শিম্প, মছল)। এছাড়াও, মরিচ, টমেটো, মটর এবং অন্যান্য মৌসুমি সবজি ব্যবহৃত হয়।",,,,,
ক্রিমা কাতালানা কাতালান অঞ্চলের একটি ঐতিহ্যবাহী মিষ্টি। এটি একটি কাস্টার্ড ডেজার্ট যা বিশেষ অনুষ্ঠানে পরিবেশন করা হয়।,,,,,
"আমার ভ্রমণ করা দেশের মধ্যে সবচেয়ে প্রিয় কোনটা, বলা মুশকিল। প্রায় পাঁচ বছর মধ্য ইউরোপের ছোট্ট দেশ স্লোভেনিয়ায় থাকার কারণে দেশটির প্রতি আমার ভালোবাসা স্বাভাবিকভাবেই অনেক গভীর। তবে তুরস্ক, রোমানিয়া, ইতালি, অস্ট্রিয়া, গ্রিস, সুইজারল্যান্ড, নেদারল্যান্ডস, ফ্রান্স, আইসল্যান্ড—সব দেশই আমাকে আলাদাভাবে টানে। ইউরোপের প্রতিটি দেশ যেন একেকটি রঙিন ছবি; এদের আছে আলাদা রূপ, আলাদা গল্প। ",,,,,
"পায়েইয়া বর্তমানে কেবল একটি খাবার নয়, এটি স্প্যানিশ সংস্কৃতিতে সামাজিক ও পারিবারিক মিলনের প্রতীক। ",,,,,
"মাদ্রিদের বারাখাস এয়ারপোর্টে প্রথমবার পায়েইয়ার স্বাদ নিয়েছিলাম। মুখে দিতেই মনে হলো, যেন খিচুড়ির খাচ্ছি; তবে এটা খিচুড়ির মতো মসলাদার নয়।",,,,,
"পায়েইয়ার মতো চুরো বর্তমানে স্পেনের সংস্কৃতি ও পরিচিতির এক অনন্য প্রতীক। চুরো এখন আর শুধু স্পেনের চৌহদ্দিতে সীমাবদ্ধ নয়; পার্শ্ববর্তী দেশ পর্তুগাল থেকে শুরু করে যুক্তরাষ্ট্র, কানাডা, মেক্সিকো ও লাতিন আমেরিকার বিভিন্ন দেশে এর সুমিষ্ট স্বাদ মানুষের হৃদয়ে জায়গা করে নিয়েছে।",,,,,
"ইতালির নাম শুনলে মাথায় আসে পিৎজা আর পাস্তা কথা।  ইংল্যান্ড মানেই, ফিশ অ্যান্ড চিপস। যুক্তরাষ্ট্রের কথা উঠলেই চিজ–বার্গারের কথা আসে। ঠিক তেমনি, পায়েইয়াও স্পেনের পরিচয়ের একটি মাধ্যম হয়ে উঠেছে। ",,,,,
"চুরো এখন আর শুধু স্পেনের চৌহদ্দিতে সীমাবদ্ধ নয়; পার্শ্ববর্তী দেশ পর্তুগাল থেকে শুরু করে যুক্তরাষ্ট্র, কানাডা, মেক্সিকো ও লাতিন আমেরিকার বিভিন্ন দেশে এর সুমিষ্ট স্বাদ মানুষের হৃদয়ে জায়গা করে নিয়েছে।",,,,,
"চুরো দেখতে মুরালির মতো মনে হলেও, স্বাদে খুব একটা মিল নেই। মুরালির তীব্র মিষ্টি স্বাদ মুখের প্রতিটি কোণে ছড়িয়ে পড়ে।",,,,,
"স্পেনে অনেকে সকাল শুরু করেন এই চুরো আর হট চকলেট দিয়ে। যেমন আমাদের আড্ডা চা ছাড়া অসম্পূর্ণ, তেমনি স্পেনে চুরো আর তাপাস না থাকলে আড্ডার রং ফ্যাকাশে লাগে।",,,,,
"আরেপাস স্পেনের ঐতিহ্যবাহী খাবার নয়, তবে এটি সেখানে ব্যাপক জনপ্রিয়তা অর্জন করেছে। স্পেন ভ্রমণের সময় আমি যাঁদের সঙ্গে কথা বলেছি, তাঁদের অনেকেই বলেছেন যে আরেপাস অবশ্যই চেখে দেখা উচিত।",,,,,
" মূলত লাতিন আমেরিকার একটি পরিচিত খাবার আরেপাস, যা অভিবাসীদের মাধ্যমে স্পেনে এসে জনপ্রিয়তা পেয়েছে এবং এখন দেশটির খাদ্যসংস্কৃতির অবিচ্ছেদ্য অংশ হয়ে উঠেছে। কেউ কেউ ভেনেজুয়েলার আরেপাসকে বিশ্বের সেরা বলেন, কেউ আবার কলম্বিয়ার পক্ষ নেন।",,,,,
মাদ্রিদের সবচেয়ে ব্যস্ত মেট্রোস্টেশনগুলোর মধ্যে প্লাজা দ্য এস্পানিয়া অন্যতম। শহরের কেন্দ্রস্থলে অবস্থিত এই স্টেশনে মানুষের কোলাহল কখনো থামে না। মেট্রোস্টেশন থেকে বের হয়ে গ্রান ভিয়ার পথ ধরে কয়েক কদম হাঁটলেই স্টারবাকস ও বার্গার কিংয়ের পাশেই চোখে পড়বে ‘লা আরেপা’ নামের একটি রেস্তোরাঁ। ,,,,,
"ইতালি বিশ্বের অন্যতম আকর্ষণীয় গন্তব্য যা ঐতিহ্য, সংস্কৃতি, স্থাপত্য, শিল্প, ওয়াইন এবং খাবারের দৃশ্যের জন্য বিখ্যাত।",,,,,
"ইতালীয় রন্ধনশৈলী তার আঞ্চলিক বৈচিত্র্যের জন্য অনেক বিখ্যাত, বিশেষ করে দক্ষিণ ও উত্তর  ইতালীয় উপদ্বীপের (ইতালির পেনিনসুলা) মধ্যের বৈচিত্র্যে।ইতালিয়ান কুজিনের মূল আকর্ষণ তার স্বাদের বহুলতা এবং এটি সারা বিশ্বে বহুল প্রচলিত ও জনপ্রিয় । ",,,,,
"ইতালিয়ান কুজিনের মূল বিশেষত্ব এর সরলতা, কেননা খাবারগুলো খুব অল্প  উপকরণ দিয়ে তৈরি করা হয়ে থাকে। ইতালীয় খাবারগুলো মূলত খাবারের উপকরণের গুণগত মানের উপর নির্ভর করে করে, জাঁকজমক প্রস্তুতির উপর নয়।",,,,,
খাদ্য এবং সংস্কৃতি কতটা গুরুত্বপূর্ণ ছিল সে সময় তা ১ম খ্রিস্টপূর্ব সময়ের রন্ধন বিষয়ক বই এপিসিয়াস (Apicius) হতে জানা যায়।,,,,,
রোমান সম্রাজ্য পতনের পর থেকে ইতালীয় খাদ্য আবির্ভাব ঘটে ঠিক যখন বিভিন্ন শহর আলাদা হতে শুরু করল ও তাদের নিজেদের সংস্কৃতি গঠনে মনোযোগ দেয়া শুরু করে। ঐ সময় বিভিন্ন রন্ধন কৌশল ও প্রস্তুতি দ্বারা বিভিন্ন রকম রুটি এবং পাস্তা তৈরি করা হতো। ,,,,,
রোমান ও অ্যাথেন্সের রন্ধন কৌশলের সাথে সিসিলির রন্ধন কৌশলের অনেক মিল রয়েছে তাই  অনেকে মনে করে সিসিলির রন্ধনশৈলীকে প্রথম প্রকৃত ইতালিয়ান কুজিন।,,,,,
"পিৎজা হল সবচেয়ে জনপ্রিয় যা ১৮ শতকের শেষের দিকে নেপলসে উদ্ভূত হয়েছিল। ইতালিয়ান খাবারের মধ্যে সবচেয়ে জনপ্রিয় সংস্করণ, ""পিজ্জা মার্ঘেরিটা"" সাভোর রানী মার্ঘেরিটার নামে নামকরণ করা হয়েছিল, যিনি এটিকে তার রাজকীয় সিল দিয়েছিলেন। ",,,,,
"Bologna শহরের নাম অনুযায়ী খাবারটির নাম করন। গরুর মাংসের কিমা,পেঁয়াজ, গাজর, সেলারি, লাল ওয়াইন, টমেটো পেস্ট দিয়ে তৈরী একটি মিষ্টি ট্যাং এবং বিভিন্ন ইতালীয় মশলার ভেষজ সুবাস রাগু আল্লা বোলোগনিজকে ইতালীয় রন্ধনশৈলীর সবচেয়ে হৃদয়গ্রাহী খাবারের একটি করে তোলে।",,,,,
"লাসাগনা হল একটি ঐতিহ্যবাহী ইতালীয় ইমিলিয়া রোমাগনার একটি খাবার যাতে পাস্তা,চিজ এবং টমেটো-ভিত্তিক মাংসের সস থাকে। এটি ইতালীয় রন্ধনশৈলীতে সবচেয়ে প্রিয় খাবারগুলির মধ্যে একটি যা বিশ্বব্যাপী অনেক জনপ্রিয়। ",,,,,
"Gnocchi হল একটি ঐতিহ্যবাহী ইতালীয় খাবার যা সাধারণত আলু, ময়দা এবং ডিম থেকে তৈরি হয় এবং এটি প্রায়শই পাস্তার বিকল্প হিসাবে পরিবেশন করা হয়। উত্তর ইতালি, বিশেষ করে লম্বার্ডি, পিডমন্ট এবং ফ্রিউলি-ভেনিজিয়া গিউলিয়া অঞ্চলে খাবার এটি।",,,,,
"এটি জেনোয়া অঞ্চলের খাবার। রাভিওলি একটি স্টাফড পাস্তা ডিশ যা টমেটো সস, ক্রিম সস, পেস্টো এবং বাটার সস সহ বিভিন্ন ধরণের সসের সাথে পরিবেশন করা যেতে পারে। এটি পনির দিয়েও বেক করা যায় এবং ক্যাসেরোল হিসাবে পরিবেশন করা যায়।",,,,,
রাশিয়ার সবচেয়ে বিখ্যাত স্যুভেনির এই পুতুল৷ কিষাণীর সাজে সাজানো এই পুতুলের মধ্যে একই ধরনের ছোট আকৃতির বেশ কয়েকটি পুতুল থাকে৷,,,,,
"পেলমেনি হচ্ছে মম বা মান্তি গোত্রের খাবার। পাতলা ময়দা দিয়ে আবৃত ভেতরে কাঁকড়ার মাংস অথবা শুকরের মাংস, ডিম অথবা মিশ্র মাংসের পুর দেয়া থাকে। শীতকালে অনেকদিন থাকে বলে গ্রামীণ লোকদের কাছে জনপ্রিয় একটি খাবার এমনকি মস্কোতেও খুব জনপ্রিয়।",,,,,
"মদ্যপানে রুশরা বেশ পারদর্শী৷ এটা আপনারা আগেও শুনেছেন নিশ্চয়ই৷ কিন্তু তা পুরোপুরি সঠিক নয়৷ বিশ্ব স্বাস্থ্য সংস্থার তথ্য বলছে, সবচেয়ে বেশি অ্যালকোহল গ্রহণকারী দেশের মধ্যে রাশিয়া আছে ১৬ নম্বরে৷",,,,,
ফ্রান্স ও ইটালির তুলনায় রাশিয়া বিশাল এক দেশ৷ ফলে এর নানা প্রান্ত জুড়ে ছড়িয়ে আছে মজার সব খাবার৷ কিন্তু অনেক বৈচিত্র্যের কারণে জাতীয় কোনো খাবার নেই রাশিয়ায়,,,,,
"বিশ্বের অন্যতম শীর্ষ কৃষিপণ্য রপ্তানিকারক দেশ হিসেবে রাশিয়া বৈশ্বিক খাদ্য নিরাপত্তায় গুরুত্বপূর্ণ ভূমিকা পালন করে আসছে। রাশিয়ার কৃষিপণ্যের রপ্তানির পরিমাণ যুক্তরাষ্ট্র, কানাডা ও অস্ট্রেলিয়ার থেকেও বেশি। ",,,,,
"বিশ্বব্যাপী খাদ্য উৎপাদন বৃদ্ধি করতে রাশিয়ার খনিজ সার অপরিহার্য। বৈশ্বিক সার বাজারে রাশিয়ার অবদান প্রায় এক-পঞ্চমাংশ, যা বিশ্বের প্রায় ১ দশমিক ৫ বিলিয়ন মানুষের খাদ্য নিরাপত্তা নিশ্চিত করতে গুরুত্বপূর্ণ ভূমিকা পালন করে। ",,,,,
"বিশ্বব্যাপী খাদ্য উৎপাদন বৃদ্ধি করতে রাশিয়ার খনিজ সার অপরিহার্য। বৈশ্বিক সার বাজারে রাশিয়ার অবদান প্রায় এক-পঞ্চমাংশ, যা বিশ্বের প্রায় ১ দশমিক ৫ বিলিয়ন মানুষের খাদ্য নিরাপত্তা নিশ্চিত করতে গুরুত্বপূর্ণ ভূমিকা পালন করে। ",,,,,
"সম্প্রতি রাশিয়া ১৬০টিরও বেশি দেশে খাদ্য সরবরাহ বৃদ্ধি করেছে, যার মধ্যে ১০০ মিলিয়ন টন খাদ্য এবং ৪০ মিলিয়ন টন সার রপ্তানি করা হয়েছে। ইউক্রেন সংকটের পরেও রাশিয়ার রপ্তানিতে কোনো বিঘ্ন ঘটেনি, বরং নতুন ও দীর্ঘমেয়াদী অংশীদার খুঁজে পাওয়ার মাধ্যমে আমাদের রপ্তানি কার্যক্রম আরও শক্তিশালী হয়েছে। ",,,,,
"বিশ্বের বৃহত্তম শস্য ও খনিজ সার রপ্তানিকারক হিসেবে, রাশিয়া বৈশ্বিক খাদ্য নিরাপত্তার সমস্যাগুলো সমাধানে অগ্রণী ভূমিকা পালন করছে। কিন্তু আমাদের বিরুদ্ধে অবৈধ অর্থনৈতিক নিষেধাজ্ঞাগুলো সরবরাহ শৃঙ্খলা ব্যাহত করছে, যার ফলে খাদ্যদ্রব্যের দাম বেড়ে যাচ্ছে এবং এর প্রভাব সবচেয়ে বেশি পড়ছে গ্লোবাল সাউথের দেশগুলোর ওপর। ",,,,,
"কারিভুর্স্ট – লম্বা, পুরু সসেজ, গ্রিল বা ভাজা করা৷ তার ওপর টমেটো কেচাপ এবং ‘কারি' পাউডার ছড়ানো৷ জার্মানির ক্যান্টিনগুলোয় ঐতিহ্যবাহী এই কারিভুর্স্ট আজও খাদ্যরসিকদের রসনাকে তৃপ্ত করে চলছে৷ বলছে জার্মানির নর্থ রাইন ওয়েস্টফেলিয়া রাজ্যের একটি ক্যাটারিং কোম্পানি ‘আপেটিটো'৷",,,,,
"কোম্পানিটি প্রতি বছরই নানারকম সমীক্ষা করে থাকে৷ ২০১৭ সালে তারা জার্মানির বিভিন্ন ক্যান্টিন বা ক্যাফেটেরিয়ার জনপ্রিয় খাবার নিয়ে অনুসন্ধান চালিয়েছিল৷ এই অনুসন্ধানই বলছে, কারিভুর্স্ট এর সঙ্গে আলু ভাজা বা মুচমুচে চিপসের রাজযোটক বন্ধন অগণিত জিহ্বার স্বাদ মিটিয়ে টানা ২৫ বছর ধরে শীর্ষে অবস্থান করে এবার ২৬তম বছরে পৌঁছিয়েছে৷",,,,,
"কিন্তু জার্মানির বিভিন্ন ক্যান্টিনের মালিকদের মধ্যে অনেকেই অবশ্য এই তালিকার সঙ্গে একমত নন, বিশেষ করে সাবেকি খাওয়ার বা ছোটদের কথা ধরা হলে৷ তাঁদের কথায়, স্কুল এবং কিন্ডারগার্টেনের বাচ্চারা ভাত এবং মিট বল দিয়ে টমেটো সুপ খেতে পছন্দ করে৷ নিরামিষ রাভিওলি এবং নিরামিষ মুসুর ডালের সুপও পছন্দ করে তারা৷",,,,,
"তবে খাবারের স্বাদই যে শেষ কথা নয়, সেটাও জানা গেল জার্মান পুষ্টিবিদের কাছ থেকে৷ জার্মান নিউট্রিশনাল অ্যাসোসিয়েশনের (ডিজিই) বিশেষজ্ঞ সুজান লাইটজেন দুপুরবেলার আহারে এই সব খাবার থেকে মানুষকে দূরে থাকার পরামর্শই দিয়েছেন৷ তাঁর মতে, মানুষ খাবারের পাতে শাকসবজি এবং যৌগিক শর্করা গ্রহণ করেই দিব্যি সুস্থ থাকতে পারেন৷",,,,,
"Bagna Cauda হল একটি ক্লাসিক ইতালীয় সস যা ঐতিহ্যগতভাবে উৎসবের মরসুমে পরিবেশন করা হয়। এর নামের আক্ষরিক অর্থ ""গরম স্নান"" এবং এটি যেভাবে পরিবেশন করা হয় তা বোঝায়, শাকসবজি এবং রুটির জন্য একটি উষ্ণ ডুবা হিসাবে। ",,,,,
"তিরামিসু হল একটি সুস্বাদু Veneto টাউনের ইতালীয় ডেজার্ট যেটির মুখে গলে যাওয়া সমৃদ্ধ, ক্রিমি টেক্সচার রয়েছে। এটি মিষ্টি স্বাদ এবং তিক্ততা একটি সামান্য ইঙ্গিত আছে. এই ডেজার্টে কফির গন্ধ প্রাধান্য পায় এবং ক্রিমের মিষ্টির সাথে ভালোভাবে মিশে যায়। ",,,,,
রেস্তোরাঁটি খুব বড় নয়; ভেতরের পরিবেশও তেমন জমকালো নয়। তবু মানুষের ভিড়ে সেখানে সরগরম। অনেকে প্রিয়জনের সঙ্গে এখানে এসেছেন ডেটিংয়ের জন্য।,,,,,
"আরেপাস খেতে গিয়ে মনে হলো, এটি যেন স্যান্ডউইচেরই এক ভিন্নধর্মী রূপ। তবে সাধারণ স্যান্ডউইচের মতো মোটা রুটি নয়—এর ওপরের ও নিচের গোলাকার, সমতল রুটিগুলো ছিল অত্যন্ত পাতলা, হালকা ক্রিস্পি এবং মুখে দিলেই গলে যাওয়ার মতো নরম।",,,,,
"পেলুয়াতে রুটির ফাঁকে ছিল ছোট ছোট টুকরা করে কাটা গরুর মাংস আর ডাচ চিজ। পাবেয়নে গরুর মাংস ও চিজ ছাড়াও যোগ করা হয়েছিল ব্ল্যাক বিন আর হালকা ভাজা কাঁচকলা, যা প্লানটেইন নামেও পরিচিত।",,,,,
"বোকাদিও হলো একধরনের সুস্বাদু পাউরুটি, যা ফ্রান্সের জনপ্রিয় ব্যাগেটের স্প্যানিশ সংস্করণ। সল মেট্রোস্টেশনের কাছে সারভেসেরিয়া সল মায়োর নামের রেস্তোরাঁর সামনে জনতার ভিড় আমাকে কৌতূহলী করে। ",,,,,
সেখান থেকে বেরিয়ে আসা প্রত্যেকের হাতে বিশেষ একধরনের স্যান্ডউইচ দেখে আমার আগ্রহ আরও বেড়ে যায়। স্যান্ডউইচ থেকে ভেসে আসা স্কুইডের ঘ্রাণ নাকে এসে শিহরণ জাগাচ্ছিল।,,,,,
"স্পেনে, বাস্ক দেশ, গ্যালিসিয়া, আন্দালুসিয়া এবং কাতালোনিয়ার রান্নার উপর জোর দেওয়া হয়। মজার বিষয় হল, এই অঞ্চলগুলির প্রত্যেকটি নিজস্ব ভাষা বলে এবং দৃঢ়ভাবে সাংস্কৃতিক পরিচয়ের উপর জোর দেয়।",,,,,
"আমরা যখন ফ্ল্যামেনকো এবং সার্দানাসের রাজ্যে যাচ্ছি, তখন আমাদের অবশ্যই কিছু খাবারের স্বাদ নিতে প্রস্তুত হতে হবে যার জন্য স্পেন বিখ্যাত। ",,,,,
"তুরস্কের রান্নাঘর পৃথিবীর অন্যতম সমৃদ্ধ রন্ধন ঐতিহ্যের প্রতিনিধিত্ব করে। পৃথিবীর নানা প্রান্তে যেমন চীনা, ভারতীয় বা ইতালিয়ান রেস্তোরাঁ ছড়িয়ে পড়েছে, তেমনি তুর্কি খাবারের রেস্তোরাঁও বিভিন্ন স্থানে সৌরভ ছড়াচ্ছে।",,,,,
"অথচ তুরস্কের প্রতিটি অঞ্চল নিজস্ব খাদ্যসংস্কৃতি বৈচিত্র্যে পরিপূর্ণ। এখানে এমন পাঁচটি পদ নিয়ে আলোচনা করব, যেগুলোর সঙ্গে পরিচয় বাইরের দুনিয়ায় হয়তো সেভাবে নেই। অথচ তুরস্ক ভ্রমণে এই পঞ্চপদ না খেলে জীবন বোধ করি ষোলো আনাই মিছে হয়ে যাবে বলেই মনে হয়।",,,,,
প্রথম দর্শনে কাটমারকে যেন মোগলাই পরোটার ছোট ভাই মনে হয়। যদিও মোগলাই পরোটার সেই মচমচে ভাবটি কাটমারে খুঁজে পাওয়া যায় না।,,,,,
মোগলাই পরোটার মতো কোনো ঝাল-মসলাদার খাদ্য নয় কাটমার; বরং এটি এক ধরনের সুস্বাদু পেস্ট্রি হিসেবে নিজের পরিচয় গড়ে তুলেছে। ,,,,,
"তুরস্কের খাদ্যসংস্কৃতি যেন এক গভীর সমুদ্র, যার তলদেশে লুকিয়ে আছে ঐতিহ্যের অমূল্য রত্ন। ছয় মাস তুরস্কে কাটিয়েও দেশটির অনেক খাবারের স্বাদ গ্রহণের সৌভাগ্য আমার হয়নি। এই স্বাদযাত্রা বলতে গেলে অসম্পূর্ণ থেকে গেছে।",,,,,
আমাদের দেশের মানুষের কিছু সীমাবদ্ধতা আছে। আমরা মসলা ছাড়া খাবারের কথা কল্পনাও করতে পারি না। কোনো খাবারের সঙ্গে আমাদের রুচির অমিল হলে সেটা গ্রহণ করতে আমাদের মন সায় দেয় না। এই প্রবণতার কারণে বিদেশে গিয়েও আমরা সে দেশের খাবারের প্রকৃত স্বাদ আস্বাদন থেকে বিরত থাকি কিংবা ব্যর্থ হই। ,,,,,
"কোনো দেশ ভ্রমণের সময় সেই দেশের খাদ্যকৃষ্টি সম্পর্কে ধারণা না নেওয়া যায়, সেই দেশের স্বাদের সঙ্গে পরিচয় না ঘটে, তবে সে ভ্রমণ তো বৃথাই। তাই প্রতিটি নতুন দেশে পা রাখার সঙ্গে সে দেশের খাবারের স্বাদ গ্রহণ করা উচিত বলেই আমার মনে হয়। কেননা, সেই আস্বাদেই লুকিয়ে থাকে সে দেশের হৃদ্স্পন্দন।",,,,,
টার্কিশ খাবার নিয়ে একধরনের মাদকতা রয়েছে বিশ্বজুড়ে। খাবারের স্বাদ বা পরিবেশনের দিক থেকে অটোম্যান সাম্রাজ্যের ধারা এখনও দেশটি বজায় রেখেছে বহাল তবিয়তে। স্বাদ আস্বাদনে অদম্য কৌতূহল নিবারণে চলে যাওয়া একটুকরো 'ইস্তাম্বুলে'। ,,,,,
ফ্যাশনের দিক থেকে এগিয়ে আছে ফ্রান্স। দ্বিতীয় বিশ্বযুদ্ধের আগে থেকেই সংস্কৃতিমনা এই জাতি তাদের ফ্যাশনকে নিয়ে গিয়েছে বিশ্বের দ্বারপ্রান্তে। ,,,,,
ফ্রান্সের মেয়েদের কাছে শরীরের সাথে আঁটসাঁট করে পরা পোশাক বেশি পছন্দ। এছাড়া তারা পোশাকের উপরে কোটি পরতে ভালোবাসে। ,,,,,
আর সপ্তাহের অন্তত একটি দিন তারা শর্ট জিন্স পরে থাকে। কাজের জন্য যাদের অফিস যেতে হয় এবং ক্যাজুয়াল পোশাকেই থাকতে হয় তারাই মূলত এরকমভাবে তাদের পোশক নির্বাচন করে থাকেন। ,,,,,
"ফ্রান্সের সাংস্কৃতিক,  অর্থনৈতিক ও সামাজিক জীবনের অবিচ্ছেদ্য অংশ ফ্যাশন। সেই ১৫শ শতক থেকে ফ্যাশন চর্চা ফরাসি সমাজে গুরুত্বপূর্ণ বিষয়। রাজা লুই চতুর্দশ ফ্রান্সকে ফ্যাশনের প্রতীক হিসেবে প্রতিষ্ঠা করে ইওরোপের প্রধান শক্তি হিসেবে পরিচিত করেন।",,,,,
"১৬৭০ সালে ফ্রান্সে প্রথম ফ্যাশন ম্যাগাজিনের আবির্ভাব হয়, যা রাজদরবারের বাইরের জনসাধারণকেও ধীরে ধীরে ফ্যাশন সম্পর্কে সচেতন করে। ",,,,,
"ফ্যাশন কেবল মহিলাদের জন্য নয়, লুই চতুর্দশ পুরুষদের জন্য কৃত্রিম বিশালাকৃতির কোঁকড়ানো উইগ পরা চালু করেন।",,,,,
"লার্জার দ্যান লাইফ সাজপোশাকের মাধ্যমে রাজার একমাত্র উদ্দেশ্য ছিল পছন্দমতো বার্তা পৌঁছে দেওয়া— যেমন তাঁর প্রপৌত্রের বিয়ের সময় রাজা ও তাঁর সঙ্গীরা অতিউজ্জ্বল রঙের পোশাকে উপস্থিত হন, যাতে স্প্যানিশ প্রতিনিধিদের চেয়ে ফরাসি প্রতিনিধিদের বেশি তরুণ ও প্রাণবন্ত দেখা যায়।",,,,,
"ফরাসি রাজদরবারের অতিরিক্ত জাঁকজমকপূর্ণ ফ্যাশনের কারণে প্রজাদের কাঁধে এসে পড়ে বিশাল ঋণের বোঝা। এই বিলাসী জীবনধারা, বিশেষ করে মারি অঁতোয়ানেতের খরচপ্রবণতা, উচ্চশ্রেণির গ্ল্যামার, সম্পদ ও জীবনধারা ফরাসি বিপ্লবের পথ প্রশস্ত করে।",,,,,
তাঁরা অভিজাতদের ধুলোমাখা উইগ ও হাঁটু পর্যন্ত ব্রিচ পরিহার করে ‘সঁ-কুলোৎ’ (Sans-culottes) নামে প্রজাতন্ত্রী কর্মজীবী জনগোষ্ঠীর পোশাক— লম্বা প্যান্ট ও স্বাভাবিক চুল— রাখতে শুরু করেন। ,,,,,
"এঁরা মাথায় পরতেন লাল স্বাধীনতার টুপি ‘ফ্রিজিয়ান ক্যাপ’। ফরাসি বিপ্লবের জাতীয় রঙ— নীল, লাল ও সাদা মিলে তৈরি হয় ‘ত্রিবর্ণ কোকাড’, যা পোশাক, হাতের পাখা ও কোটের পিনে ব্যবহৃত হতো।",,,,,
"বিপ্লবপন্থী মহিলারা কালো স্কার্ট, জ্যাকেট ও টুপি পরা শুরু করেন, যার সঙ্গে যুক্ত থাকত ত্রিবর্ণ কোকাড। এই আমজনতার ফ্যাশন শ্রেণিসংগ্রামের প্রতীক হয়ে ওঠে।",,,,,
"আধুনিক সময়ে, বিশেষ করে বিশ্বযুদ্ধ-পরবর্তী সময়ে, ফরাসি ডিজাইনার কোকো শ্যানেল ফরাসি তথা গোটা পৃথিবীর  ফ্যাশন জগতে এক বৈপ্লবিক পরিবর্তন নিয়ে আসেন। ",,,,,
"আধুনিক সময়ে, বিশেষ করে বিশ্বযুদ্ধ-পরবর্তী সময়ে, ফরাসি ডিজাইনার কোকো শ্যানেল ফরাসি তথা গোটা পৃথিবীর  ফ্যাশন জগতে এক বৈপ্লবিক পরিবর্তন নিয়ে আসেন। ",,,,,
"এই সময়ের উচ্চ ফ্যাশন বা ওত কুতুর হয়ে ওঠে  যুদ্ধ-পরবর্তী মর্যাদাভিত্তিক বাণিজ্যিক কূটনীতির অংশ, যা জাতির ব্র্যান্ডিংকেও প্রভাবিত করে। ",,,,,
"কোকো শ্যানেলের নিজস্ব চেহারা ছিল সেই সময়ের প্রচলিত সৌন্দর্যের বিপরীত— ছোট চুল, 'ছেলেদের মতো' গড়ন, ও রোদে পোড়া ত্বক। এটাই হয়ে ওঠে এক নতুন রূপের মানদণ্ড। শ্যানেলের ঘোড়দৌড় ও শিকারপ্রীতি এবং তাঁর স্পোর্টিং জীবন তাঁর ডিজাইনকে প্রভাবিত করে।",,,,,
"স্পোর্টিং জীবন তাঁর ডিজাইনকে প্রভাবিত করে। জলযানে সময় কাটাতে গিয়ে তিনি গ্রহণ করেন নটিক্যাল পোশাকধারা— আড়াআড়ি ডোরা শার্ট, বেল-বটম প্যান্ট, ক্রুনেক সোয়েটার ও এস্পাদ্রিল জুতো— যা সাধারণত জেলেদের পোশাক ছিল।",,,,,
"বিশ্বযুদ্ধের পর, যখন প্রাতিষ্ঠানিক কাজের জগতে মেয়েদের কর্মসংস্থান বাড়ল, ফ্যাক্টরি ইত্যাদি জায়গায় কাজ করার জন্য সঠিক পোশাক নির্বাচনের সুযোগ সেই প্রথম পেল মেয়েরা। তাদের পূর্ব পোশাকাভ্যাসে হাজার রকমের কাজের সম্ভাবনা ছিল অকল্পনীয়।",,,,,
"কোকোর আগেও মেয়েরা যুদ্ধের ট্রেঞ্চে কাজ করেছেন গাউন, স্কার্ট পরে। কোকোর পরেও শাড়ি, সালোওয়ার কামিজ, মেখলা পরে মাঠে-ঘাটে, রাস্তায়, বাড়িতে নিয়মিত কাজ করছেন শ্রমিকরা। কিন্তু কাজের সুবিধামতো পোশাক নির্বাচনের অধিকার মেয়েদের জন্য শুরু করেছিল কোকোর ডিজাইন।",,,,,
বর্তমানে ফরাসি ফ্যাশন আর প্যারিসিয় ফ্যাশন সমার্থক হয়ে উঠেছে। “Chic à la Parisienne” — প্যারিসিয় অনায়াস সৌন্দর্য ও আভিজাত্যের  প্রতীক।,,,,,
"প্যারিসবাসীরা ক্ষণস্থায়ী ট্রেন্ডের চেয়ে কালজয়ী  নিখুঁত কাটের পোশাককে প্রাধান্য দেয়। উন্নত মানের উলের একটা কোট, একটি শর্ট ব্ল্যাক ড্রেস, ওয়েল ফিটেড ট্রাউজার্স আর রেশমের শার্ট — এগুলি আলমারিতে থাকলেই হলো। আর কিছু চাই না।",,,,,
"এই মিনিমালিজম লক্ষণীয় পোশাকের রঙ নির্বাচনেও— ক্লাসিক রঙ যেমন কালো, সাদা, ধূসর, বেইজ ও নেভি এইসব আলমারিতে প্রাধান্য পায়।  ",,,,,
"অ্যাক্সেসরিজ পরিমিত — কখনই মাত্রাতিরিক্ত নয়। সিল্ক স্কার্ফ, সূক্ষ্ম অলংকার, ছোট হ্যান্ডব্যাগ বা ক্লাসিক জুতো — এসব ছোট উপকরণ যে কোনও সাজকে অনন্য করে তোলে। মেকআপ সাধারণত নামমাত্র — ত্বকের যত্ন থাকবে নিয়মিত, ঠোঁটে লাল লিপস্টিক, সামান্য পারফিউম!",,,,,
নিজের চেহারা ও পোশাকে স্বস্তি খোঁজার অভ্যাসকেই তুলে ধরে প্যারিসিয়ানরা। ,,,,,
"বাঙালির ফ্যাশনে জড়িয়ে আছে নিয়ম-কানুন, যাকে অনেকে ঐতিহ্য বলবে। এক-এক বাড়ির এক-এক নিয়ম, তার আর্থসামাজিক জাতিগত অবস্থান মেনেই সেসব নিয়ম।",,,,,
প্যারিসিয়ানদের মিনিমাল মেকআপের কথা লিখলাম উপরে— তাদের ত্বক এমনি ঝকঝক করবে প্রসাধন ছাড়া— এমনটা আমি শিখেছি  আমার বাঙালি বড় হয়ে ওঠায়।,,,,,
"প্যারিসের রাস্তায় কিম কারদাশিয়ানের প্রচলিত সোয়েট প্যান্ট আর  জ্যাকেট, বা দুয়া লিপার অনুকরণে ঢাউস ব্লেজার সবার গায়ে দেখলে ভয় করে। ",,,,,
"এসব দেখলে ভয় করে। ফ্যাশন বদলানোর ভয় নয়, ভাষা বদলায়, ফ্যাশন বদলায়, সবই আখেরে বদলে যায়— এটাই নিয়ম। তবে, এসবের নেপথ্যে থাকা মূল্যবোধের দ্রুত পরিবর্তন দেখে, নিজের অজান্তে নিজেকে হারিয়ে ফেলার হুজুগ দেখে, সত্যি বেশ ভয় হয়।",,,,,
ফ্রান্সের ডিজাইনার -এর নতুন সৃষ্টি একই সঙ্গে চটকদার ও ট্রেন্ডি৷ তবে ভালো করে দেখলে বোঝা যাবে যে ব্যবহার করা তোয়ালে ও পুরানো রেশমের স্কার্ফ দিয়ে সেগুলি তৈরি করা হয়েছে৷,,,,,
"আমি সত্যি আর একটি স্কার্ট তৈরি করতে চাই না৷ আমাদের কত জামাকাপড় আছে! প্রথম বার এখানকার প্রায় একশ গুণ বড়ো একটি গুদামে গিয়ে আমার কান্না পেয়ে গিয়েছিল৷ কারণ আমরাই তো এই শিল্পের অংশ৷ আগামী দশ বছরে আমরা পরবর্তী ধাপের কাপড় সৃষ্টি করবো৷ তখন আমার মনে হলো, আজকের ডিজাইনারদের কাঁধে গোটা বিশ্বের দায়িত্ব রয়েছে৷",,,,,
"আমার টিম পুরানো কাপড় ঘেঁটে কিছু উপাদান বেছে আমার কাছে আনে, যা দিয়ে আমি পোশাক তৈরি করি৷ ডিজাইন করার সময়েও সেই উপাদান সম্পর্কে আমার শ্রদ্ধাবোধের চেষ্টা থাকে৷ যত কম সম্ভব কেটে এবং যত কম সম্ভব রদবদল করে পোশাক তৈরি হয়৷ সেই উপাদান সত্যি আকারের সঙ্গে মানানসই, পোশাকের ঢলের সঙ্গেও দিব্যি খাপ খেয়ে যায়৷'",,,,,
তাঁর ব্যবহৃত বেল্টগুলি দিয়ে প্রায় ‘ওৎ কুতুয়র' মানের একটি পোশাক তৈরি হয়েছে৷ রেশমের স্কার্ফও সেই জাদু সৃষ্টি করেছে৷ ,,,,,
"তার সব কালেকশনেই একটি বিষয় চোখে পড়ে৷ মারিন স্যার প্রায়ই রিসাইকেল করা পোশাকের উপর অর্ধচন্দ্রের আকৃতির ছোট এক ছাপ রাখেন, যা অনেকটা তাঁর লোগোর মতো৷",,,,,
"মার্কিন গায়িকা বিয়ন্সে, টেলিভিশন তারকা কাইলি জেনার বা ব্রিটিশ গায়িকা অ্যাডেল তাঁর তৈরি পোশাক পরার ফলে মারিনের খ্যাতি আরও ছড়িয়ে পড়েছে৷ তারকা গায়ক ম্যাডোনার মেয়ে লুর্দ ব়্যাম্পের উপর মারিনের তৈরি পোশাক পরেছেন৷",,,,,
"ফ্যাশন শোয়ের দর্শকরাও এই ডিজাইনারের সর্বশেষ সৃষ্টি গায়ে চাপিয়েছেন৷ পুরানো কাপড় দিয়ে তৈরি হওয়ায় অনেকের কাছে সেগুলির বিশেষ মূল্য রয়েছে৷ ইনফ্লুয়েন্সার হিসেবে ইসাবেল শাপু মনে করেন, ‘‘মারিন সমাজের পরিত্যক্ত এই সব বর্জ্য নিয়ে নতুন পোশাকে রূপান্তরিত করেন৷ সেগুলি অসাধারণ এবং একেবারে আধুনিক৷''",,,,,
টেকসই পণ্যের এমন ব়্যাডিকাল কনসেপ্টের কারণে ৩০ বছর বয়সি মারিন স্যার আজ আন্তর্জাতিক ফ্যাশন আঙনায় অন্যতম জনপ্রিয় ডিজাইনার হয়ে উঠেছেন৷ পুরানো পোশাক নিয়ে আন্তর্জাতিক ট্রেন্ট সেটার হয়ে ওঠার এই দৃষ্টান্ত সত্যি অনুকরণের যোগ্য৷,,,,,
ফ্রান্সে কাউকে এমন পোশাক পরতে দেয়া হবে না যে পোশাক কারো মুখমন্ডলকে সম্পূর্ণ বা আংশিক ঢেকে রাখে। যারা এই আইন ভঙ্গ করবে তাদের ১৮০ মার্কিন ডলার অথবা ১৫০ ইউরো জরিমানা করা হবে।,,,,,
ফ্রান্সে ৫০ থেকে ৬০ হাজার বাংলাদেশি বসবাস করেন। আর তাদের অধিকাংশই মুসলমান। সে কারণে প্রতিবছর ঈদকে কেন্দ্র করে জমে ওঠে বেচাকেনা।,,,,,
"তবে রাশিয়া-ইউক্রেন যুদ্ধ ও চলমান নানা ইস্যুতে বর্তমানে সংকটের মধ্যে ফ্রান্স। আর মানুষের হাতে জমানো টাকার পরিমাণও কম। এরপরও এ বছর ভালো ব্যবসা হওয়ার আশা করছেন ব্যবসায়ীরা।
",,,,,
ঈদ সামনে রেখে ফ্রান্সের রাজধানী প্যারিসের বাংলাদেশি বিভিন্ন বিপণিবিতান ও কাপড়ের দোকানগুলোতে নানা রঙের ঈদের পোশাক তুলেছেন বিক্রেতারা।,,,,,
মুসলিমদের ওপর নানা ধরনের বিধি-নিষেধ আরোপ করে বিতর্কিত আইন পাস করে ফরাসি সরকার। ইসলামী বিচ্ছিন্নতাবাদ প্রতিরোধ আইনের মাধ্যমে দেশটির ৬০ লাখের বেশি সংখ্যালঘু মুসলিমের জীবনযাত্রা অনিশ্চিত হয়ে পড়ে। ,,,,,
প্রকাশ্যে মুসলিম শিক্ষার্থীদের হিজাব নিষেধের পাশাপাশি পাবলিক সুইমিং পুলে বুরকিনি পরা এবং স্কুলে আনা-নেওয়ায় শিশুদের সঙ্গে থাকা নারীদের হিজাব পরায় নিষেধ করা হয়। ,,,,,
"আমরা এখানে প্রতিনিয়ত প্রতীকী সহিংসতার শিকার হই, যা আমাদের মন-মানসিকতায় চরমভাবে আঘাত করে। আমরা শুনে থাকি যে ফ্রান্সে মিলামেশা ও একীকরণের সমস্যা আছে। বস্তুত এখানে চরম বর্ণবাদের সমস্যাই মূল।",,,,,
ইউরোপের মধ্যে ফ্রান্সে সবচেয়ে বেশি মুসলিম বসবাস করে। কট্টর ধর্মনিরপেক্ষ এই দেশে প্রকাশ্যে ধর্মীয় পোশাক পরিধান দীর্ঘকালের বিতর্কিত একটি ইস্যু। দেশটির সরকারি স্কুলগুলোতে ২০০৪ সালে সর্বপ্রথম মুসলিম নারীদের স্কাফ পরা নিষিদ্ধ করা হয়।,,,,,
"পার্লামেন্টে ‘টাই পরার বাধ্যবাধকতা’ আরোপের দাবি জানিয়ে স্পিকারকে চিঠি দিয়েছেন ডানপন্থী রিপাবলিকান এমপি এরিক সিওটি। নির্দিষ্ট কিছু এমপির, বিশেষ করে, এলএফআইয়ের এমপিদের পার্লামেন্টে আরও বেশি মাত্রায় ঘরোয়া (ক্যাজুয়াল) পোশাক পরার সুযোগ ঠেকাতে তিনি এই চিঠি দিয়েছেন।",,,,,
টাই পরিধান ‘আমাদের প্রতিষ্ঠানগুলো ও আমাদের জনগণের জন্য সম্মানের নিদর্শন’ বলে বর্ণনা করেন ডানপন্থী এই এমপি।,,,,,
"এমপিদের কী ধরনের পোশাক পরা উচিত, সে বিষয়ে পার্লামেন্ট বিধিতে সুনির্দিষ্ট করে কিছু বলা নেই। তবে ‘ফরমাল পোশাকে’ থাকতে কথা বলা হয়েছে, যা সাধারণত বিজনেস স্যুট তথা স্যুট-কোট-টাই ধরনের পোশাককেই বোঝায়।",,,,,
জার্মানিদের পোশাক আর তাদের পছন্দ কিছুটা আলাদা। এখনো তারা পোশাকের উপর এ্যাপ্রোনের মতো একটি বিশেষ আস্তর লাগিয়ে পড়ে। আর নিচের পোশাকটি থাকে ফ্রকের মতো।,,,,,
"যারা অফিস করে থাকেন বিশেষ করে ব্যাংকার কিংবা ডাক্তার তাদের জন্য আছে নির্দিষ্ট পোশাক। ছেলেদের জন্য সু, টাই, কোর্ট আর ইং শার্ট। ",,,,,
তবে ছেলেরা সব সময় টাই পরতে পারবেনা। ক্ষেত্র বিশেষে তারা এটি পরতে পারবে। ,,,,,
আর প্রতিটি দেশের ঐতিহ্যবাহী পোশাক সংস্কৃতির আঙ্গিক রূপ প্রতিফলিত করে। আমাদের পরিচিত দেশ সুইডেনের ঐতিহ্যবাহী পোশাক সংস্কৃতির নিজস্ব ইতিহাস আছে যা আমাদের পরিচিত করবে সে সময়ের মানুষের পোশাকের প্রতি অভিরুচি এবং তাদের সংস্কৃতির একটি ভিন্ন চিত্র । ,,,,,
"আঠারো শতকের গোড়ার দিকে, কার্ল ফন লিনিয়াস (বিখ্যাত উদ্ভিদবিদ) এবং অন্যান্যরা সুইডেনের বিভিন্ন অঞ্চলে কৃষক পোশাকের পার্থক্যের বিষয়ে তথ্য সংগ্রহ শুরু করেছিলেন। তারা মনে করেন যে এই স্টাইলের পোশাকটি আধুনিক পোশাকের চেয়ে আরও খাঁটি এবং এটি উচ্চ শ্রেণীর দ্বারা “অভিনব পোশাক” বা উত্সবগুলিতে গ্রহণ করা হয়েছিল।",,,,,
"সুইডিশ সংস্কৃতিতে গার্মেন্টস এবং প্রোটোকলের বিধি তৈরি এবং তাদের পরা করার জন্য বিকশিত হয়েছিল সেগুলি সমাজে একজন ব্যক্তির অবস্থানকে প্রতিফলিত করে। পোশাকগুলি প্রতিটি ব্যক্তিকে লিঙ্গ, পেশা, সামাজিক শ্রেণি, বৈবাহিক অবস্থা এবং ভৌগলিক অবস্থান দ্বারা সনাক্ত করে। ",,,,,
কাপড় এবং পোশাক বাড়িতে / হাতে তৈরি ছিল। প্রতিটি জেলার নিজস্ব দর্জি ছিল। প্রযোজক (জুতো প্রস্তুতকারক এবং দর্জি) পাশাপাশি গ্রাহক উভয়কেই প্যারিশ দ্বারা জরিমানা করা যেতে পারে যদি পোশাকটির “ভুল” মডেল তৈরি করা হয়।,,,,,
"একটি ‘ফ্রেম-ক্যাপ’, একটি ঐতিহ্যবাহী টুকরো টুকরো টুকরো টুকরো টুকরো টুকরো টুকরো কৃষক ‘ফোকড্রাক্ট’ এবং শহরে চোরদের দ্বারা পরিধান করা পোশাকগুলিতে নতুন তৈরির জন্য ব্যবহৃত পোশাকের অন্যান্য সমস্ত টুকরোটির জন্য সুর তৈরি করতে পারে লোক পোশাক।",,,,,
"যদিও প্রদেশগুলির প্রত্যেকের নিজস্ব পোশাক রয়েছে, তবে মহিলাদের পোশাকের নির্দিষ্ট নিবন্ধগুলি সুইডেন জুড়ে পাওয়া যায়। অ্যাপ্রোন (ফোরক্লেড) কোনও মহিলার পোশাকের কেন্দ্রবিন্দু। এপ্রোনগুলি মূলত লিনেন বা পশম এবং পরে, সুতি, ক্রেপ বা রেশম দিয়ে তৈরি হয়েছিল। ",,,,,
সুইডিশ মহিলারা রেশম বা সাটিন (বিন্দোমাসা) দ্বারা তৈরি টুপিগুলিতে বিস্তৃত আকারে (হুভুডডুক বা ক্লুট) ভাঁজ করা বা ড্রেডযুক্ত সাদা লিনেন স্কার্ফ থেকে শুরু করে বিভিন্ন ধরণের হেড্রেডস (হুভডবোনাদ) পরিধান করতেন। চুলের তেল থেকে ফ্যাব্রিককে রক্ষা করতে টুপিগুলিতে প্রায়শই একটি রাফলেড লেইস এজ / আস্তরণ থাকে।,,,,,
"পুরুষদের ঐতিহ্যবাহী পোশাকটি হাঁটু ব্রিচ, একটি কোমর কোট, একটি সাদা শার্ট, বোনা স্টকিংস এবং চামড়ার জুতো দিয়ে তৈরি। অঞ্চল থেকে অঞ্চলভেদে শৈলীর পরিবর্তে এগুলি ধাতব বোতাম, সূচিকর্ম এবং বোনা ছাঁটাগুলি দ্বারা সজ্জিত।",,,,,
"
বিশ্বের সবচেয়ে বড় লোকউৎসব ও বিখ্যাত বিয়ার ফেস্টিভ্যাল অক্টোবরফেস্ট ২০২৫ শুরু হয়েছে গত শনিবার (২০ সেপ্টেম্বর)। উৎসবটি চলবে ৫ অক্টোবর পর্যন্ত।",,,,,
জার্মানির মিউনিখ শহরের ঐতিহ্যবাহী থেরেসিয়েনভিজের মাঠে উৎসবটি চলছে। এ উৎসব ঘিরে প্রতি বছর দেশ ও বিদেশের লাখ লাখ পর্যটক ভিড় করেন।,,,,,
"অক্টোবরফেস্ট মূলত একটি ঐতিহ্যবাহী জার্মান রাজ্য বাভারিয়ান লোকউৎসব। এখানে জার্মান সংস্কৃতি, খাবার, গান, নাচ, পোশাক ও বিশেষ করে বিয়ারকে কেন্দ্র করে বিশাল উৎসবের আবহ তৈরি হয়।",,,,,
অক্টোবরফেস্টের সূচনা হয় ১২ অক্টোবর ১৮১০ সালে। সে সময় বাভারিয়ার রাজকুমার লুডভিগ ও রাজকুমারী থেরেসের বিয়ে উপলক্ষে এক বিশাল ঘোড়দৌড় প্রতিযোগিতার আয়োজন করা হয়েছিল। সেখানে সবার জন্য রাখা হয়েছিল বিয়ার।,,,,,
"অক্টোবরফেস্ট জার্মানি অন্যতম বিখ্যাত উৎসব। এ উৎসব কেন এতো বিখ্যাত এ বিষয়ে জানতে চাইলে বাংলাদেশি জার্মান কমিউনিটির সংগঠক ড. শফিকুল ইসলাম বাংলানিউজকে বলেন, এ উৎসবটি প্রায় দুই শতাব্দীর পুরনো ঐতিহ্য। অক্টোবরফেস্টে স্থানীয় বাভারিয়া রাজ্যের অধিবাবাসীরা তাদের নিজস্ব খাবার, সসেজ, ভাজা মুরগি, প্রেটজেলসহ নানা ধরনের খাবারের পসরা সাজিয়ে বসেন।",,,,,
"অক্টোবরফেস্টে এক লিটার বিয়ারের দাম ১৪ থেকে ১৬ ইউরো। নন-অ্যালকোহলিক কোমল পানি ও পানীয়ের দামও কাছাকাছি। একটি চিকেন বা হেন্ডলের দাম প্রায় ১৭ ইউরো। এছাড়া সসেজ, চিকেন ও পোর্ক এবং নানান ধরনের স্থানীয় খাবারও জনপ্রিয়, কিন্তু দাম অনেক বেশি।",,,,,
"অক্টোবরফেস্ট শুধু সংস্কৃতিতে নয়, জার্মান অর্থনীতিতেও বিশাল অবদান রাখে। প্রতি বছর প্রায় ৫০ থেকে থেকে ৬০ লাখ মানুষ এ শহর ভ্রমণ করেন। বিক্রি হয় মিলিয়ন মিলিয়ন লিটার বিয়ার।",,,,,
" এসময় হোটেল ও বিয়ার থেকে মিউনিখ ও আশপাশের এলাকায় শত শত মিলিয়ন ইউরো রাজস্ব আসে। হোটেল, রেস্টুরেন্ট, পরিবহন, দোকানপাট ও স্থানীয় ব্যবসা সব ক্ষেত্রেই এর ইতিবাচক প্রভাব পড়ে।",,,,,
জার্মানি মেয়েদের ট্র্যাডিশনাল পোশাকের নাম ডার্ডেল। এই পোশাকটি মূলত ফুল স্কার্টের সাথে একটি ব্লাউজ আর তার উপরে এপ্রোন। যদি মেয়েটি বিবাহিত হয় তাহলে সে এপ্রোনটি পরবে না।,,,,,
"চীনের বেইজিংয়ে বিশ্ব চ্যাম্পিয়নশিপে তিনটি সোনা জেতা এই স্প্রিন্টার আগেই ঘোষণা দেন, এ বছর আর দৌড়াবেন না। অনুশীলনের তেমন ব্যস্ততা নেই বলেই হয়ত জার্মানির মিউনিখের বাৎসরিক এই উৎসবে যোগ দিতে যান বোল্ট। বিখ্যাত এই উৎসবে এই নিয়ে টানা তৃতীয়বারের মতো পা রাখেন তিনি।",,,,,
চামড়া রাশিয়ার একটি প্রতিমা। পশম দিয়ে রেখাযুক্ত পোশাক সমুহ রাশিয়ান ফ্যাশনে অনেক জনপ্রিয় হয়ে উঠেছে। ,,,,,
"সাধারণভাবে, পুরুষদের ঐতিহ্যবাহী পোশাকগুলোর চামড়াটিকে তারা প্রচুর পরিমাণে সাজাতে পছন্দ করেন।আসলে, আজ অবধি, বছরের সময়টি যাই হোক না কেন, একটি চামড়ার জ্যাকেট রাখা একটি দুর্দান্ত জিনিস! রাশিয়ান মহিলারা লম্বা স্কার্ট এবং ব্লাউজ পরে এবং উচ্চ-হালকা হিল পছন্দ।",,,,,
"রাশিয়ান পুরুষ এবং মহিলার রঙ এবং থিমের পছন্দের মধ্যে অনন্য পার্থক্য রয়েছে।যেমন, পুরুষরা সাধারণত পোশাকগুলিতে হালকা-উজ্জ্বল রঙ পছন্দ করে না, মহিলারা করেন।",,,,,
"আবার রাশিয়ান পুরুষরা শান্ত, তাই তারা স্বর্গীয় সুর পছন্দ করে এবং চেহারাটিকে “শান্ত” রাখতে পছন্দ করে।",,,,,
রাশিয়ান লোকেরা ফেসপাওডার মতো মেকআপ পণ্যগুলিতে খুব খুত খুঁতে হয়। তারা সাধারণত “ড্রাগস্টোর” লেবেলযুক্ত পণ্যগুলি ব্যবহার করে।,,,,,
"তবে অনেক রাশিয়ান কালো এবং সাদাকে খুব মার্জিত বলে মনে করেন। তবে, তারা যে রঙগুলি বেছে নেয় তা তাদের জীবনযাত্রা এবং পেশা সম্পর্কে ধারনা দিয়ে থাকে। রাশিয়ান মহিলারা “ম্যাট লিপস্টিক” এবং “তরল লিপস্টিক” দেখে খুব আবেগগ্রস্থ হন।",,,,,
"রাশিয়ান ফ্যাশন পোশাকের দিক থেকে বেছে নেওয়া বিভিন্ন ধরণের স্টাইল রয়েছে। ঐতিহ্যবাহী রাশিয়ান পোশাকটি অষ্টাদশ শতাব্দীর শুরু পর্যন্ত দেশটির ইতিহাসের অংশ হিসাবে ব্যবহৃত হত, যখন পিটার গ্রেট রাশিয়ান পোশাকটিকে ‘অপ্রচলিত এবং অগ্রহনিয়’ বলে ঘোষণা করেছিলেন।",,,,,
"নাগরিক, অভিজাত, ব্যবসায়ী এবং অন্যান্য প্রভাবশালী সমাজের সদস্যরা ইউরোপীয় পোশাকে ব্যবহার শুরু করেছিলেন। একই সময়ে, ঐতিহ্যবাহী রাশিয়ান পোশাকগুলি অর্ধ-ভুলে যাওয়া এবং কেবল পল্লীতে এবং ধর্মীয় প্রতিষ্ঠানের সদস্যদের মধ্যে পরিধান করা হয়েছিল।",,,,,
"রাশিয়ান মহিলার প্রধান পোশাকটিকে কোকোশনিক বলা হয়। পশ্চিমা বিশ্বে, সুন্দর প্রিন্ট এবং রঙের অ্যারেতে উপলব্ধ মূল হেডগিয়ারের প্রতিলিপি রয়েছে।",,,,,
"ব্রোকেড এবং সিল্কের একচেটিয়া সূচিকর্ম সহ রাশিয়ান মহিলাদের শরাফান বা ঐতিহ্যবাহী পোশাক বিভিন্ন আউটলেটে পাওয়া যায়। এবং সর্বশেষে তবে কম নয়, রয়েছে অসাধারণ এবং সর্বাধিক সুন্দর রাশিয়ান শাল।রাশিয়ান শালগুলির দুটি বিখ্যাত প্রকার রয়েছে –ওরেেনবুর্গ ছাগল ডাউন শাল
এবং পাভলভ পোজড (100% পশমী) শাল।",,,,,
"যে কোনও বয়সের মহিলারা বিভিন্ন সজ্জা পছন্দ করে। রাশিয়ান পোশাকগুলি পুঁতিতে আবৃত থাকে এবং বিলাসবহুল নেকলেস, কানের দুল সাজসজ্জার অংশ নেয়।",,,,,
"ধনী পরিবারগুলিতে বোতামগুলি সজ্জিত পাথর, ফিলিগ্রি এবং খোদাই দ্বারা সজ্জিত থাকে। মাথার কাপড়ও প্রায়শই সজ্জিত হত। অবিবাহিত মেয়েরা উজ্জ্বল ফিতা, হেডব্যান্ড ও অন্যান্য বিভিন্ন ভাবে বাঁধা স্কার্ফ পরে থাকে।",,,,,
"ধনী পরিবারগুলিতে বোতামগুলি সজ্জিত পাথর, ফিলিগ্রি এবং খোদাই দ্বারা সজ্জিত থাকে। মাথার কাপড়ও প্রায়শই সজ্জিত হত। অবিবাহিত মেয়েরা উজ্জ্বল ফিতা, হেডব্যান্ড ও অন্যান্য বিভিন্ন ভাবে বাঁধা স্কার্ফ পরে থাকে।",,,,,
"বিয়ের পরে মহিলারা পুরোপুরি পোশাক বদলেফেলে। বিবাহিত মহিলারা উপরে একটি স্কার্ফ সঙ্গে একটি চুলের মাথা নীচে সম্পূর্ণরূপে চুল আড়াল করে।এই সুন্দরভাবে সজ্জিত হেডড্রেসগুলি স্বতন্ত্র পোশাকগুলির অংশ ছিল, যখন প্রতিদিনের পোশাকটি তুলো বা লিনেনের তৈরি একটি স্কার্ফ সহ বোনেট ছিল।",,,,,
"রাশিয়ান অর্থডক্স ফ্যাশন হল বিনয়ী ফ্যাশনের একটি ফর্ম এবং মহিলারা তাদের দীর্ঘ বা পূর্ণ-কভার পোশাক সহ স্কার্ফ ব্যবহার করেন। স্তরবিন্যাস, স্কার্ফ ব্যবহার করে রাশিয়ান গোঁড়া ফ্যাশন থেকে এসেছিল এবং পুরো বিশ্ব ব্যবহার করে।",,,,,
"রাশিয়ান মানুষ বেশিরভাগ তাদেরকে ফ্যাশনেবল করার চেষ্টা করে। তারা কেবল কিছু অনুসরণ করে না; তাদের পোশাকে সর্বদা তাদের স্পর্শ থাকে, যা তাদের ফ্যাশনকে আলাদা করে।",,,,,
"একটার পর একটা ফ্যাশন শো শেষ হচ্ছে আর ভাবছি, শীতপ্রধান একটি দেশ অথচ পোশাকে কত বৈচিত্র্য! কোট, ওভারকোট ছাড়াও কত ধরনের পোশাক। বিশেষ করে লেয়ারিং পোশাক। মডেলদের গায়ে একটার ওপর আরেকটা পোশাক চাপানোও হয়েছে খুব দৃষ্টিনন্দন করে। ",,,,,
"পৃথিবীতে সবচেয়ে পুরোনো যে পোশাকের নমুনা বিজ্ঞানীরা পেয়েছেন, তার বয়স মাত্র ১০ হাজার বছর। তার মানে কী এর আগে মানুষ পোশাক পরত না? ‘অবশ্যই পরত’ বলে দাবি করছেন প্রত্নতাত্ত্বিকেরা। পোশাক টেকসই নয়, তাই কালক্রমে সেটা নষ্ট হবেই। ",,,,,
"বলশয় থিয়েটার ঘুরে যে মুগ্ধতা নিয়ে বেরিয়েছিলাম, ফ্যাশন শোর দ্বিতীয় দিন সেই রেশ যেন ধরে রাখল এই প্রজন্মের রাশিয়ান ডিজাইনাররাও। বিকেলে রানওয়েতে জোটেমে, কিসিলিঙ্কো, এরমিলভ, পিরসিভের মতো ব্র্যান্ডের পোশাকগুলো দেখে তাই মনে হলো, পূর্বসূরিদের সবই যেন উত্তরসূরি হিসেবে পেয়েছেন তরুণ এই ডিজাইনাররা।",,,,,
"শার্ট, স্কার্ট, নানা রকম প্যান্ট, লম্বা জ্যাকেট, টপের ওপর লেয়ারিং করা শ্রাগ সবই দেখা গেল। রিভার্সিবল পোশাকও এনেছিলেন ডিজাইনারদের কেউ কেউ। রিভার্সিবল এমন পোশাক যার উল্টো-সোজা বলে কোনো কথা নেই, দুই পাশই গায়ে চাপানো যায়।",,,,,
"স্লিট গাউন, নাইট গাউন, পার্টি ওয়্যার, বডি হাগিং ড্রেস, কোল্ড শোল্ডার বা অফ শোল্ডারেও অভিনব ভাবনার দেখা মিলল। ছেলেদের ফরমাল ওয়্যারের পাশাপাশি বেশি দেখা গেল স্ট্রিট ওয়্যার। ছিল খাটো প্যান্ট, বারগেন্ডি, জগার্স, টি-শার্ট, ব্লেজার, ওভারকোট। গরমকে মাথায় রেখেই তাদের সংগ্রহ সাজিয়েছেন বেশির ভাগ রাশিয়ান ডিজাইনার।",,,,,
"মধ্যযুগ থেকে একবিংশ শতাব্দীর স্প্যানিশ পোশাকের ইতিহাসের একটি নির্ভরযোগ্য সংক্ষিপ্ত বিবরণ, এর অন্যান্য সংস্কৃতির পোশাকের উপর প্রভাব সহ দেশের অভ্যন্তরীণ মেকআপ, বহুসংস্কৃতি সমাজ যে আধুনিক যুগের দুর্দান্ত স্পেনীয় সাম্রাজ্যের উদ্ভব করেছিল এবং চিত্রিত করেছিল এবং বাকী বিশ্বের সাথে স্পেনের রাজনৈতিক ও অর্থনৈতিক সম্পর্কের ধারাবাহিকভাবে পরিবর্তনের কারণে বিষয়টি জটিল। ",,,,,
মধ্যযুগে ক্যাসটাইলের সমভূমি থেকে পশম অনেক দেশীয়ভাবে মূল্যবান ছিল এবং ব্যাপকভাবে রফতানি হয়েছিল; গ্যালিসিয়ার স্যাঁতসেঁতে আবহাওয়ায় শ্লেষগুলি (সূক্ষ্ম এবং না-জরিমানা লিনেনের জন্য) প্রচুর পরিমাণে বৃদ্ধি পেয়েছিল এবং মুরস স্যান্ডিকালচার এবং সিল্ক বুনন প্রবর্তন করে আন্দালুসিয়া এবং ভ্যালেন্সিয়াকে সমৃদ্ধ করেছিল। ,,,,,
"উপদ্বীপের প্রথমটি, ষোড়শ শতাব্দীর পর থেকে, স্পেনীয় উপনিবেশগুলি বিদেশী ডাইস্টফ সরবরাহ করেছিল, যা উজ্জ্বল লাল এবং গভীরতম কৃষ্ণবর্ণগুলি সরবরাহ করে, এমন রঙগুলি এখনও স্পেনীয় প্যালেটকে ক্লাসিয়াস্টিকাল, আঞ্চলিক এবং ফ্যাশনেবল পোশাক হিসাবে অবহিত করে।",,,,,
"বুননটি মধ্যযুগ দ্বারা সুপ্রতিষ্ঠিত হয়েছিল, যখন ত্রয়োদ শতাব্দীর মধ্যে বুননটি আগমন করেছিল, সম্ভবত ম্যান্ডস দ্বারা আন্দালুসিয়া হয়ে ইউরোপের সাথে পরিচয় করিয়ে দেওয়া হয়েছিল।",,,,,
"উইম্পল হল মহিলাদের মাথার আবরণের একটি মধ্যযুগীয় রূপ, যা ঘাড় এবং চিবুকের চারপাশে ঢেকে দেওয়া কাপড়ের একটি বড় টুকরো দিয়ে তৈরি, মাথার উপরের অংশটি ঢেকে রাখে; এটি সাধারণত সাদা লিনেন বা সিল্ক থেকে তৈরি করা হয়েছিল। ",,,,,
"একটি আধুনিক গাউন বলতে বিভিন্ন ধরনের পোশাককে বোঝায়। এটি কোনও নারীর পোশাক, বিশেষ কোনো আনুষ্ঠানিক পোশাক, বা আলঙ্কারিক কোনো পোশাককেও উল্লেখ করা যেতে পারে।",,,,,
"টেক্সটাইল শিল্প বিশেষ করে তুরস্কে বিকশিত হয়েছে, এটি এই দেশের অর্থনীতির প্রধান উপাদান। তুর্কি কাপড় তাদের গুণমান এবং অপেক্ষাকৃত কম দামের জন্য বিখ্যাত। ",,,,,
"তুরস্কের কাপড়গুলি তাদের উচ্চ মানের জন্য পরিচিত, তাদের যথাযথভাবে বিশ্বের সর্বাধিক চাওয়া বলা যেতে পারে।",,,,,
"প্রায়শই তুরস্কে, প্রাকৃতিক তুলা-ভিত্তিক টেক্সটাইল তৈরি করা হয়, যা বিছানা সেট সেলাই করার পাশাপাশি টেবিলক্লথ, পর্দা এবং অন্যান্য জিনিস তৈরির জন্য উপযুক্ত। ",,,,,
"তুরস্ক কৃত্রিম কাপড়ও তৈরি করে, বিশেষ করে ক্যালিকো-পলিয়েস্টার এবং পলিস্টান। তাদের বেশ কয়েকটি বৈশিষ্ট্যও রয়েছে: এগুলি উজ্জ্বল, ধোয়া এবং দ্রুত শুকিয়ে যায়, তাদের বায়ুমণ্ডল দ্বারা আলাদা করা হয়, কম খরচে, ভাল শক্তি এবং আর্দ্রতা প্রতিরোধের, সর্বজনীন, প্রায় অবিচ্ছিন্ন।",,,,,
তুর্কি মেয়েদের পছন্দের পোশাক বোরকা। তারা খুব ছোট থেকেই হাতে এবং পায়ে মোজা পরে থাকে। এমনকি তারা কোন অনুষ্ঠানে গেলেও এই ধরনের পোশাক পরে যায়। ,,,,,
তারা লম্বা কামিজ জাতীয় পোশাকেও বেশি স্বাচ্ছন্দ্যবোধ করে। তবে এর সাথে  মাথায় নানা রঙের মিশ্রণের স্কার্ফ পরতেও ভালোবাসে। ,,,,,
বর্তমানে সেখানে বাইরের দেশের পোশাকেরও বেশ কদর রয়েছে। মেয়েরা বর্তমানে স্কার্টের সাথে লম্বা শার্ট পরতে ভালোবাসে। ,,,,,
"ছেলেদের ফ্যাশনে আছে পাঞ্জাবি, পাজামা, শার্ট, প্যান্ট, কুর্তি থেকে শুরু করে কোট, টাই পর্যন্ত। তবে বিভিন্ন অনুষ্ঠানে তাদের বিভিন্ন রঙের কুর্তি পরতেই বেশি চোখে পরে।",,,,,
"এই ধরা যাক ঢিলেঢালা কাফতানের কথাই, নারী-পুরুষ নির্বিশেষে আরামের পোশাক হিসেবে বেছে নেন এটিকে। এই কাফতান কিন্তু তুরস্কেরও একটি জনপ্রিয় পোশাক। ভিন্ন রঙ, প্যাটার্ন ও ফেব্রিকের সমন্বয়ে ফ্যাশন হাউজগুলো এখন ঈদের সময়, এমনকি ঈদ ছাড়াও নিয়ে আসেন নিত্যনতুন সব কাফতান। কেননা গরমের দিনে তো ঢিলেঢালা পোশাকেই মেলে স্বাচ্ছন্দ্য।",,,,,
টার্কিশ এমব্রয়ডারি বেশি জনপ্রিয় তাদের সূক্ষ্ম ফুলেল কারুকাজ আর জ্যামিতিক প্যাটার্নের জন্য। এবারকার ঈদের বাজারেও কিন্তু এই দুটো বিষয়কে আধিপত্য বিস্তার করতে দেখা যায়। ,,,,,
অবশ্য তুরস্কের প্রভাব শুধু নির্দিষ্ট কিছু নকশাতেই কিন্তু থেমে নেই। বিলাসী কাপড়-চোপড় এবং তাতে জুড়ে দেয়া বিভিন্ন বাড়তি অনুষঙ্গও অটোম্যান ফ্যাশনের সাথে অঙ্গাঙ্গিভাবে জড়িত। আর নিয়মিত তারই দেখা মেলে বাংলাদেশের ঈদ ট্রেন্ডেও।,,,,,
"ঈদ মানেই জমকালো পোশাক, ঈদ মানেই জরি-বুটি ছড়ানো জামা-কাপড়, এই ধারণা থেকে অনেকে বেরিয়ে আসতে থাকলেও সত্যিকার অর্থে ঈদের সর্বতো আমেজ যেন এইসব ঝলমলে পোশাকেই বাঁধা।",,,,,
"‘কুফি’ নামের পুরুষদের মাথার তুর্কী ধাঁচের টুপির আনাগোনা দেখা যাচ্ছে বাঙালির ঈদেও। এই টুপিগুলো সাধারণত ফেল্ট বা হাতে বোনা উলের সুতা, বা ভারি গোছের সুতি কাপড় দিয়ে তৈরি করা হয়।",,,,,
"তুরস্কের কনেরা বাবার বাড়িতে বিয়ের অনুষ্ঠানের স্থানে যাওয়ার সময় তার ভাই বা চাচারা কনের কোমরে লাল রং-এর বেল্ট বেঁধে দেয়। লাল রং-কে ভাগ্য, খুশির প্রতীক হিসেবে দেখা হয়।",,,,,
বস্তুত অভিজাত সম্প্রদায়ের মানুষদের শোক প্রকাশের মৌলিক উপায় হিসেবে ব্যাপক পরিচিত হলেও ক্রমেই কালো রঙের পোশাক সর্বসাধারণের হয়ে উঠেছে।,,,,,
"মধ্যযুগে স্পেনের ধনাঢ্য ব্যবসায়ীরা কালো মখমল পরিধান করতেন, কারণ তখন কালো রঙের চড়া দাম ছিল। তারা যে বণিক শ্রেণি হিসেবে সামাজিক স্তরবিন্যাসে বিশেষ মর্যাদার অধিকারী, সেটা বোঝাতেই তারা এই পথ বেছে নিতেন। ",,,,,
"যুক্তরাষ্ট্রে বিংশ শতাব্দীর মাঝামাঝি সময়ে বিটনিকরা কালো রঙের পোশাক পরিধানে অভ্যস্ত ছিল, নিজেদের আলাদা হিসেবে চিত্রায়িত করার উদ্দেশ্যে। প্রচলিত সংস্কৃতির বিরুদ্ধে প্রতি-সংস্কৃতিই ছিল এর একমাত্র উদ্দেশ্য। ",,,,,
"সাধারণ পোশাকের বাইরে গিয়ে কালো রঙের শুধু শোকের চিহ্ন হয়ে ওঠার গল্পটা ভিন্ন রকম। মধ্যযুগে এর চর্চা শুরু হয়। মৃতদেহ বহন করে নিয়ে যাওয়ার সময় যে শোভাযাত্রা হতো, সেটি চিহ্নিত করাই ছিল এর লক্ষ্য।",,,,,
"মধ্যযুগের এ সময়টাতে শোকের পোশাকের রঙ হিসেবে কালোকে বেছে নেওয়ার অধিকার আর্থসামাজিক অবস্থানের সাথে পুরোপুরিভাবে সম্পর্কিত ছিল। সামাজিক স্তরবিন্যাসে যারা কেবল উঁচু শ্রেণির লোক, তাদেরই শোকের পোশাক হিসেবে কালোকে বেছে নেওয়ার অধিকার ছিল। ",,,,,
ইউরোপিয়ান সংস্কৃতিতে শোকের পোশাক হিসেবে কালো রঙের চল কিন্তু একেবারেই নতুন নয়। শতাব্দী জুড়ে শোকাবহ অনুষ্ঠানে কালো পোশাক পরিধানের চর্চা বেশ আগে থেকেই চালু থাকলেও এর জোয়ার এসেছিল ঊনবিংশ শতাব্দীতে রানী ভিক্টোরিয়ার প্রত্যক্ষ প্রভাবে। ,,,,,
"পেঁয়াজের স্যুপ (Soupe à l'oignon) ফরাসি খাবারের সবচেয়ে সাধারণ খাবারের তালিকায় একটি অপরিহার্য নাম। এই খাবারটি মধ্যযুগে উদ্ভূত হয়েছিল এবং মূলত শ্রমিকদের জন্য একটি সাধারণ খাবার ছিল, কিন্তু সময়ের সাথে সাথে, এটি প্যারিসের বিলাসবহুল রেস্তোরাঁগুলিতে উচ্চমানের খাবারের প্রতীক হয়ে উঠেছে।
",,,,,
"ফরাসি খাবারের কথা বলতে গেলে, ফোয়ে গ্রাস সর্বদা বিলাসিতা এবং শ্রেণীর প্রতীক। এই খাবারটি উচ্চ-শ্রেণীর ফরাসি পার্টিতে ""জাতীয় সম্পদ"" হিসাবে বিবেচিত হয়, যা রাজা লুই ষোড়শের সময় থেকে চলে আসছে।",,,,,
"ফ্রান্সের মানুষও তাদের অতি প্রিয় ফ্রান্সকে ঐ ভাবেই রাখতে চায়, নিখুঁত ভাবে তাদের শহরের সৌন্দর্যকে সাজিয়ে রাখতে চায় – আর তাই স্বপ্ন চারণের এক দেশ, রোমান্টিকতার এক স্বর্গরাজ্য হিসাবেই মানুষ ফ্রান্সকে দেখে এসেছে।
",,,,,
"ফ্রান্স তো শুধু স্বপ্ন চারণের দেশ নয় – এই সুন্দর দেশটিরও অনেক নিজস্ব সমস্যা আছে, রাজনীতি আছে, আছে দুঃখ, আছে দৈন্য, বিভেদ।",,,,,
"ফ্রান্সে আমাদের বাড়ীর পাশেই এক মূক, অন্ধ ও প্রতিবন্ধীদের এক হাসপাতাল ও এক স্কুল আছে। প্রতিদিন সকালে দেখি – একদল মূক ও অন্ধ ছেলে মেয়ে, দল বেঁধে সেই স্কুলে যায়। রবিবারে ওরা দল বেঁধে হাসপাতালেও যায়।",,,,,
"আর আমি প্রথম থেকেই, বেলকনি থেকে, আশ্চর্য হয়ে দেখতাম, ঐ বাচ্চা গুলো কিন্তু একা একাই ঐ স্কুলে যাওয়া আসা করে – ওদের সঙ্গে ওদের কোন অভিভাবক থাকে না। নিজেরাই ওরা নিজেদের পথ চিনে নিয়ে স্কুলে যাওয়া আসা করে, একে অপরকে সাহায্য করে। কোন কোন দিন ওরা স্কুল ছুটির পর নীচে দাঁড়িয়ে ইঙ্গিতে নিজেদের মধ্যে কথাবার্তাও বলে নেয় – আর প্রত্যেককেই দেখে মনে হয় কোন এক আনন্দ জগতের মানুষ ওরা – সবাই খুব হাসিখুশি।",,,,,
"পথচারীদের মধ্যে কেউই ওদের দিকে অন্য নজরে দেখে না, কেউই সহানুভূতি প্রকাশ করে না, কেউই কৌতূহলীও হয় না। আর সেই যে, সমাজে ওরা সাধারণ ভাবে মিশে গিয়ে বাঁচতে পারছে, এতেই ওদের আনন্দ।",,,,,
"ফ্রান্সের বাতাসে যেন মুক্ত স্বাধীনতার রেণু ভাসে, চিন্তার স্বাধীনতা, শিল্পের স্বাধীনতা, বিজ্ঞানের স্বাধীনতা – তাই তো ফ্রান্স শিল্পীদের স্বাধীন চেতনা প্রকাশের এক প্রিয় জায়গা।",,,,,
"ফ্রান্সে এসে যে কোন মানুষই তার চিন্তার, শিল্পের মাধ্যম খোঁজার চেষ্টা করেছে – ফ্রান্স তাদের খালি হাতে ফেরায় নি। কোন না কোন প্রেরণার সন্ধান দিয়েছে।",,,,,
"ফ্রান্সের জীবন যাপন আমাকে শিখিয়েছে অনেক কিছু – শিখিয়েছে কি ভাবে প্রতিদিন নতুন করে বাঁচতে হয়, কি ভাবে পৃথিবীকে দেখতে হয়, শিখে যেতে হয় প্রতি পদে পদে, উপলব্ধি করতে হয় জীবনকে, জীবন ধারণকে, যাপনকে। ",,,,,
"জীবন ক্যানভাসে, কি ভাবে একটু একটু করে রং ঢেলে যেতে হয় – জীবন ভর। ধৈর্য ধরতে হয়, শীতের রাতে, পরের দিনের সূর্যালোকের অপেক্ষা করতে হয়। কি ভাবে এই চলন্ত, দ্রুত, ব্যস্ত পৃথিবীর মধ্যেই নিজের, অতি নিজস্ব এক পৃথিবী তৈরি করে নিতে হয়।",,,,,
"এখানের জীবন যাপন আমাকে শিখিয়েছে, কি ভাবে একপাশে দাঁড়িয়ে বহমান জীবনকে, চলমান পৃথিবীকে এক গোলাপি কাঁচের রোদ চশমার ভেতর দিয়ে দেখে যেতে হয়। আবার জীবনের সমস্যা থেকে, জীবন থেকে পালিয়ে যাওয়া নয়, মুখ ফিরিয়ে থাকা নয়, জীবনের পাশে পাশে চলতে হয়।",,,,,
"ফরাসিদের ৩৫ কর্মঘণ্টায় সপ্তাহের হিসাবটা আসলে কেবল বইপত্রেই লেখা! বাস্তবে ফরাসি শ্রমিকেরা আরও বেশি সময়ই কাজ করতে বাধ্য হন বলে প্রতিবেদন ছাপিয়েছে বিবিসি। অবশ্য সেজন্য ওভারটাইমের মজুরিও পান তাঁরা। তবে, সে যা-ই হোক, দুদিন ছুটি আর দৈনিক সাত ঘণ্টা করে ৩৫ কর্মঘণ্টায় এক সপ্তাহ পার করার ধারণা বাস্তবায়নে কাজ করা দরকার দুনিয়ার সব দেশের শ্রমিকদেরই।",,,,,
"একসঙ্গে দুটো-তিনটে নয়, একটাই কাজে মনোযোগী হতে চায় ফরাসিরা। ফ্রান্সের প্রেসিডেন্ট ফ্রাঁসোয়া ওলাঁদ সম্প্রতি মন্ত্রিসভার বৈঠকে মুঠোফোনে কথা বলা নিষিদ্ধ করেছেন। যাতে, বৈঠকে কী বলা হচ্ছে, কী সিদ্ধান্ত নেওয়া হচ্ছে, সে বিষয়ে পূর্ণ মনোযোগ থাকে সরকারের মন্ত্রীদের।",,,,,
"ফরাসি হই বা না হই, আমাদের বেশির ভাগই হয়তো নিজেদের ‘মাল্টিটাস্কিং’ বা একসঙ্গে দুটো-তিনটা কাজ করতে সক্ষম মনে করে গর্ব বোধ করি!",,,,,
ফ্রান্সের বেশির ভাগ বড় বিশ্ববিদ্যালয়ই সরকারি। উচ্চশিক্ষা উন্নয়নে ফরাসি সংস্থার তথ্যানুযায়ী এসব বিশ্ববিদ্যালয়ে স্নাতক পর্যায়ের টিউশন ফি বছরে ১৮১ ইউরোর মধ্যে। আর স্নাতকোত্তর ও পিএইচডি পর্যায়ে তা ৩৮০ ইউরোর মধ্যে।,,,,,
কাজে যাওয়ার পথে দৌড়ে নাশতা করার জন্য ফ্রান্সের সাবওয়েগুলোতে ‘স্টারবাকস’-এর দোকান নেই। এর অর্থটা পরিষ্কার। খাবারটা বসে ধীরেসুস্থেই খেতে চায় ফরাসিরা। আর ধীরস্থিরভাবে খাওয়াটা খুবই গুরুত্বপূর্ণ।,,,,,
স্বাস্থ্য সচেতন হওয়া এবং খাবারের পুষ্টিমান বিচার করে খাওয়ার জন্য আমাদের সবারই আরও মনোযোগী হওয়া দরকার। আর ফরাসি নৈশভোজ মানে তো আলীশান ব্যাপার-স্যাপার। ,,,,,
ফরাসি চাকরিজীবীরা বছরে ৩০ দিনের সবেতন ছুটি পান। আর এই ছুটির হিসাব শুরু হয় নিয়োগের সময় থেকেই। অবশ্য ইউরোপের বেশির ভাগ অংশের মতোই অনেক ফরাসিই এই ছুটির বেশির ভাগই কাটান অগাস্ট মাসের দিকে। ,,,,,
"ফ্রান্সের শিশুসেবার ব্যাপক অংশই পুরোপুরি সরকারি ব্যয়ে পরিচালিত হয়ে থাকে। এ ছাড়াও বাড়িতে শিশুসেবার নানা বিষয়ে সরকারে যেমন ভর্তুকি আছে, তেমনি বেশি সন্তান নেওয়ার জন্যও সরকারের পক্ষ থেকে বিশেষ প্রণোদনা আছে। ",,,,,
শ্যাম্পেন তৈরিতে প্রসিদ্ধ ফরাসি অঞ্চলে ২০২৩ সালের আঙুর সংগ্রহের মৌসুমে ঘটে যাওয়া মানবপাচার ও শ্রমিক নির্যাতনের ঘটনায় আনুষ্ঠানিকভাবে বিচার শুরু হয়েছে৷ ভুক্তভোগীদের একজন বুরাইমা কানুতের সঙ্গে কথা বলেছে ইনফোমাইগ্রেন্টস৷,,,,,
"হাতে হাত রেখে হাঁটবো আর দেখবো। রাতের আঁধারে কফি শপের আড্ডা আর ফ্যান্সি রেস্টুরেন্টে ফ্রান্সের নানা ধরনের খাবার, সব মিলিয়ে হারিয়ে যাবো আমি আর আমার সহধর্মিণী দিনে দুপুরে এবং রাতের আঁধারে। এমনটি অনুভূতির সৃষ্টি হয়েছিল সেদিন হৃদয়ে স্টকহোম থেকেই। ",,,,,
এয়ারপোর্ট থেকে ট্রেনে করে চলে আসলাম প্যারিসে। সেন্ট্রাল প্যারিসেই সুন্দর একটি হোটেলে ঢুকে চেকিং পর্ব শেষ করে দু’জনে বেরিয়ে গেলাম প্যারিসের সামার ইন দি সিটিতে।,,,,,
প্যারিসে গিয়ে আনন্দ ফুর্তির রাজ্যে হারিয়ে যাওয়া বিচিত্র কিছু নয়। কোথায় যাবো? কী দেখবো? কোথা থেকে শুরু করবো? আসতে লাগলো মনের মাঝে হাজারও প্রশ্ন।,,,,,
দূর হতে শহরের নাম শুনেছি। বত্রিশটি সেতুর সমন্বয়ে গড়ে উঠেছে এই শহর।,,,,,
"চার্চ ও যাজকরা ছিলেন ফ্রান্সে ""রাষ্ট্রের মধ্যে একটি রাষ্ট্র""। চার্চের নিজস্ব আইন প্রণয়নকারী সভা ছিলো, এমনকি নিজস্ব বিচার ও রাজস্ব ব্যবস্থাও ছিলো। এইসব নিয়েই চার্চ ও যাজকতন্ত্র ফ্রান্সে একটি সমান্তরাল রাষ্ট্রীয় ব্যবস্থা চালাতো।",,,,,
"যাজকরা সাধারণ মানুষের কাছ থেকে নিয়মিত ভাবে টাইথ বা ধর্মকর আদায় করতো। এছাড়া মৃত্যুকর, বিবাহকরও আদায় করতো। ",,,,,
বিপুল পরিমান অর্থ আদায়ের ফলে অষ্টাদশ শতক থেকেই যাজকদের মধ্যে নানা নৈতিক অবক্ষয় দেখা যায়। ধর্মকর্ম ভুলে যাজকরা ভোগবিলাস ও ব্যাভিচারে মগ্ন হয়ে পড়েন। তাদের প্রভাবে ফ্রান্সের চার্চ গুলো দুর্নীতির আঁতুরঘরে পরিনত হয়ে যায় ।,,,,,
ফরাসি সমাজ ছিল ত্রিস্তর বিশিষ্ট। শ্রেণিবিভক্ত এই সমাজ ‘বিশেষ অধিকারভোগী’ ও ‘অধিকারহীন’— এই দুটি শ্রেণিতে বিভক্ত ছিল। অভিজাতরা নানা প্রকার সামাজিক রাজনৈতিক ও অর্থনৈতিক বিশেষ অধিকার ভোগ করত;অথচ এদের কোন কর দিতে হতে হত না।,,,,,
"লন্ডন ওয়েস্ট এন্ডে (সেন্ট্রাল লন্ডন) বাংলাদেশী খাবারের দোকান নেই বল্লেই চলে, হাতে গোনা যে দুই-চারটি রেস্টুরেন্ট আছে সেগুলো আমার মত সাধারণ মানুষের সাধ্যের বাইরে। ",,,,,
"আমরা বাংলাদেশী যারা সারা রাত সেখানে কাজ করতাম সবাই যার যার মত করে কাজের ফাঁকে ম্যাকডুনাল্ড (McDonalds), কেএফসির (KFC) মত খাবার খেতাম। কারণ এগুলো তুলনামূলক সস্তা ও সহজলভ্য। তবে মাঝে মাঝে বাংলাদেশী একটি ছেলে কন্টেইনারে ভরে খাবার নিয়ে আসত বিক্রির জন্য। আমরা অনেকেই তার কাছে থেকে খাবার কিনে খেতাম।",,,,,
"
একদিন দেখলাম একজন বয়স্ক ভদ্রলোক কনটেইনার ভরে খাবার নিয়ে এসেছেন বিক্রির জন্য। বয়স আনুমানিক পয়ষট্টি-সত্তর হবে। হাল্কা-পাতলা রোগা চেহারা। কথা প্রসঙ্গে জানতে পারলাম ১৭ বছর থেকে লন্ডনে আছেন কিন্তু লিগ্যাল (বৈধ নাগরিক) হতে পারেন নাই।",,,,,
"মাঝে মাঝে সরকারি ফুড ইন্সপেক্টররা ওয়েস্ট এন্ডে আসে রাস্তায় কোন খাবার বিক্রি হয় কি না তা পর্যবেক্ষণ করতে। কারণ, অনুমোদন ছাড়া সে দেশে সব ধরনের খাবার বিক্রি করা দন্ডনীয় অপরাধ।",,,,,
"বিলেতে যাওয়ার আগে লন্ডনের চাকচিক্য, উন্নত জীবন যাপন, উচু উচু অট্টালিক, পাউন্ড স্টার্লিং, টাওয়ার ব্রীজ আর লন্ডন আইয়ের ছবি সবার মনে ভাসে। যারা যেতে পারেন না তাদের অনেক আফসুস না দেখার। কিন্তু যাওয়ার পর ধীরে ধীরে রং ফ্যাকাশে হতে থাকে, স্বপ্নগুলোতে মরিচা ধরে।",,,,,
যারা স্টুডেন্ট ভিসায় ইংল্যান্ডে আসেন তারা নিজের থাকা খাওয়ার খরছ যোগিয়ে টিউশন ফির টাকাও আয় করতে হয়। মাঝে মাঝে দেশে ফ্যামেলিতে টাকা পাঠাতে হয়।,,,,,
"
যারা স্টুডেন্ট ভিসায় ইংল্যান্ডে আসেন তারা নিজের থাকা খাওয়ার খরছ যোগিয়ে টিউশন ফির টাকাও আয় করতে হয়। মাঝে মাঝে দেশে ফ্যামেলিতে টাকা পাঠাতে হয়। সেদেশের সরকার আইন করে বিদেশি ছাত্রদের সপ্তাহে ২০ ঘন্টা কাজের অনুমতি দিয়েছে। তবে যারা কলেজে পড়ে তাদের কাজের অনুমতি নেই। শুধু বিশ্ববিদ্যালয়ে ভর্তি হলে ২০ ঘন্টা কাজের অনুমতি মিলে।",,,,,
প্রবাসীদের কাছে পুরো দেশটাই তো তার পরিবার। যখন দেশের কোন ভাল সংবাদ শুনে সবাইকে শেয়ার করে জানাতে মন চায়। যখন শুনে তার রক্ত ঝরা রেমিটেন্স দুর্নীতির মাধ্যমে বিদেশে পাচার হয় তখন নিজের সন্তান হারানোর মতো কষ্ট পায়।,,,,,
"ইউকে বর্ডার এজেন্সি (UK Border Agency) যখন কোন অবৈধ ইমিগ্রেন্ট ধরতে রেইড দেয়, তখন এমনভাব করে দেখে মনে হবে খুনের পলাতক আসামী ধরতে এসেছে। আর যদি কাউকে পেয়ে যায় মনে হবে জংলী হায়েনা অনেক দিন পর কাঁচা মাংসের স্বাদ পেয়েছে। এদের আচরণ খুব হিংস্র ও উদ্যতপূর্ণ হয়।",,,,,
"বিভিন্ন কারণে অবৈধ হয়ে যাওয়া বাংলাদেশী নাগরিক ও স্টুডেন্টদের ইমিগ্রেশন সংক্রান্ত পরামর্শের জন্য পূর্ব লন্ডনের হোয়াইট চ্যাপল, অলগেট, কমার্শিয়াল রোড, বেথনাল গ্রীন ও ব্রিকলেনে অসংখ্য ল'ফার্ম আছে। ব্রিটেনে এসব ল'ফার্মের আইনজীবিদের 'সলিসিটর' বলা হয়।",,,,,
"ইমিগ্রেশন নিয়ে আমারও অনেক তিক্ত অভিজ্ঞতা আছে। একদিনের জন্য অবৈধ না হয়েও অনেক হয়রানির শিকার হয়েছি। চলার পথে, কাজের সময় কতবার যে আমার আইডি চেক করেছে তার কোন হিসাব নেই। ",,,,,
অথচ তাদের দেশের নাগরিক ও ইউরোপীয় ইউনিয়নের নাগরিকদের কাজের অনুমতি থাকার পরও অনেকে লুকিয়ে সরকারকে না জানিয়ে কাজ করে।,,,,,
"
ইংল্যান্ড আজব এক দেশ। যেখানে সারা পৃথিবীর বিখ্যাত দুর্নীতিবাজ, ড্রাগ ডিলার, চোরাকারবারি ও খুনের সাজাপ্রাপ্তরা সহজে টাকার জোরে ব্রিটেনে বৈধভাবে থাকার অনুমতি পায়। ",,,,,
"ইতালী, ফ্রান্স,স্পেন, পর্তুগাল, সুইডেন, ডেনমার্ক, নরওয়ে, নেদারল্যান্ড, বেলজিয়াম, ফিনল্যান্ড ও জার্মানী বাংলাদেশীদের ইংল্যান্ডের তুলনায় মানুষ হিসবে অনেক বেশি মর্যাদা দেয়। অল্পদিনে নাগরিকত্ব দেয়। ব্রিটিশরা দুইশো বছরের বেশি আমাদের দেশ শাসন করলেও এখন বিলকুল ভুলে গেছে। ",,,,,
"জরিপে বলা হয়েছে, জীবনযাপনের খরচ অনেকটাই বেড়েছে যুক্তরাজ্যে। এ কারণে গ্যাস–বিদ্যুতের বিল বাঁচাতে ঘর গরম রাখার হিটিং ব্যবস্থা বন্ধ রাখছেন প্রতি তিনজনের মধ্যে দুজন। গাড়ি চালানো কমিয়েছেন ৫০ শতাংশ মানুষ। ২৫ শতাংশ মানুষ কোনো কোনো বেলা না খেয়ে খরচ বাঁচানোর চেষ্টা করছেন। নিম্ন আয়ের অনেক মানুষের মধ্য এক-তৃতীয়াংশ জানিয়েছেন, মূল্যস্ফীতির কারণে তাঁরা কোনো কোনো বেলার খাবার খেতে পারেননি",,,,,
মূল্যস্ফীতি নিয়ে দেশটিতে উদ্বেগ এখন গত ৩০ বছরের মধ্যে সর্বোচ্চ পর্যায়ে রয়েছে। জরিপে অংশ নেওয়া বেশির ভাগ মানুষ আগামী ছয় মাসে নিত্যপণ্যের মূল্য আরও বৃদ্ধির আশঙ্কা প্রকাশ করেছেন।,,,,,
মূল্যস্ফীতি সামলাতে সরকারের ওপর চাপ বাড়লেও এখনই আরও সহায়তা বাড়াতে চান না অর্থমন্ত্রী ঋষি সুনাক। আগামী শরৎকালে গৃহস্থালি পর্যায়ে বিদ্যুৎ বিল আরেক দফা বৃদ্ধির আশঙ্কা রয়েছে।,,,,,
"লন্ডন অনেক মানুষেরই স্বপ্নের শহর বলা যায়। সেখানে পড়ালেখার জন্য হোক অথবা কাজের জন্য হোক, কিছু একটা করে স্থায়ী ভাবে থেকে যেতে পারলে অনেকেই খুশি হয়। একটা ইলিশ ৫ পাউন্ড। ",,,,,
ব্রিক্লেইন থেকে ইস্ট লন্ডন মসজিদ হয়ে বারক্লেস ব্যাংক এর গলি পর্যন্ত এক তরফা বাঙ্গালিদের। সমগ্র বিশ্বের মধ্যে বৃটেনের লন্ডন সিটি হলো টপ ইউনিভার্সিটির জন্য প্রসিদ্ধ স্থান। ,,,,,
বাকিংহাম প্যালেস তৈরি হয়েছিল ১৭০৩ খ্রিস্টাব্দে; ডিউকের বাসস্থান হিসেবে। ১৮৩৭ খ্রিস্টাব্দ থেকে কুইন ভিক্টোরিয়া বসবাস করতে শুরু করেন। বর্তমানে রানী এলিজাবেথ এখানে বাস করেন। রানী তার সব কাজকর্ম এখানেই করে থাকেন।,,,,,
পূর্ব-লন্ডনের বাঙালী জব-সেন্টারগুলো উপচে পড়ছে বাংলাদেশ থেকে সদ্য আসা শিক্ষার্থীদের ভীড়ে। বিশেষ করে ব্রিটেইন-জুড়ে ছড়িয়ে-ছিটিয়ে থাকা বাঙালী রেস্টুরেন্টগুলোতে কাজের আশাতে জব-সেন্টারগুলোতে জড়ো হচ্ছেন শত-শত শিক্ষার্থী।,,,,,
কাজ-কর্ম না পেয়ে অর্থ-কড়ির অভাবে বাধ্য হয়ে পূর্ব লন্ডনের কয়েকটি মসজিদে রাত্রি-যাপন এবং কোনো-কোনো ক্ষেত্রে খাবার-দাবারের সুযোগ নিতে বাধ্য হচ্ছেন বেশ কিছু শিক্ষার্থী। ,,,,,
"জীবনযাত্রার ব্যয় বেড়ে যাওয়ায় যুক্তরাজ্যের অনেক মানুষ পেনশন তহবিলে চাঁদা দেওয়া বন্ধ করেছেন বা কমিয়ে দিয়েছেন। এক জরিপে দেখা গেছে, যুক্তরাজ্যের প্রতি পাঁচজন মানুষের মধ্যে একজন জীবনযাত্রার ক্রমবর্ধমান ব্যয় সামাল দিতে গিয়ে এমন সিদ্ধান্ত নিয়েছেন।",,,,,
"দ্য গার্ডিয়ানের সংবাদে বলা হয়েছে, যুক্তরাজ্যের মানুষের প্রকৃত মজুরি কমছে, কিন্তু বিভিন্ন পরিষেবার মাশুল বাড়ছে, এ পরিস্থিতিতে লাখ লাখ মানুষ ব্যয় কমানোর পথ খুঁজছেন বা আয় বাড়ানোর চেষ্টা করছেন। তাঁদের মধ্যে অনেকে সিদ্ধান্ত নিয়েছেন, অবসর–উত্তর সময়ের জন্য আর সঞ্চয় করা সম্ভব নয়।",,,,,
"বিমা কোম্পানি স্কটিশ উইন্ডোজ বলছে, এই জরিপ থেকে বোঝা যাচ্ছে, দেশের অন্তত ৩৫ শতাংশ মানুষের অবসর–উত্তর জীবনের চাহিদা বা ন্যূনতম প্রয়োজন মেটানোর সামর্থ্য কমে যাবে। ",,,,,
"জীবনযাত্রার ক্রমবর্ধমান ব্যয়ের কারণে মানুষের পক্ষে এসব সামাল দেওয়া কঠিন হয়ে যাচ্ছে। ফলে মানুষ যে প্রথমে ব্যয় মেটানোর পর পেনশন নিয়ে ভাবছে, তাতে বিস্মিত হওয়ার কিছু নেই।",,,,,
"বিশ্লেষকেরা মনে করেন, সরকারের বিভিন্ন ভর্তুকির পরিমাণ কমে আসছে। ইউরোপের সামগ্রিক অর্থনৈতিক পরিস্থিতিও ভালো নয়। রাশিয়া-ইউক্রেন যুদ্ধ দীর্ঘস্থায়ী হবে। ফলে এমন একটি অবস্থায় যুক্তরাজ্যের মানুষেরা বিপাকেই পড়েছেন।",,,,,
"জাতীয় ইতিহাস জাদুঘর বর্তমানে এই নামে পরিচিত হলেও ১৯৯২ সালের আগে এর নাম ছিল ব্রিটিশ মিউজিয়াম। বর্তমানে এর জীব ও প্রকৃতিবিজ্ঞানের সংগ্রাহাগারে রয়েছে মোট ৭০ মিলিয়ন উপাদান। এছাড়াও এখানে এসে আপনি দেখতে পাবেন খনিজবিদ্যা, প্রাণীবিদ্যা ও কীটবিদ্যার বিশাল সংগ্রহ। সাথে এখানকার অনিন্দ্য সৌন্দর্য তো রয়েছেই। তবে সবচাইতে ভালো ব্যাপারটি হল জাদুঘরটিতে আপনি ঢুকতে পারবেন একেবারেই বিনে পয়সায়!",,,,,
বিশ্ব ঐতিহ্যের অংশ বলে পরিচিত এই স্থানটি দক্ষিণ ইংল্যান্ডের উপকূল ধরে ইংলিশ চ্যানেলের সাথে অবস্থিত। দ্বিতীয় বিশ্বযুদ্ধের সময় এখানে খানিকটা অংশ জুড়ে যুদ্ধক্ষেত্র ও প্রশিক্ষণ দেবার স্থান হিসেবে ব্যবহৃত হলেও বর্তমানে সাধারন জনগনের জন্যে উন্মুক্ত করে দেওয়া হয়েছে প্রচন্ড সুন্দর এই জায়গাটি।,,,,,
"টেমস নদীর তীরে অবস্থিত এই বিখ্যাত ও অনেক ইতিহাসের সাক্ষী টাওয়ারটি নির্মিত হয় ১০৬৬ সালে। এরপর কত কত বছর কেটে গিয়েছে তার ইয়ত্তা নেই, টেমসের বুক দিয়ে গড়িয়েছে অনেক পানি। একের পর এক মানুষের দ্বারা দখল হয়েছে প্রাসাদ। ভারী হয়েছে এর ইতিহাস। ",,,,,
"আপনি কি লিখতে ভালোবাসেন? কিংবা পড়তে? তবে আপনাকেই বলছি। ব্রিটেনের আর কিছু না দেখলেও, আর কোন স্থানে না ঘুরলেও এই জায়গাটিতে একবার ঘুরেই আসুন আপনি। ভাবছেন কি এমন জায়গা এটা? যেমন তেমন কোন জায়গা নয়, এটি ইংরেজী সাহিত্যের অন্যতম লেখক উইলিয়াম শেক্সপীয়রের শহর। ",,,,,
কোন একদিন; আমি সোভিয়েত ইউনিয়নের যুগের কথা বলছি।জীবন যাত্রা ছিল অনেক বেশী সুখী আর সহজ কিন্তু সমৃদ্ধ নয়। তবে বেশীরভাগ লোক তাদের কাজ আর জীবন যাত্রা নিয়ে বেশ সস্তুষ্ট ছিল। অল্প কিছূ মানুষ -হয়তো কোন কোন সমাজে তারাই সংখ্যাগরিষ্ঠ।,,,,,
সোভিয়েত ইউনিয়ন নামে একটি বিশাল দেশ টুকরো টুকরো হয়ে ভেঙ্গে গিয়ে কালের গর্ভে হারিয়ে গেছে সেই নাম -পেরিয়ে গেছে কুড়ি বছরের অধিককাল সময়। ,,,,,
"পশ্চিমা বিশ্ব বরাবরই সোভিয়েতের সেই কম্যুনিজম যুগের নেতিবাচক ধারানা ছড়িয়েছে সারাবিশ্বে; তারা বলেছে,তাদের রাজনৈতিক পদ্ধতি নিয়ে,তাদের কেজিবি নিয়ে তাদের মান্ধাতা আমলের লড়ঝড়ে অটোমোবাইল বেঢপ টিভি আর সেই টিভির থেকে বড় আকৃতির রেডিও নিয়ে। ",,,,,
তারা রসিকতা করেছে ওদের জীবনযাপন পদ্ধতি নিয়ে ওদের চাকচিক্যহীন পোষাকাদি নিয়ে এমনকি সোভিয়েত নাগরিকদের খাদ্যাভাসও ওদের পছন্দ হয়নি।,,,,,
কিন্তু একজন একজন সচেতন প্রাক্তন নাগরিককে জিজ্ঞেস করে দেখুন;সেই সব দিনগুলিতে সোভিয়েত নাগরিকদের সামান্য সামাজিক পার্থক্য থাকলেও ওদের অর্থনৈতিক বৈষম্য প্রায় ছিলই না বললে চলে।,,,,,
"কিছু কমন ভ্যালু যেমন,বন্ধুত্ব,আন্তরিকতা প্রতিবেশীর সাথে সুসম্পর্ক এসব একজন ব্যাক্তি বা পরিবারের জন্য দারুন গুরুত্বপূর্ন। সেইসব সোভিয়েত সমাজে বেশ দাপটের সাথেই উপস্থিত ছিল। সোভিয়েত যুগের বহু মানুষ এখন সেই সব স্মৃতি রোমন্থন করে দ্বীর্ঘশ্বাস ফেলে। তাদের যৌবনের সেই ঐন্দ্রজালিক সপ্নের ট্রেন তাদেরকে পুজিবাদী নামক ভয়ানক স্বার্থপর অর্থনৈতিক সমাজব্যাবস্থার মধ্যে ফেলে রেখে চলে গেছে চিরদিনের জন্য।",,,,,
একটা সময় ছিল যখন সোভিয়েত প্রতিটা নাগরিকই একটি সফল সমাজতান্ত্রিক রাষ্ট্র গড়ার নিমিত্তে সবরকম উন্নয়ন মুলক কর্মকান্ডে যোগ দিয়েছিল সেখানে কিছুটা ছিল নৈতিক আর কিছু ছিল আইনগত বাধ্যবাধকতা।,,,,,
এখনো মধ্য এশিয়ার বহু মানুষ থেকে শুরু করে সোভিয়েত যুগের সেইসব নাগরিকেরা সপ্ন দেখে বিলুপ্ত হয়ে যাওয়া সেই সেই রাষ্ট্রীয় ও রাজনৈতিক ব্যাবস্থা ফিরে পাবার।এটা অনেকাংশেই ভাল বর্তমান এই ভোগবাদী রাজনৈতিক সমাজব্যাবস্থা থেকে।,,,,,
সেইসব দিনের কথা ভেবে বয়স্ক মানুষের চোখের কোল ভিজে ওঠে। তাদের ভীষন গর্বের একটা সময় ছিল- ছিল অহংকার করার মত একটা দেশে। বিশ্বের মানচিত্রে যার ছিল সবল উপস্থিতি-শৌর্যে শক্তিতে আর জ্ঞান বিজ্ঞানে চরম উৎকর্ষতার স্বাক্ষর রেখেছিল তারা। ,,,,,
তারা ছিল বিশ্বের অন্যতম পরাশক্তি – অন্যান্য শক্তিধর দেশেরা সম্ভ্রমের সাথে উচ্চারন করত সোভিয়েত ইউনিয়নের নাম। আর আজ ভেঙ্গে টুকরো টুকরো হয়ে যাওয়া বিশাল সেই দেশের অবস্থান কোথায়? শুধু চাকচিক্য ভোগবিলাস আর তথাকতিথ বাকস্বাধীনতাই যে সব নয় তাতো এখন আমরা বেশ ভালভাবেই উপলব্ধি করছি।,,,,,
ভিতরে ঢুকে চোখ ছানাবড়া। বাইরে থেকে এতটুকু বোঝার উপায় নেই-এ দেখি বেশ বড় সড় সপিং মল। দেখতে আমাদের এখনকার আঘোরা কিংবা নন্দনের মত কিন্তু কোন ট্রলি নেই –হাত দিয়েও কোন কিছু নেবার উপায় নেই।,,,,,
"রাশিয়া-ইউক্রেন যুদ্ধের প্রভাব বিভিন্নভাবে অনুভূত হচ্ছে। সর্বশেষ তথ্যমতে, যুদ্ধের ফলে রাশিয়ার মানুষের জীবনযাত্রার ব্যয় বেড়েছে। গত এক সপ্তাহে নিত্যপ্রয়োজনীয় কিছু পণ্যের মধ্যে চিনির দাম বেড়েছে ১৪ শতাংশের বেশি। ",,,,,
"চিনি সাধারণত খাদ্যদ্রব্য সংরক্ষণ, পানীয় তৈরিসহ বিভিন্ন কাজে ব্যবহৃত হয়। সরকারি সংস্থার তথ্যমতে, এ সপ্তাহে সবচেয়ে বেশি বেড়েছে চিনির দাম। ",,,,,
"এসপিআই অ্যাসেট ম্যানেজমেন্টের অংশীদার ব্যবস্থাপক স্টেফেন ইনেস বিবিসিকে বলেন, রুবলের দাম কমে যাওয়ায় দ্রব্যমূল্য বৃদ্ধি পাচ্ছে।",,,,,
বুধবার রাশিয়ার প্রেসিডেন্ট ভ্লাদিমির পুতিন রুবলের মাধ্যমে শত্রু রাষ্ট্রের কাছে প্রাকৃতিক গ্যাস বিক্রি করার ঘোষণা দিয়েছেন। ইউরোপীয় ইউনিয়ন রাশিয়ার গ্যাসের ওপর অনেকাংশে নির্ভরশীল। ,,,,,
"রাশিয়ায় বহু সংস্কৃতি, জাতিগত, ধর্মীয়, এবং সামাজিক কারণে বিভিন্ন ধারায় নারীদের জীবন ভিন্ন ভিন্ন। নিম্ন শ্রেণীর কৃষক নারী থেকে একজন উচ্চ মধ্যবিত্ত শ্রেণীর শহুরে পরিবারে নারীর জীবন ভিন্ন হতে পারে। তবু সাধারণ ভাবে সকল নারীকে এক কাতারে ফেলা যায় ঐতিহাসিক ও রাজনৈতিক প্রেক্ষাপটে।",,,,,
তারপরও উচ্চ বিদ্যালয়ে ডিগ্রি অর্জনের ক্ষেত্রে নারীর হার বেশি থাকলেও চাকরির ক্ষেত্রে বৈষম্য এখনও বিদ্যমান।,,,,,
"গ্রামে কৃষক সম্প্রদায়ের মধ্যে নারীদের মূল্য দেয়া হয় কে কতটা ভাল কাজ করতে পারে, তার উপর । রান্নাবান্না, কাপড় ধোয়া , উলের পোশাক তৈরি করা, পরিবারের জন্য ঘরদোর পরিষ্কার তো আছেই।",,,,,
বিধবা বা অবিবাহিত নারীদের বিয়ে করার আগে গ্রামে সমাবেশ করে অনুমতি নিতে হতো। সমাজ দৃঢ়ভাবে পিতৃতান্ত্রিক ছিল এবং সকল পটভূমিতেই নারীদের ১৯১৭ সাল পর্যন্ত ভোট দেয়া বা পাবলিক অফিসে রাখার অনুমতি ছিল না।,,,,,
"রাশিয়ার মত উন্নত দেশে নারী যেখানে বাস চালানো থেকে শুরু করে বৈজ্ঞানিক গবেষণায় নিয়োজিত, সেখানে উইমেনহুড অর্থাৎ নারীত্ব বিষয়ে বিদ্যালয় আছে, যেখানে একজন নারীকে পারফেক্ট গৃহবধূ হতে শেখানো হয়।",,,,,
"মস্কোতে 'উইমেন ইনসাইড' নামে একটি স্কুল আছে সেখানে নারীদের তাদের স্বামীদের কাছে সুন্দর থাকা, সুন্দর ব্যবহার করা এবং গৃহকর্মের নানারকম কোর্স করানো হয়।",,,,,
"এইসব স্কুলগুলো বিশ্বাস করে, পুরুষরা সমাজের সুরক্ষক আর নারী তত্ত্বাবধায়ক। তারা নারীদের এমন ভাবে শিক্ষা দেন এবং মনে করেন সবচেয়ে সফল যুবতী তারাই যারা পুরুষদের স্বপ্ন সার্থক করতে পারে।",,,,,
নারী-পুরুষের যদিও আর্থিক ভাবে সমান অধিকার আছে তবু সেখানে স্পষ্টভাবে কিছু রোলস রয়েছে যা পুরুষদের থেকে নারীকে অবদমিতই করে রাখছে।,,,,,
"রাশিয়াতে কর্মরত জনসংখ্যার ৪৬ শতাংশ নারী। সোভিয়েত আমলের মতোই বেশিরভাগ নারী শ্রমিক চিকিৎসা, শিক্ষা, কেরানি কাজের মত স্বল্প মজুরির কাজে আটকা পড়ে আছেন। ",,,,,
"আবার কেউ কেউ পরম যত্নে নিজের হাতে বোনা উলের জামা, মোজা, মাফলার নিয়ে গ্রাম থেকে শহরে আসে বিক্রি করতে। শীতের দেশে জীবন আসলেই কষ্টের।",,,,,
"আঠারো বছর পার হবার পর পরই পরিবার থেকে বিয়ের চাপ দেয়া হয়। ভারভারা আমাদের রুশ ভাষার টিচার। ওর বয়স বাইশ। কিন্তু তার মা বাবা তাকে নিয়ে চিন্তিত -কবে বিয়ে করবে, কবে তারা নাতি নাতনীর মুখ দেখবে।",,,,,
"আর তাই 'বাবুশকা'দের বয়সও তুলনামূলক কম। বলা হয়ে থাকে রাশিয়ান নারীরা ত্রিশ বছরের আগ পর্যন্ত সুন্দরী থাকে, ত্রিশে বুড়ি।",,,,,
"এদেশে বাবুশকা একটি পরিবারে ভাইটাল রোল প্লে করেন। বাবুশকা একটি পরিবারের জীবনীশক্তি। পরিবারকে একত্রে রাখা, প্রত্যেক সদস্যের আরাম আয়েশ নিশ্চিত করা, সংসারের তত্ত্বাবধান করা, সদস্যদের সমস্যা সমাধান করা, সর্বক্ষেত্রে বটবৃক্ষের মতো আগলে রাখেন বাবুশকা।",,,,,
"এদেশে বাবুশকা একটি পরিবারে ভাইটাল রোল প্লে করেন। বাবুশকা একটি পরিবারের জীবনীশক্তি। পরিবারকে একত্রে রাখা, প্রত্যেক সদস্যের আরাম আয়েশ নিশ্চিত করা, সংসারের তত্ত্বাবধান করা, সদস্যদের সমস্যা সমাধান করা, সর্বক্ষেত্রে বটবৃক্ষের মতো আগলে রাখেন বাবুশকা।",,,,,
"এখানকার পার্কগুলোতে খুব কমন দৃশ্য বাবুশকা, মা আর সাথে নানা সাইজের ছানাপোনা সহ প্যারামবুলেটরে ছোট্ট সদস্যটিকে নিয়ে ঘুরে বেড়াচ্ছেন।",,,,,
"এদেশে বিয়ের পর স্বামী স্ত্রী তাদের নামের সারনেইম শেয়ার করতে পারেন। তবে শুধু স্বামীর নামই নয়, স্ত্রীর সারনেইমও স্বামী চাইলে ব্যবহার করতে পারেন। ",,,,,
অফিসিয়ালি রুশরা তাদের ডাক নামের চেয়ে ফ্যামিলিয়াকে বেশি প্রাধান্য দেয়।,,,,,
রাশিয়ান নারীরা নিজেদের গর্বিত মনে করে সম্পদ ও পরিশ্রমের জন্য। এদেশে বিবাহ বিচ্ছেদের হার খুব বেশি । নারীদের স্বাধীনভাবে চলা আর স্বনির্ভরতার কারণে বিচ্ছেদ বেশি।,,,,,
আর ঘরে বাইরে নারীরাই সব কাজ করেন। পুরুষরা মাতাল হয়ে পড়ে থাকা আর বউকে নিয়ন্ত্রণ করা ছাড়া আসলেই তেমন কোন কাজ করে না। অথচ তবুও অর্থনৈতিক এবং রাজনৈতিক কারণে এদেশের নারী স্বনির্ভর হয়েও পুরুষতান্ত্রিকতার গ্যাঁড়াকলে।,,,,,
"মস্কোর কেন্দ্রস্থলে বসবাস করেন দারিয়া (ছদ্মনাম)। বিবিসিকে তিনি বলেন, এমন কোনো পরিস্থিতি হয়নি যে স্থানীয় দোকানগুলোর তাক খালি হয়ে যাবে।
দারিয়ার ভাষ্য অনুযায়ী, ‘খাদ্যপণ্য শেষ হয়ে যাবে—বিষয়টা এমন নয়, তবে এগুলোর দাম অনেক বেড়ে যাবে। এগুলো কতটা ব্যয়বহুল হবে, তা আমি কল্পনাও করতে পারছি না। এমনকি তা নিয়ে ভাবতেও ভয় পাচ্ছি।’",,,,,
"রাশিয়ার দক্ষিণ–পশ্চিমাঞ্চলের সারাতোভে থাকেন ভ্লাদিমির। তিনি বলেন, পশ্চিমা নিষেধাজ্ঞার প্রভাব এখনো তিনি বুঝতে পারেননি। ভ্লাদিমির বলেন, রুবলের দাম কমে যাওয়ার কারণে ভাতনিকিদের (ক্রেমলিন সমর্থক) ওপর প্রভাব পড়বে না। কারণ, তাঁরা দামি বিদেশি পণ্য কেনেন না।",,,,,
"বিভিন্ন ভাষা শিক্ষার কয়েকটি স্কুল পরিচালনা করেন একাতেরিনা (ছদ্মনাম)। তিনি বলেন, নিষেধাজ্ঞার কারণে তিনি ইতিমধ্যে সমস্যার মধ্যে পড়েছেন। একাতেরিনা বলেন, ‘অন্য দেশগুলোতেও আমাদের শিক্ষকেরা আছেন। অর্থ লেনদেনের সব নেটওয়ার্ক জব্দ থাকায় আমরা তাঁদের বেতন দিতে পারছি না।",,,,,
রাশিয়া একটি পশ্চাদপদ দেশ হয়েও অতি অল্প সময়ের মধ্যেই সম্রাজ্যবাদের প্রভাব মুক্ত হয়ে পৃথিবীর একটি প্রথম সারির শিল্পায়িত অর্থনেতিক ও সামরিক শক্তিতে পরিনত হয়। ,,,,,
আমাদের দেশে রাশিয়া সম্পর্কে সাধারণ মানুষের ধারণা বলা চলে খুবই কম । আমরা মূলত পশ্চিমা ঘেষা । আমাদের শিল্প সাহিত্যের ব্যাপারেও তাই । এই সব বইতেই রাশিয়াকে সব সময় একটা ভিলেন চরিত্রেই উপস্থাপন করা হয়েছে ।,,,,,
বই পত্র যখন পড়তে শিখেছি তখন রাশিয়ান রূপকথা নিয়ে পড়েছিলাম কয়য়েকটা বই । এরপর কেবল গোর্কির বই পড়েছি । সেই বই পড়ে রাশিয়া সম্পর্কে জানার একটা আগ্রহ জন্মেছে তবে সেটা কোথায় যেন থেকে গিয়েছিলো । ,,,,,
পশ্চিমাদের দেখা চোখে রাশিয়াকে আমরা যেভাবে দেখে এসেছি এই বই পড়লে সেটার সাথে ঠিক মেলানো যাবে না । বিশেষ করে রাশিয়ান মেয়েদের আপনারা চিনতে পারবেন অন্য ভাবে ।,,,,,
প্রথমত জাতিগত তুর্কীরা গোঁয়ার এটা আমি আগে অনেকবার বলেছি। আজকে যেটা বলব সেটা হল এরা জাতিগতভাবে পুরাই চাপাবাজ। সরকার থেকে শুরু করে সবাই বিশাল মাপের চাপাবাজ। অর্থাৎ আগে মুখ তার পর অন্য কথা।,,,,,
তুরকিদের ভাষায় বিদেশী হল আমেরিকা কানাডা কিংবা ইউরোপের লোকজন।আর ভাই ের জাতি হল পাকিস্তান আফগানিস্তান তুর্কমেনিস্তান সহ অন্যান্য জাতিরা।,,,,,
বন্ধু মহলের মধ্যে পড়ে ভারত রাশিয়া সহ অন্যান্য দেশ গুলো। তাহলে আমরা বাঙ্গালীরা কই গেলাম। আমরা বাঙ্গালীরা তাদের ভাষায় উদ্বাস্তু টাইপের। অর্থাৎ তারা আমাদেরকে অনেকটা দয়ার চোখে দেখেন।,,,,,
তুরস্কের রয়েছে সুদীর্ঘ গৌরবময় ইতিহাস। উসমানি খেলাফতের পতন-পরবর্তী দীর্ঘ বিরতির পর সাম্প্রতিক সময়ে তুরস্ক আবারও প্রভাবশালী হয়ে উঠেছে। সেলজুকদের সময় থেকেই তুরস্কের সঙ্গে ইসলামের ওতপ্রোত সম্পর্ক রয়েছে; আবার সবচেয়ে কট্টর সেক্যুলার শাসনও তুরস্কের মানুষ দেখেছে।,,,,,
"আয়া সোফিয়ার মখমল গালিচা : ইস্তাম্বুলের দৃষ্টিনন্দন মসজিদ আয়া সোফিয়া; কারো মতে, হায়া সুফিয়া। মসজিদটি ইসলামের ইতিহাসে আলোকোজ্জ্বল অধ্যায়। মুসলিম চেতনার অনন্য মিনার আয়া সোফিয়া।",,,,,
ঐতিহাসিক সোলাইমানিয়া মসজিদ : ইস্তাম্বুলের ঐতিহাসিক দর্শনীয় স্থান সোলাইমানিয়া মসজিদ। কেউ কেউ এটিকে সুলতান ‘সোলাইমান মসজিদ’ও বলেন। বসফরাস প্রণালির তীরে গাড়ি থেকে নেমে হেঁটে পাহাড়ি রাস্তায় বেশ উঁচুতে মসজিদটি। ,,,,,
ইতিহাসখ্যাত সুলতান সোলাইমান ছিলেন উসমানি সালতানাতের দশম সুলতান। তিনি ‘কানুনি সোলাইমান’ বলেও পরিচিত।,,,,,
মসজিদের পাশে রয়েছে সুলতান সোলাইমানের কবর। কবরের চারপাশ সবুজে ঘেরা। এর মাঝে বিশালাকার গম্বুজের নিচে সুলতান সোলাইমানের সমাধি। ,,,,,
"মাওলানা রুমির মূল নাম জালালুদ্দিন মুহাম্মদ বালখি রুমি (১২০৭-১২৭৩ খ্রিষ্টাব্দ)। তিনি ছিলেন আধ্যাত্মিক জগতের অনন্য মনীষা, দার্শনিক, কবি, আইনজ্ঞ, ধর্মতাত্ত্বিক, অতীন্দ্রিয়বাদী ও সুফি। প্রেম ও আধ্যাত্মিক কাব্যে তিনি অমর হয়ে আছেন বিশ্বদরবারে। ",,,,,
মাওলানা রুমির আধ্যাত্মিক গুরু শামসুদ্দিন তাবরেজি (১১৮৫-১২৪৮ খ্রিষ্টাব্দ)। তুরস্কের কুনিয়ায় মাওলানা রুমির সমাধি থেকে দুই কিলোমিটার দূরে অবস্থিত তার সমাধি কমপ্লেক্স। আছে উলু জামে বা শামসুদ্দিন জামে মসজিদ।,,,,,
আলাউদ্দিনের মসজিদ ও সমাধি : সুলতান আলাউদ্দিনের মূল নাম আলাউদ্দিন মুহাম্মদ কায়কোবাদ। আনাতোলিয়া সেলজুক সাম্রাজ্যের এ সুলতান তুরস্কের অন্যতম প্রাচীন মসজিদটি তৈরি করেন।,,,,,
"সে সময়কার অনেক স্মৃতি ছড়িয়ে আছে এ মসজিদের নানা প্রান্তে। সুলতান আলাউদ্দিনের সমাধির পাশের বিশাল মসজিদটির বয়স প্রায় সাড়ে নয়শ বছর। এটি নির্মাণ শুরু করেছিলেন সুলতান মাসুদ, সমাপ্ত করেন সুলতান আলাউদ্দিন। ",,,,,
দানিয়াল (আ.)-এর কবর : সানুরফা থেকে কুনিয়ার পথে তুরস্কের প্রাচীন সভ্যতার শহর তারতুস। এখানে আছে বনি ইসরাইলের বিখ্যাত নবী দানিয়াল (আ.)-এর কবর। ইতিহাসে আলোচিত বুখতে নসরের বিরুদ্ধে যুদ্ধ করেছিলেন তিনি।,,,,,
"ডিরিনকুয়ু তুরস্কের প্রাচীন ও বহুতল ভূগর্ভস্থ শহর, যা তুরস্কের নেভেসির প্রদেশের ডিরিনকুয়ু জেলায় অবস্থিত। তুরস্কে অবস্থিত কয়েকটি ভূগর্ভস্থ শহরের মধ্যে এটাই সর্ববৃহৎ। মাটির তলের এ শহরে সর্বোচ্চ গভীরতা ২০০ ফিট এবং এতে ২০ হাজার মানুষের প্রয়োজনীয় পণ্য ও খাদ্যসহ আশ্রয় গ্রহণের সুযোগ রয়েছে। এ ছাড়া তাতে রয়েছে পানি সরবরাহ ও খাদ্য প্রস্তুত করার ব্যবস্থা, তেল ও মদের উৎপাদন কারখানা, আস্তাবল, গুদামঘর, আলো সরবরাহের ব্যবস্থা এবং রান্না ঘর।",,,,,
"ধারণা করা হয়, খ্রিস্টপূর্ব অষ্টম থেকে সপ্তম শতাব্দীর মধ্যে ফ্রিজিয়ান সম্প্রদায়ের লোকেরা অত্র অঞ্চলের পাহাড়ে গুহা নির্মাণ শুরু করে। তবে তা শহরের রূপ পায় বাইজাইন্টাইন যুগে (৭৮০-১১৮০ খ্রিস্টাব্দ)। যখন আরব মুসলিমদের হাতে সাম্রাজ্যের বিপুল অংশ হাতছাড়া হয় এবং ইসলামী খেলাফতের সঙ্গে যুদ্ধ নিয়মিত হয়ে যায়।",,,,,
উছিসারের গঠন ভূগর্ভস্থ শহরের মতো হলেও তুর্কিরা একে প্রাকৃতি রাজপ্রাসাদ হিসেবেই উল্লেখ করে। এটি তুরস্কের নেভেসির প্রদেশের কাপাডোসিয়ায় অবস্থিত। অত্র অঞ্চলে যুদ্ধ ছড়িয়ে পড়লে বাইজাইন্টাইন শাসকরা প্রাসাদটি তৈরি করেন।,,,,,
তুরস্কের ঐতিহাসিক কাপাডোসিয়ার একটি ভূগর্ভস্থ শহর কায়মাকলি। নেভেসির থেকে ১৯ কিলোমিটার দূরে অবস্থিত। ১৯৬৪ সালে প্রথম পর্যটকদের জন্য শহরটি উন্মুক্ত করে দেওয়া হয়। গঠনকাল ও গঠনগত বৈশিষ্ট্যের বিচারে এটি ডিরিনকুয়ু শহরের মতোই প্রাচীন ও স্থাপত্যশৈলীর অধিকারী।,,,,,
মুসলিমদের শেষ খেলাফতের দেশ তুরস্ক দেখতে কেমন? কেমন দেশটির মানুষের জীবনাচার। দেশটিতে সরকারি স্কলারশিপ নিয়ে পড়তে যাওয়ার আগে কতো রকমারি কৌতূহল যে মনে এসে ভীড় জমায়।,,,,,
"যেদিন বিমানে চেপে বসি সেদিন কৌতূল আরও বেড়ে যায়। দেখতে পরীর মতো, ইয়া লম্বা লম্বা বিমানবালাদের দিকে মুগ্ধ হয়ে তাকিয়ে থাকতে হয়।

বিমানবন্দর থেকে বের হয়ে আসার পর সেই মুগ্ধতা যেন খানিকটা ভয় আর বিস্ময়ে পরিণত হয়। মেয়েগুলো সমানে সিগারেট ফুঁকছে আর মাঝেমধ্যে আমাদের দিকে তাকিয়ে চোখ টিপ দিচ্ছে।",,,,,
এই তুরস্ক তরুণ বীর ফাতিহ সুলতানের দেশ। এই দেশ সুলাইমান দ্যা ম্যাগনিফিশেন্ট গ্রেট সুলেমানের দেশ। বাঙালির কাছে এই দেশ হুররম সুলতানের দেশ!,,,,,
"এই দেশে পা দিয়েই বুঝতে পারি, তুর্কিরা মানুষ হিসেবে উষ্ণ। বিদেশিদের উষ্ণ অভ্যর্থনা দিয়ে দিয়ে তারা অভ্যস্ত। আমরাও উষ্ণ অভ্যর্থনা পাই। ওরা যাকে বুকে টেনে নেয় তাকেই আবার পশ্চিমাদের মতো পেছন থেকে পিঠ দেখায় না।",,,,,
দেশে থাকতে ভেবেছিলাম তুর্কিরা আমাদের চেয়ে অনেক ভালো ইংরেজি জানে। হয়তো সব মানুষই ইংরেজিতে কথা বলতে পারে। তুরস্কে আসার পর ভুল পাল্টায়। এটা একটা জাতিরাষ্ট্র। এখানে টার্কিশই হচ্ছে একমাত্র ভাষা। ,,,,,
"টার্কিশরা ইংরেজি জানে না আর আমরা টার্কিশ। কিন্তু ওরা আমাদের এ দুর্বলতার সুযোগটা নেয়নি। দোকানে গিয়ে কিছু কেনে ওদের হাতে টাকা দিয়েছি, ওরা হিসেবে করে বাকিটা ফেরৎ দিয়েছে। বাঙালি হলে হয়তো ২ টাকার জায়গায় ৫ টাকা রেখে চিৎপটাং দিত।",,,,,
"ওরা বেশ লম্বা গড়নের, সুন্দর। শিক্ষিত সবাই মোটামুটি প্রমিত উচ্চারণে কথা বলে। দেশটিতে বেশ কয়েকটি জাতিগোষ্ঠীর বাস। তবে তুর্কিরা নিজেদের শ্রেষ্ঠ বলে মনে করে। ",,,,,
তুর্কিরা তাদের জাতীয় উৎসবগুলো বেশ সাড়ম্বর করে পালন করে। কিন্তু ধর্মীয় উৎসব যেমন ঈদ নিয়ে তাদের কোন উৎসাহ দেখা যায় না। অন্য আট দশটা দিনের মতোই ঈদের দিনটা।,,,,,
কোন সাহায্য লাগলে তুর্কিরা এগিয়ে আসে। রাস্তায় কোন অসুবিধা হলে ওরাই এসে জানতে চাইবে কোন সাহায্য লাগবে কি না। বিশেষ করে বিদেশিদের সাহায্য করাটা ওরা দেখে ধর্মীয় দায়িত্ব হিসেবে।,,,,,
তুর্কিরা নিজেদের তার্কিশ-মুসলিম পরিচয় দিয়ে খুব গর্ববোধ করে। মুসলিম শব্দটির সঙ্গে তাদের কোনো বিরোধ নেই। তবে তুর্কিদের মসজিদের আশপাশে খুব একটা দেখা যায় না। মোট নাগরিকের খুব অল্পসংখকই ব্যক্তি জীবনে ধর্ম পালন করে বলে মনে হয়েছে আমার। ,,,,,
"তুর্কিরা আসলে যুদ্ধ চর্চাটা ভালোই করছিল, কিন্তু বুদ্ধিমত্তার চর্চাটা সেভাবে করতে পারেনি। ফলে দীর্ঘমেয়াদি যুদ্ধে হেরে যায়। তুর্কিদের একটা বিশাল অংশকে দেখেই মনে হয়েছে ‘মাথা মোটা’। হুট করেই রেগে যাবে। রাগলে আর থামানো যায় না। ",,,,,
গত দেড় দশক ধরে তুরস্ক শাসন করছে ধর্মপন্থী এরদোয়ান নেতৃত্বাধীন সরকার। তার শাসন নিয়ে নানা বিতর্ক থাকলেও জনগণের ভোটেই এখনো তিনি টিকে আছেন।,,,,,
"জীবনের বেশ কয়েকবছর তুর্কিতে কাটিয়ে যেদিন দেশে ফিরে আসে সেদিন আমার চোখে মুখে লেগে ছিল ওদের জন্য ভালোবাসা-মায়া। সুখ, দুঃখ, হাসি-কান্নায় ভরা এক অম্ল-মধুর তুর্কি জীবন ছিল আমার। ইস্তানবুলের পথেঘাটে কতো স্মৃতি ছড়ানো ছিটানো।",,,,,
"মনে পড়ে, ২০১৪ সালে তুরস্কে যাওয়ার পর ওদের প্রজাতন্ত্র দিবসে কয়েকজন বিদেশী বন্ধু মিলে ঘুরতে বের হই। রাত অনেক হয়ে যাওয়ায় আমরা ডর্মে ফিরতে পারছিলাম না। পাবলিক ট্রান্সপোর্ট বন্ধ, পথও চিনি না। তখন একজন তুর্কি তার প্রাইভেটকারে করে আমাদের ডর্মে পৌছে দিয় গিয়েছিলেন। ",,,,,
"নব্য রুশ লোকাচারের ভিত্তি গড়ে ওঠে প্রাচীন স্লাভদের পৌত্তলিক বিশ্বাস থেকে, যা এখনো রুশ রূপকথায় দেখতে পাওয়া যায়।",,,,,
"রুশ মহাকাব্য বুলিনাসমূহ স্লাভিক পুরাণের গুরুত্বপূর্ণ অংশ। কিয়েভান সময়ের প্রাচীনতম বুলিনাগুলো বেশিরভাগ উত্তর রাশিয়া, বিশেষ করে, কারেলিয়া, থেকে সংগৃহীত। এখান থেকেই বেশিরভাগ ফিনীয় জাতীয় মহাকাব্য কালেভালা সংগৃহীত হয়েছে।",,,,,
রুশ স্থাপত্য প্রাচীন স্লাভদের কাঠের তৈরি দালান নির্মাণের মাধ্যমে শুরু হয়। কিয়েভান রুস সময়ে খ্রিস্টান ধর্মে ধর্মান্তরিত হওয়ার সময় থেকে কনস্তান্তিনোপলের পতন পর্যন্ত কয়েক শতাব্দী ধরে রুশ স্থাপত্য বাইজেন্টাইন স্থাপত্যের দ্বারা প্রভাবিত হয়।,,,,,
"মাত্রিওশ্‌কা পুতুল হল পাখির বাসার মত এক ধরনের রুশ পুতুল। মাত্রিওশ্‌কা পুতুলের কাঠের কাঠামোর ভিতর আরেকটি পুতুল বিদ্যমান থাকে যা থেকে আরও ছোট একই ধরনের পুতুল বেড়িয়ে আসে, এবং ছোট থেকে ছোটতর হয়ে এই রকম চলতে থাকে।",,,,,
"রুশ ধ্রুপদী সুরকারদের মধ্যে লোক সঙ্গীতের ব্যাপক প্রভাব রয়েছে, এবং আধুনিক সময়েও লোক সঙ্গীত কয়েকটি জনপ্রিয় লোক সঙ্গীত দল, যেমন গোল্ডেন রিং, উরালের নেশন চোয়ার, লুদ্‌মিলা জিকিনার অনুপ্রেরণার উৎস। ",,,,,
১৯শ শতাব্দীর রাশিয়ার সঙ্গীতে ধ্রুপদী সুরকার মিখাইল গ্লিঙ্কা ও মুগোচায়া কুচ্‌কা দলের অন্যান্য সদস্যরা তাদের সুরে রুশ জাতি সত্তার পরিচয় গ্রহণ এবং ধর্ম ও লোক উপাদান যুক্ত করে। সুরকার আন্তন ও নিকোলাই রুবিনস্তেনের সুরকৃত সঙ্গীতদল রুশ মিউজিক্যাল সোসাইটি রক্ষণশীল ছিল।,,,,,
"পৃথিবীর সকল কবি সাহিত্যিক ও শিল্পীদের যদি প্রশ্ন করা হয়, কোন দেশে প্রথমে ভ্রমণ করতে চান, তাদের সোজা উত্তর ফ্রান্স। প্যারিস নিয়ে কত কবি ও লেখকের এত এত লেখালেখি পড়ে আমরা বেড়ে উঠেছি। এই দেশের ইতিহাস সবচেয়ে সমৃদ্ধ। ",,,,,
ফ্রেঞ্চ রিভিয়েরা/কোট ডা’জিউর:   ফ্রান্সের সবচেয়ে দর্শনীয় ও আকর্ষণীয় স্থানের লিস্টের ৫ম স্থানে রয়েছে ফ্রেঞ্চ রিভিয়েরা / কোট ডা’জিউর (French Riviera / Côte d’Azur)। এটি ফ্রান্সের সবচেয়ে আকর্ষণীয় উপকূলীয় অঞ্চল যার সমার্থক শব্দ হতে পারে — “গ্ল্যামার”।,,,,,
"ভার্সাইল:  লিস্টের ৪র্থ স্থানে রয়েছে ভার্সাইল (Versaille) যা হলো ফ্রান্সের একটি ক্ষুদ্র গ্রাম। আর এই ভার্সাইল গ্রাম তার বৃহৎ এবং অত্যাশ্চর্য প্রাসাদ (চাতেউ, Palace of Versaille) – এর জন্য বিখ্যাত। এই স্থানটি হল ফরাসি শিল্পের এক অন্যতম শ্রেষ্ঠ সৌন্দর্যের নিদর্শন। ফরাসি বিপ্লবের সময় রানি মারি এন্তনের জন্য ভার্সাইল প্রায়ই খবরের শিরোনাম হতো।",,,,,
"ফরাসি সংস্কৃতি জগদ্বিখ্যাত; শিল্পকলা, সাহিত্য, বিজ্ঞান, নৃবিজ্ঞান, দর্শন ও সমাজবিজ্ঞানের উন্নয়নে ও প্রসারে ফ্রান্সের সংস্কৃতি ব্যাপক ভূমিকা রেখেছে। মধ্যযুগ থেকেই প্যারিস পাশ্চাত্যের সাংস্কৃতিক জীবনের কেন্দ্রবিন্দু। ফরাসি রান্না ও ফ্যাশন বিশ্বের সর্বত্র অনুসৃত হয়।",,,,,
ফ্রান্সের সবচেয়ে দর্শনীয় ও আকর্ষণীয় স্থানের লিস্টের ৩য় স্থানে রয়েছে মন্ট সেন্ট-মিচেল (Mont Saint-Michel)। সমুদ্র থেকে উত্থিত মন্ট সেন্ট-মিচেল যেন এক অদ্ভূত কাল্পনিক দূ্র্গ।,,,,,
ফ্রান্সের রাজধানী প্যারিসে অবস্থিত বিশ্বের অন্যতম বিখ্যাত ও সমৃদ্ধ লুভ্যর মিউজিয়ামটি (The Louvre Museum) আমাদের লিস্টে ২য় স্থানে রয়েছে। ফ্রান্সের এই মিউজিয়ামটির নির্মাণকাজ শেষ হয় ১২০০ সালে যদিও এর নির্মাণকাজ শুরু হয় ২০০ বছর আগে। তবে লুভ্যরের স্বর্ণযুগ বলা হয় সম্রাট ১ম নেপোলিয়ানের শাসনামলকে। তার নেতৃত্বেই ফ্রান্সের আধিপত্য সমগ্র ইউরোপ জুড়ে বিস্তৃত হয় এবং মিউজিয়ামটির সংগ্রহশালা নাটকীয়ভাবে বৃদ্ধি পায়।,,,,,
"১৮৪৮ সালে লুভ্যর মিউজিয়াম ফ্রান্সের রাষ্ট্রীয় সম্পত্তিতে পরিণত হয়। বর্তমানে এতে ৬টি প্রশাসনিক বিভাগসহ পৃথক গ্যালারিতে গ্রিক, মিসরীয়, রোমান ও প্রাচ্যের অসংখ্য শিল্পনিদর্শন রয়েছে। বহু বিখ্যাত শিল্পী ও ভাস্করের শিল্প ও ভাস্কর্যকর্মও আছে এই মিউজিয়ামটিতে। দা ভিঞ্চির বিশ্ববিখ্যাত শিল্পকর্ম ‘মোনালিসা’ও এই লুভ্যরেই সংরক্ষিত আছে। ",,,,,
"ভার্সাইলের মূল বাসভবন শুধুমাত্র ত্রয়োদশ লুই এবং তার পরিবারের জন্য একটি শিকার লজ হিসাবে ব্যবহৃত হলেও, পরবর্তীকালে একে বিভিন্নভাবে অলংকৃত করে একটি অপরিমেয় রাজকীয় ভবনে রূপ দেওয়া হয়। ",,,,,
ফ্রান্সের দর্শনীয় বা আকর্ষণীয় স্থানের কথা বলা হলেই আমাদের চোখের সামনে ভেসে উঠে আইফেল টাওয়ার (Eiffel Tower) এর ছবি। ,,,,,
"ফ্রান্স প্যারিসের জন্য সবচেয়ে বেশি পরিচিত, এটি প্রায়শই শিল্প, সংস্কৃতি এবং বিজ্ঞানে ঐতিহাসিক অবদানের জন্য “আলোর শহর” এবং এর রোমান্টিক পরিবেশের জন্য “ভালোবাসার শহর” নামে পরিচিত।",,,,,
"দম্পতিরা নৌকায় ভ্রমণ, সবুজ বাগানে পিকনিক এবং মন্টমার্টের মতো মনোরম আশেপাশে হাঁটার স্বপ্ন দেখে। আর্ট গ্যালারী, জাদুঘর এবং থিয়েটার সহ একটি সমৃদ্ধ সাংস্কৃতিক দৃশ্য, কালহীন আকর্ষণ এবং পাথরের রাস্তাগুলির সাথে মিলিত হয়ে প্যারিসকে চিরন্তন রোমান্টিক শহর করে তুলেছে।

",,,,,
"শুধুমাত্র তার রোমান্টিক পরিবেশের জন্যই নয়, আইফেল টাওয়ার, নটর ডেম ক্যাথেড্রাল এবং লুভরের মতো বিখ্যাত ল্যান্ডমার্কগুলোও প্যারিসকে শিল্প, ফ্যাশন, রন্ধনশিল্প এবং সংস্কৃতির বিশ্বব্যাপী কেন্দ্র এবং বিশ্বের সবচেয়ে প্রিয় গন্তব্যগুলির মধ্যে একটি করে তুলেছে।",,,,,
"ফ্রান্স এর অনেক বিখ্যাত ল্যান্ডমার্কের জন্য সবচেয়ে বেশি পরিচিত যা প্রতি বছর লক্ষ লক্ষ দর্শককে আকর্ষণ করে। প্যারিসের কেন্দ্রে, আপনি পাবেন আইফেল টাওয়ার, যা ফরাসি সংস্কৃতির শ্রেষ্ঠ প্রতীক এবং ফরাসি প্রকৌশলের একটি চিত্তাকর্ষক কীর্তি।",,,,,
"ফ্রান্স রাজকীয় প্রাসাদগুলির বিশালতার জন্যও বিখ্যাত, যেমন ভার্সাই প্রাসাদ, যা প্যারিসের কাছে অবস্থিত একটি ঐতিহাসিক রাজকীয় বাসস্থান। একসময় ফ্রান্সের রাজনৈতিক ও সাংস্কৃতিক কেন্দ্র, এটি ১৯১৯ সালে ভার্সাই চুক্তি স্বাক্ষরের মতো গুরুত্বপূর্ণ ঐতিহাসিক ঘটনাগুলোর আয়োজন করেছিল।",,,,,
"অনেক দর্শকের জন্য, প্রথমবারের মতো এর প্রতীকী কাঁচের পিরামিডের কাছে যাওয়া একটি স্মরণীয় অভিজ্ঞতা। জাদুঘরটিতে প্রাচীন সভ্যতা থেকে ১৯ শতকের মাস্টারপিস পর্যন্ত ৩৮,০০০ টিরও বেশি অবিশ্বাস্য শিল্পকর্মের সংগ্রহ রয়েছে।",,,,,
"মন্ট সেন্ট-মিশেল হল নরম্যান্ডি, ফ্রান্সের একটি জোয়ার দ্বীপ এবং অ্যাবে। এটি একটি বিশাল বালুচর দ্বারা বেষ্টিত একটি পাথুরে দ্বীপের উপর তার অনন্য অবস্থানের জন্য পরিচিত। এই স্থানটি সেন্ট মাইকেলের প্রতি উৎসর্গীকৃত একটি গথিক-শৈলীর বেনেডিক্টিন অ্যাবে সহ মধ্যযুগীয় স্থাপত্যের আবাসস্থল।",,,,,
"মন্ট সেন্ট-মিশেল পরিদর্শন করা একটি পরাবাস্তব, চির-পরিবর্তনশীল রূপকথার গল্পের মতো মনে হয়। আপনি যখন কাছে যান, তখন অ্যাবেটি সমুদ্র থেকে নাটকীয়ভাবে উঠে আসে, এর পাথরের দেয়াল এবং চূড়াগুলো আকাশ স্পর্শ করে বলে মনে হয়।",,,,,
"প্রোভেন্স আল্পস এবং ক্যামার্গ উপত্যকা থেকে শুরু করে দ্রাক্ষাক্ষেত্র, জলপাই বাগান, পাইন বন এবং বিখ্যাত ল্যাভেন্ডার ফিল্ড পর্যন্ত বিভিন্ন ধরনের ল্যান্ডস্কেপ সরবরাহ করে।",,,,,
"প্রোভেন্সের ল্যাভেন্ডার ফিল্ডগুলো ভাক্লুজ, আল্পস-দে-ওট-প্রোভেন্স এবং দ্রোমের উপর বিস্তৃত। ল্যাভেন্ডার মূলত এর তেলের জন্য জন্মায় এবং এটি পারফিউম, সাবান এবং অন্যান্য পণ্যগুলিতে ব্যবহৃত হয়। ",,,,,
"ফরাসি রন্ধনশিল্প তার রন্ধনশিল্পের তারকা যেমন এসকার্গো, কোক ও ভিন, এবং রাতাতুইল এর জন্য সবচেয়ে বেশি পরিচিত। এটি তার বিখ্যাত রুটি এবং পেস্ট্রির জুটির জন্যও স্মরণ করা হয়: বাগেট এবং ক্রোসাঁ, পাশাপাশি এর ডেজার্ট যেমন ক্রেম ব্রুলে এবং ম্যাকারোঁ।",,,,,
"সম্ভবত ফরাসি রন্ধনশিল্পের মেরুদণ্ড তার সসগুলিতে নিহিত, যা সাধারণ খাবারকে রন্ধনশিল্পের মাস্টারপিসে পরিণত করে। ",,,,,
"ফরাসি রন্ধনশিল্পের শ্রেষ্ঠত্বের সত্যিকারের নায়ক হলেন শেফ—ঐতিহ্যবাহী রান্নার কৌশল যেমন সতে করা, ব্রেসিং করা, এবং রোস্ট করার ওস্তাদ, প্রতিটি নির্ভুলতা এবং দক্ষতার সাথে সম্পন্ন করেন।",,,,,
"ফ্রান্স তার ওয়াইন উৎপাদনের জন্য বিখ্যাত, যা অনেক অঞ্চলে তৈরি হয়, প্রতিটি তার নিজস্ব আবহাওয়া, মাটি এবং ওয়াইন তৈরির পদ্ধতি সহ।",,,,,
"ভার্সাইলের মূল বাসভবন শুধুমাত্র ত্রয়োদশ লুই এবং তার পরিবারের জন্য একটি শিকার লজ হিসাবে ব্যবহৃত হলেও, পরবর্তীকালে একে বিভিন্নভাবে অলংকৃত করে একটি অপরিমেয় রাজকীয় ভবনে রূপ দেওয়া হয়। ",,,,,
"বিখ্যাত শ্যাম্পেন অঞ্চল তার স্পার্কলিং ওয়াইনগুলির নাম দিয়েছে, যখন লোয়ার ভ্যালি স্যুভিগনন ব্ল্যাঙ্ক এবং চেনিন ব্ল্যাঙ্কের জন্য পরিচিত।",,,,,
"ওয়াইন ছাড়াও, ফ্রান্স তার বিশাল চিজের সংগ্রহের জন্য সবচেয়ে বেশি পরিচিত, যেখানে ১০০০ টিরও বেশি বিভিন্ন ধরনের চিজ রয়েছে। ",,,,,
"প্যারিস শুধুমাত্র একটি সাংস্কৃতিক কেন্দ্র নয়, ইউরোপের একটি গুরুত্বপূর্ণ আর্থিক কেন্দ্রও। সবচেয়ে গুরুত্বপূর্ণ অর্থনৈতিক আকর্ষণ হল জেলা প্রতিরক্ষা, ইউরোপের বৃহত্তম ব্যবসা কেন্দ্র।",,,,,
ফ্রান্সের বিখ্যাত ওয়াইন অঞ্চল থেকে যেকোন সূক্ষ্ম ফরাসি ওয়াইনের সাথে নিখুঁতভাবে মিলানোর জন্য একটি ফরাসি চিজ রয়েছে।,,,,,
"তবে ভাববেন না যে ফ্রান্সের চিজ এবং ওয়াইন শুধুমাত্র কয়েকজন ভাগ্যবানদের জন্য sophistication এবং exclusivity-এর প্রতীক; এগুলি দৈনন্দিন জীবনের একটি সাধারণ অংশ, প্রায়শই ঐতিহ্যবাহী খাবারের সাথে উপভোগ করা হয়।",,,,,
"প্যারিস শুধুমাত্র একটি সাংস্কৃতিক কেন্দ্র নয়, ইউরোপের একটি গুরুত্বপূর্ণ আর্থিক কেন্দ্রও। সবচেয়ে গুরুত্বপূর্ণ অর্থনৈতিক আকর্ষণ হল জেলা প্রতিরক্ষা, ইউরোপের বৃহত্তম ব্যবসা কেন্দ্র। উপরন্তু, ফরাসি রাজধানী একটি অত্যন্ত প্রাসঙ্গিক পর্যটন গন্তব্য, প্রতি বছর 30 মিলিয়নেরও বেশি আন্তর্জাতিক পর্যটকদের গ্রহণ করে।",,,,,
"সেইন নদী প্যারিসের প্রাণকেন্দ্রের মধ্য দিয়ে প্রবাহিত, আইফেল টাওয়ার, নটর-ডেম ক্যাথেড্রাল এবং লুভরের মতো প্রতীকী স্থানগুলির পাশ দিয়ে যাতায়াতকারী মনোরম নৌকা ভ্রমণের সুযোগ করে দেয়। এর মনোরম সেতু এবং নদীর তীর শহরের রোমান্টিক মনোমুগ্ধকর সৌন্দর্য বৃদ্ধিতে অবদান রাখে।",,,,,
"ফ্রান্স ভোজনরসিকদের জন্য সত্যিকারের স্বর্গ। এখানে আপনি সুস্বাদু ওয়াইন, বিভিন্ন ধরণের পনির এবং অবশ্যই, অসংখ্য ধরণের ফরাসি খাবার উপভোগ করতে পারবেন। আমি আপনাকে মাখন দিয়ে তৈরি ক্রোয়েসেন্ট এবং বান চেষ্টা করার পরামর্শ দিচ্ছি – এগুলো অবিশ্বাস্যভাবে সুস্বাদু!",,,,,
ফরাসি জীবনের আরেকটি গুরুত্বপূর্ণ উপাদান হল ফ্যাশন। প্যারিস বিশ্বের ফ্যাশন রাজধানী এবং এর বুটিকগুলিতে হাঁটা স্টাইলিশ পোশাক প্রেমীদের জন্য একটি আসল আনন্দ হবে। ,,,,,
"ফ্রান্স তার উৎকৃষ্ট মানের দুধের জন্য পরিচিত, যা যত্ন সহকারে যত্ন নেওয়া পশুপাল থেকে সংগ্রহ করা হয়। ফরাসি ভূদৃশ্য এবং জলবায়ুর বৈচিত্র্য বিভিন্ন ধরণের পনির উৎপাদনে অবদান রাখে।",,,,,
"স্থানীয় ঐতিহ্যের সমৃদ্ধি, পনির উৎপাদনকারী অঞ্চলের বৈচিত্র্য এবং ফরাসি পনির প্রস্তুতকারকদের উচ্চ কারিগরি দক্ষতার কারণে ফ্রান্স তার পনিরের জন্য বিখ্যাত। দেশটি ১২০০ টিরও বেশি ধরণের পনির উৎপাদন করে, যার প্রতিটির নিজস্ব স্বাদ এবং বৈশিষ্ট্য রয়েছে।",,,,,
"ফ্রান্স তার ব্যতিক্রমী ওয়াইন এবং শ্যাম্পেনের জন্য বিখ্যাত। বোর্দো, বারগান্ডি এবং শ্যাম্পেনের মতো অঞ্চলগুলি অনন্য বৈশিষ্ট্য সহ বৈচিত্র্যময়, উচ্চমানের ওয়াইন উৎপাদন করে।",,,,,
"সংস্কৃতি এবং ঐতিহ্যের গভীরে প্রোথিত ফরাসি ওয়াইন তৈরি একটি বিশ্বব্যাপী মান স্থাপন করে। সমৃদ্ধ বোর্দো মিশ্রণ থেকে শুরু করে মার্জিত বারগান্ডি জাত এবং আইকনিক শ্যাম্পেন, ফ্রান্স ওয়াইন প্রেমীদের কাছে একটি শীর্ষ গন্তব্যস্থল হিসেবে রয়ে গেছে।",,,,,
"ট্যুর ডি ফ্রান্স ফ্রান্সে অনুষ্ঠিত একটি মর্যাদাপূর্ণ এবং প্রতীকী বার্ষিক সাইকেল প্রতিযোগিতা। এটি বিশ্বব্যাপী সবচেয়ে বিখ্যাত এবং চ্যালেঞ্জিং সাইক্লিং ইভেন্টগুলির মধ্যে একটি, যা সারা বিশ্বের শীর্ষ সাইক্লিস্টদের আকর্ষণ করে। ",,,,,
"দৌড় প্রতিযোগিতায় বিভিন্ন ভূখণ্ড অন্তর্ভুক্ত করা হয়েছে, যেখানে ফ্রান্সের মনোরম প্রাকৃতিক দৃশ্য প্রদর্শিত হবে। সমৃদ্ধ ইতিহাস এবং ঐতিহ্যের সাথে, ট্যুর ডি ফ্রান্স ধৈর্য, ক্রীড়ানুরাগীতা এবং প্রতিযোগিতামূলক সাইক্লিংয়ের সৌন্দর্যের প্রতীক।",,,,,
"স্বাধীনতা, সাম্য এবং ভ্রাতৃত্বের আদর্শের আবির্ভাব ঘটে, যা বিশ্বব্যাপী পরবর্তী রাজনৈতিক আন্দোলনগুলিকে প্রভাবিত করে। ফরাসি বিপ্লব ফ্রান্সের রাজনৈতিক ভূদৃশ্যে এক অমোচনীয় ছাপ রেখে গেছে, যা আধুনিক গণতান্ত্রিক নীতির অনুঘটক এবং বিশ্বব্যাপী সামাজিক পরিবর্তনের জন্য অনুপ্রেরণামূলক আন্দোলন হিসেবে কাজ করেছে।",,,,,
"ফ্রান্স আল্পস পর্বতমালার সর্বোচ্চ শৃঙ্গ মন্ট ব্ল্যাঙ্কের জন্য বিখ্যাত, যার উচ্চতা ৪,৮০৯ মিটার। এটি ফ্রান্স এবং ইতালির মধ্যে একটি প্রাকৃতিক সীমানা হিসেবে কাজ করে এবং বহিরঙ্গন প্রেমীদের জন্য একটি আকর্ষণ। ",,,,,
"চ্যামোনিক্স সহ এই অঞ্চলটি হাইকিং ট্রেইল এবং অত্যাশ্চর্য আলপাইন ল্যান্ডস্কেপ অফার করে। মন্ট ব্ল্যাঙ্ক পর্বতারোহীদের কাছে একটি জনপ্রিয় গন্তব্য, এবং আইগুইলে ডু মিডি কেবল কারটি মনোমুগ্ধকর দৃশ্য প্রদান করে। ",,,,,
"ব্যাগুয়েট এবং ক্রোয়েসেন্ট হল ফরাসি খাবারের প্রতীক। লম্বা এবং সরু রুটি, মুচমুচে খোসা সহ, ব্যাগুয়েটস, তাদের সরলতার জন্য পরিচিত একটি নিত্যপ্রয়োজনীয় খাবার। ",,,,,
"ক্রোয়েসেন্টস, ফ্লেকি এবং মাখনের মতো পেস্ট্রি, হল একটি অসাধারণ ফরাসি ব্রেকফাস্ট, যা সাধারণ বা ভরাট করে উপভোগ করা যায়। উভয়ই ফরাসি বেকিং শিল্পের প্রতিনিধিত্ব করে, যা তাদের সূক্ষ্ম স্বাদ এবং সাংস্কৃতিক তাৎপর্যের জন্য প্রশংসিত।",,,,,
"ফ্রান্স তার মনোমুগ্ধকর ভূমধ্যসাগরীয় উপকূলরেখার জন্য বিখ্যাত, যা কোট ডি’আজুর নামেও পরিচিত। তার অত্যাশ্চর্য সৌন্দর্য এবং পরিশীলিততার জন্য বিখ্যাত, ফরাসি রিভেরা সেন্ট-ট্রোপেজ থেকে ইতালীয় সীমান্ত পর্যন্ত বিস্তৃত।",,,,,
"এই মনোমুগ্ধকর অঞ্চলটি ধনী এবং বিখ্যাতদের জন্য একটি স্বর্গ, যেখানে মনোরম সৈকত, মনোমুগ্ধকর সমুদ্রতীরবর্তী শহর এবং রোদে ভেজা জলবায়ু রয়েছে। এর আকর্ষণ কান এবং নিসের মতো মনোমুগ্ধকর রিসোর্টগুলিতে নিহিত, যেখানে দর্শনার্থীরা বিলাসবহুল সুযোগ-সুবিধা, হাউট খাবার এবং একটি প্রাণবন্ত সাংস্কৃতিক দৃশ্য উপভোগ করতে পারেন।",,,,,
"ফরাসি রিভেরা আকাশী ভূমধ্যসাগরীয় জলরাশি, একচেটিয়া বুটিক এবং বিশ্বমানের নাইটলাইফ দ্বারা চিহ্নিত, যা এটিকে ঐশ্বর্য এবং শৈলীর একটি প্রতীকী প্রতীক করে তোলে। প্রাকৃতিক সৌন্দর্য এবং বিলাসবহুল পরিবেশের সমন্বয় ফরাসি রিভেরাকে একটি প্রধান গন্তব্য হিসেবে প্রতিষ্ঠিত করেছে, যা বিনোদন এবং মার্জিত জীবনযাত্রার প্রতীক উভয়ই খুঁজতে আগ্রহী দর্শনার্থীদের আকর্ষণ করে।",,,,,
"শতবর্ষী যুদ্ধে জোয়ান অফ আর্কের মতো আইকনিক সামরিক নেতারা ছিলেন, যিনি ফরাসি পুনরুত্থানে গুরুত্বপূর্ণ ভূমিকা পালন করেছিলেন। অ্যাজিনকোর্ট এবং অরলিন্সের মতো উল্লেখযোগ্য যুদ্ধগুলি ইতিহাসে খোদাই করা আছে, যা উভয় পক্ষের স্থিতিস্থাপকতা এবং কৌশলগত দক্ষতা প্রদর্শন করে।",,,,,
"যুদ্ধটি শেষ পর্যন্ত ফরাসি জাতীয়তাবাদকে শক্তিশালী করতে এবং মধ্যযুগীয় শৌর্যের পতনে অবদান রাখে। এর সমাপ্তি সামন্ত যুগের সমাপ্তি চিহ্নিত করে এবং নবজাগরণের সূচনা করে। শত বছরের যুদ্ধ ফরাসি ইতিহাসের একটি গুরুত্বপূর্ণ অধ্যায়, যা জাতির ধৈর্য, বিবর্তন এবং একটি ঐক্যবদ্ধ ও শক্তিশালী সত্তা হিসেবে উত্থানের প্রতীক।",,,,,
"ফ্রান্স তার রন্ধনসম্পর্কীয় স্বাদের জন্য বিখ্যাত, এবং এর মধ্যে শামুক (এসকারগট) এবং ব্যাঙের পা খাওয়া উল্লেখযোগ্য। এই খাবারগুলিকে ফরাসি রন্ধনপ্রণালীতে সুস্বাদু খাবার হিসেবে বিবেচনা করা হয়, যা দেশের খাদ্যতালিকাগত বৈচিত্র্য এবং রন্ধনসম্পর্কীয় শৈল্পিকতার প্রতি অঙ্গীকার প্রদর্শন করে।",,,,,
"রসুন এবং পার্সলে মাখন দিয়ে তৈরি শামুক, এবং ব্যাঙের পা, সাধারণত প্যানে ভাজা বা ভাজা, অনন্য উপাদানগুলিকে সুস্বাদু অভিজ্ঞতায় রূপান্তরিত করার ফরাসি ঝোঁককে প্রতিফলিত করে। ",,,,,
"ফ্রান্স তার সাহিত্যের জন্য বিখ্যাত, সাহিত্যিক দৈত্য এবং সাংস্কৃতিক মাস্টারপিসের সুতোয় বোনা একটি সমৃদ্ধ ট্যাপেস্ট্রি। ভিক্টর হুগো, গুস্তাভ ফ্লুবার্ট এবং আলেকজান্দ্রে ডুমাসের ক্লাসিক রচনা থেকে শুরু করে আলবার্ট কামু এবং জিন-পল সার্ত্রের অস্তিত্ববাদী দর্শন পর্যন্ত, ফরাসি সাহিত্য বিশ্বব্যাপী সাহিত্যিক ভূদৃশ্যে এক অমোচনীয় ছাপ রেখে গেছে।",,,,,
"ফরাসি লেখকরা প্রায়শই গভীর দার্শনিক এবং সামাজিক বিষয়গুলি অন্বেষণ করেছেন, রোমান্টিসিজম, বাস্তববাদ এবং অস্তিত্ববাদের মতো সাহিত্য আন্দোলনের বিবর্তনে উল্লেখযোগ্য অবদান রেখেছেন। ",,,,,
"বলা হয়, যারা শিল্প ভালোবাসে, তাদের একটি নয়, দুটি মাতৃভূমি থাকে। প্রথমটি হচ্ছে তার জন্মস্থান, অন্যটি হচ্ছে প্যারিস।",,,,,
আসলে শিল্পের ইতিহাসে ফ্রান্সের স্থান নিয়ে প্রশ্ন করাই একরকম বোকামী। ইউরোপ ও আমেরিকার যেকোনো দেশের শিল্পমনস্ক মানুষ তাদের মনের তৃষ্ণা মেটাতে ফ্রান্সে ছুটে আসেন। ,,,,,
"ফ্রান্সে ক্রঁজ ও বুঁজ নদীর মোহনার উবুসোঁ অঞ্চল অবস্থিত। বাহারী শৈল্পিক বুনন কৌশলে প্রকৃতি, মানুষ, প্রাণী ও অন্যান্য অপরূপ দৃশ্য ফুটিয়ে তোলার অনবদ্য ‘ট্যাপেস্ট্রি’ ঐতিহ্যের জন্য এ অঞ্চল বিশেষ প্রসিদ্ধ। ",,,,,
"দৈনন্দিন জীবনযাপনের সাধারণ জিনিসও মানুষের স্বাভাবিক অন্তর্দৃষ্টি ও সৌন্দর্যের বোধের কারণে কতটা অসাধারণ ও নান্দনিক হয়ে উঠতে পারে, ‘উবুসোঁ ট্যাপেস্ট্রি’ তার এক উল্লেখযোগ্য উদাহরণ।",,,,,
আনুমানিক ১৪৫৭ সালে এই শিল্পের যাত্রা শুরু হয়। নিকটবর্তী শহর ফেলেতিন বুনন শিল্পের জন্য আগে থেকেই সমৃদ্ধ ছিলো। ষোড়শ শতকে বন্য দৃশ্য ও কাল্পনিক প্রাণীর ছবি সম্বলিত ট্যাপেস্ট্রি প্রথম শুরু হয়। ,,,,,
‘উবুসোঁ’র এই শৈল্পিক প্রয়াস রাজপরিবারের বিশেষ সুনজরে আসে। ১৬৬৫ সালে এ অঞ্চলের ট্যাপেস্ট্রি তৈরির কারিগরিকে ‘রয়েল ম্যানুফ্যাকচার অব ট্যাপেস্ট্রিস’ খেতাব দেওয়া হয়। অন্যান্য অনেক অঞ্চলে এই কারিগরি প্রসারিত হয়েছিলো। ,,,,,
অষ্টাদশ শতকে সামাজিক ও রাজনৈতিক বিভিন্ন কারণে অনেক চড়াই-উতরাইয়ের পর এই ট্যাপেস্ট্রি শিল্প কয়েকবার সংস্কার করা হয়েছিলো। রাজকীয় শিল্পী জ্যাঁ জোসেফ দুঁমো এই লোকশিল্পের সাথে নিজস্ব শিল্পবোধ ও অন্তর্দৃষ্টি মিলিয়ে প্যারিসের অভিজাত সমাজের দৃষ্টি আকর্ষণ করেছিলেন।,,,,,
ঐতিহ্য ও উদ্ভাবনের এই সুন্দর মিলন ‘উবুসোঁ’ ট্যাপেস্ট্রিকে সম্পূর্ণ ভিন্ন এক মাত্রা প্রদান করে। রাজকীয় অনুগ্রহে স্থানীয় গ্রাম্য কারিগর ও শিল্পীদের এই বুননশৈলী বিভিন্ন প্রদর্শনে উৎসুক মানুষের প্রশংসা কুড়াতে সক্ষম হয়েছিলো। ,,,,,
"২০০৯ সালে ইউনেস্কো উবুসোঁ ট্যাপেস্ট্রিকে ‘ইন্ট্যানজিবল কালচারাল হেরিটেজ অব হিউম্যানিটি’ খেতাবে ভূষিত করে। অনেক আগে থেকেই ফ্রান্স শিল্পীদের মাতৃভূমি হিসেবে খ্যাত হয়ে আছে। অনেকে বলে থাকেন, শিল্পে ঐতিহ্য ও আধুনিকতার সার্থক ছোঁয়াতেই অপার্থিব সৌন্দর্য তৈরি হয়ে থাকে। তার এক অপ্রতিদ্বন্দ্বী উদাহরণ হচ্ছে উবুসোঁ ট্যাপেস্ট্রি।",,,,,
ভিক্টোরিয়া ও চ্যারিংক্রস লন্ডনের দুইটা বড় ট্রেন ষ্টেশন । এখানে বিভিন্ন টিউব লাইনের ট্রেন ও ইন্টার ডিস্ট্রিক্ট ট্রেন চলাচল করে । এর মধ্যে টিউবে চলাচলের জন্য ম্যাপ নিয়ে নিলাম । পর্যটকদের জন্য অনেক ফ্রি বই ও ম্যাপ বিমান বন্দরে ও ট্রেন ষ্টেশনে ষ্ট্যান্ডে রাখা আছে । ,,,,,
টিউব রেলের বা পাতাল রেলের বিভিন্ন সংকেত রং ও জোন সম্বন্ধে জানলাম । কাউন্টারে গিয়ে কেন্ট গামী ট্রেনের টিকেট কিনলাম । রচেস্টার ছোট শহর সেখানে এই ট্রেন থামে না।,,,,,
"বিশ্বের সবচেয়ে রহস্যময় প্রাগৈতিহাসিক স্থানগুলোর একটি স্টোন হেঞ্জ। প্রায় ২৫ টন ওজনের এক একটি পাথরের খণ্ডকে বৃত্তাকারে সাজিয়ে নির্মাণ করা হয়েছে এই নিখুঁত স্থাপত্য নিদর্শনকে। অনুমান করা হয়, ইংল্যান্ডের এই প্রাচীন স্থাপত্যটি নির্মাণ করা হয়েছে প্রায় পাঁচ হাজার বছর পূর্বে।",,,,,
ইংল্যান্ডের ইতিহাস বা সংস্কৃতির চেয়ে বেশি ঈর্ষণীয় ও অনুকরণীয় দিক হচ্ছে তারা যেভাবে তা সংরক্ষণ করেছে।,,,,,
"হ্যাস্টিং এর যুদ্ধের মাধ্যমে ১০৬৬ খ্রিস্টাব্দে ইংল্যান্ডের ক্ষমতা দখল করেন নর্মান সম্রাট উইলিয়াম দ্য কনকরার (William the conqueror)। অ্যাংলো-স্যাক্সন রাজা দ্বিতীয় হ্যারোল্ডের বিরুদ্ধে হওয়া এই যুদ্ধে প্রচুর প্রাণনাশ হয়, যার জন্য তৎকালীন পোপ দ্বিতীয় আলেকজান্ডার নর্মানদের প্রায়শ্চিত্ত করতে বলেন",,,,,
"প্রার্থনালয়ের সোপানে দাঁড়িয়ে এখনো সেই বিখ্যাত হ্যাস্টিং এর যুদ্ধের যুদ্ধক্ষেত্রটি দেখা যায়। সোপানে দাঁড়িয়ে আপনি দেখতে পাবেন স্যাক্সনরা শুরুতে যেই উঁচু ঢিবিতে দাঁড়িয়েছিল সেই ঢিবিটি, দেখতে পাবেন নর্মানদের মিথ্যা পশ্চাদগমনের ফলে তারা যেই স্থানে ছত্রভঙ্গ হয়ে পড়ে সেই স্থানটি।",,,,,
কেন্টের ডোভার ক্যাসেলকে বলা হয় ‘ইংল্যান্ডের চাবি’। এটি একটি প্রাচীন লৌহযুগীয় দুর্গ যা আবিষ্কৃত হয়েছিল একাদশ শতাব্দীতে। ইউরোপের যেকোনো জায়গা দিয়ে ইংল্যান্ডে প্রবেশ করতে হলেই তখন ডোভার ক্যাসেলের অতিক্রম করতে হত। আর এই কারণেই এই দুর্গটি শত শত বছর ধরে প্রহরীর ভূমিকা পালন করে গিয়েছে। ,,,,,
"ভার্সাইলের মূল বাসভবন শুধুমাত্র ত্রয়োদশ লুই এবং তার পরিবারের জন্য একটি শিকার লজ হিসাবে ব্যবহৃত হলেও, পরবর্তীকালে একে বিভিন্নভাবে অলংকৃত করে একটি অপরিমেয় রাজকীয় ভবনে রূপ দেওয়া হয়। \",,,,,
ইংল্যান্ডের সর্বপ্রাচীন সন্ন্যাস আশ্রমগুলোর একটি এটি। দ্বাদশ শতাব্দীতে সিস্টোরশান সন্ন্যাসীদের দ্বারা আবিষ্কৃত হয় এই প্রার্থনালয়টি। প্রথমদিককার ইংলিশ গোথিক স্থাপত্যশৈলীর একটি উজ্জ্বল নিদর্শন এই রিভোহ আবি। ,,,,,
শতাব্দীর পর শতাব্দী ধরে উইকশায়ারের কেনিলোর্থ ক্যাসেলটি রাজ-রাজড়াদের প্রাসাদ হিসেবে ব্যবহৃত হয়ে এসেছে। ঐতিহাসিকগণ এটিকে মধ্যযুগীয় আধা রাজকীয় প্রাসাদের সবচেয়ে উৎকৃষ্ট উদাহরণ হিসেবে উল্লেখ করেন।,,,,,
টুডো যুগে নর্মানদের দ্বারা নির্মিত এই বিখ্যাত স্থাপনাটি ১২৬৬ খ্রিস্টাব্দে প্রায় ছয় মাস অবরুদ্ধ অবস্থায় ছিল। বিখ্যাত প্রাসাদটি এখনো উইকসায়ারে স্বমহিমায় দাঁড়িয়ে আছে। এর পাশেই রানী এলিজাবেথের সম্মানে একটি দৃষ্টিনন্দন বাগান তৈরি করা হয়েছে।,,,,,
"ইসেক্সের অডলি এন্ড হাউজ মূলত সতের শতাব্দীতে নির্মিত একটি রাজকীয় অট্টালিকা। জ্যাকবিয়ান স্থাপত্যশিল্পের একটি অনন্য নিদর্শন এ বাড়িটি, যার মূল নকশার মাত্র এক-তৃতীয়াংশ বর্তমানে অক্ষত রয়েছে। ",,,,,
অক্ষত অংশখানিই ইংল্যান্ডের একসময়ের সর্ববৃহৎ জ্যাকবিয়ান স্থাপত্যকলার স্মৃতি বহন করে দাঁড়িয়ে আছে এবং এই প্রাসাদসম অট্টালিকাটিই বর্তমান ইংল্যান্ডের একটি উল্লেখযোগ্য দর্শনীয় স্থান বলে বিবেচিত।,,,,,
বেডফোর্ডশায়ারের রেস্ট পার্ককে বলা হয় ইংল্যান্ডের সবচেয়ে বড় ‘সিক্রেট গার্ডেন’। একটা সময় প্রবৃদ্ধ হয়ে লোকচক্ষুর আড়ালে চলে গেলেও বর্তমানে এই রেস্ট পার্ককে ইংল্যান্ডের অষ্টাদশ শতাব্দীয় সেরা বাগানবাড়িগুলোর একটি হিসেবেই দেখা হয়। ,,,,,
মধ্যযুগ থেকে বিংশ শতাব্দী পর্যন্ত এই বাগানের মালিকানা ছিল গ্রে পরিবারের কাছে। বাগানের নকশা করার জন্য তারা বিভিন্ন সময়ে বিখ্যাত অনেক জর্জিয়ান ডিজাইনারকে নিয়োগ করেছে। ,,,,,
"রাজকীয় জীবনযাপন সম্পর্কে বাস্তব ধারণা পেতে, বিশেষ করে রানী ভিক্টোরিয়া ও যুবরাজ এলবার্টের জীবনযাপন নিয়ে জানতে চাইলে অসবর্নের চেয়ে উত্তম স্থান আর বোধহয় নেই।",,,,,
"লন্ডনে থাকাকালিন বাংগালী ব্রিটিশ এক পরিবারে বেড়াতে গিয়েছিলাম, স্বামী স্ত্রী দুজনেই আর্কিটেক্ট ভাল বেতনে চাকুরী করেন । তাঁরা দুজনেই সৌদি আরবে চাকুরী করতেন বাচ্চাদের পড়াশোনার কথা ভেবে লন্ডনে চাকুরী নিয়ে স্থায়ীভাবে থাকতে এসেছেন ।",,,,,
ছেলে ইংলিশ খাবার ছাড়া অন্য কিছু খায়না । মেয়ে বাবা মায়ের পছন্দের যে কোন খাবার খাবে ও বেশ ভাল । ছেলেটা বড় এবং বোনের সাথে কথাও বলে না ।,,,,,
"বাংলাদেশ সেন্টারে খুব ভাল ভাবে আমার সময় কেটেছিল । বোর্ডার তেমন ছিল না । রুমে আমি একাই ছিলাম । সারাটা দিন বাইরে থাকতাম, টিউবে করে সারা লন্ডনের সব ষ্টেশনের আশেপাশে দেখা হয়ে গিয়েছিল।",,,,,
প্রতিদিন একটা টার্গেট সেট করে বের হতাম তারপর সন্ধ্যায় সব দেখে শেষ করে রুমে ফেরা । টিউবের ৭ দিনের ৪ টা জোনের টিকেট/পাশ কেনা আছে।,,,,,
ইংল্যান্ডের রাণীর প্রাসাদ বার্কিংহাম প্যালেস দেখার সখ । এক সময় এরা আমাদের দেশ শাসন করত । কথায় বলে ব্রিটিশ সাম্রাজ্যে তখন নাকি কখনো সূর্য অস্ত যেত না । এখন ঠিক তার উল্টা। গত কদিন আকাশ মেঘলা থাকায় লন্ডনে সূর্যের চেহারাই দেখা যায়নি । ,,,,,
"ভিক্টোরিয়া মেট্রো ষ্টেশন থেকে বের হয়ে কিছু দুর হেঁটে গেলেই বার্কিংহাম প্যালেস এলাকা , ব্রিটিশ স্থাপত্যের সুদৃশ্য প্রাসাদ । অনেক পর্যটক আমার মত ব্রিটিশ রাণীর প্রাসাদ দেখতে এসেছে। ",,,,,
"বিশাল লোহার গেট মাঝে তাদের চিহ্ন সোনালী রং করা । প্রাসাদে প্রহরী পরিবর্তনের জন্য একটা প্যারেড হয়, এটা বেশ আকর্ষণীয়।",,,,,
"ক্যামেরার ক্লিক ক্লিক চলছেই । সুন্দর সুন্দর ষ্টাচুর পাশে খোলামেলা জায়গা মানুষের ভীড়, অনেক দিনের সখ পুরন হলো । ",,,,,
এই প্রাসাদে বসবাসরত সম্রাট/সম্রাজ্ঞীরা দুইশত বৎসর ভারত শাসন করেছে । ভাবতে অবাক লাগে । গার্ড পরিবর্তনের যে আনুষ্ঠানিকতা তা দেখার মত । ,,,,,
বার্কিংহাম প্রাসাদ এর ইতিহাস অনেক পুরানো । এটা ১৭০৩ সালে ডিউক অব বার্কিংহামের জন্য নির্মান করা হয়েছিল । পরবর্তীতে রাজা তৃতীয় জর্জ এটা তার রাণী ক্যারোলিন এর জন্য কিনে নেন ।,,,,,
"আমি একা তাই ছবি তোলার লোক পাচ্ছিলাম না । হঠাৎ করে এক জাপানী ভদ্রলোক হাসিমুখে এসে তাঁর ছোট্ট ভিডিও ক্যামেরাটা দিয়ে আমাকে ছবি তুলে দিতে বললেন। আমি তুলে দিলাম ,বিনিময়ে তিনিও আমাকে আমার মিনোল্টা ক্যামেরাতে ছবি তুলে দিলেন ।",,,,,
লন্ডনে থাকাকালীন টেমস্্ নদীর উপর সেই বিখ্যাত ব্রিজ দেখলাম জাহাজ এর নীচে দিয়ে যাওয়ার সময় ব্রিজটার দুই পার্শ্ব সরে যায় এবং জাহাজ চলে গেলে আবার আগের মত রাস্তা হয়ে যায় ও গাড়ী চলাচল করে ।,,,,,
"একটা জাহাজ টেমস নদীর উপর মিউজিয়াম হিসেবে রাখা আছে । দ্বিতীয় বিশ্ব যুদ্ধের জাহাজ , এর পাশেই টাওয়ার অব লন্ডন নামে একটা প্রাসাদ । এখানে টিকেট করে ভেতরে যেতে হয় । আগেকার দিনের বন্দীদের নির্যাতনের জন্য এটা কুখ্যাত ছিল । একসময় সাধারণ জনতা এখানে আসতে ভয় পেত ।",,,,,
প্রতিদিন যে কোন একটা জায়গায় যাওয়ার প্লান করে ম্যাপ দেখে সেখানে চলে যেতাম । টিকেট তো কোন সমস্যাই না। ৭ দিনের ট্রাভেল পাশ আছে সাথে। ইষ্ট লন্ডন বাংলাদেশীদের আস্তানা। ,,,,,
পাতাল রেলে করে ঠিকই হাজির হয়ে গেলাম ইষ্ট লন্ডনে। লন্ডনের অন্যান্য জায়গা যেমন রক্ষণাবেক্ষণ করা হয় এ জায়গাটা মনে হলো তার উল্টো।,,,,,
"বিদেশীরা তাদের স্বাদ পরিবর্তনের জন্য আসে। ঘুরে ঘুরে মানুষের জীবন যাত্রা দেখাই ঠিক করলাম। ২/৩ টা বাংলাদেশীদের দোকানে গেলাম, সবাই প্রায় সিলেটি ,সিলেটি ভাষায় কথা বলে বাংলা বুঝে ইংরেজীতে উত্তর দেয় আমি নন সিলেটি বলে। দেখে কষ্টই লাগল ।",,,,,
"২/৩ টা বাংলাদেশীদের দোকানে গেলাম, সবাই প্রায় সিলেটি ,সিলেটি ভাষায় কথা বলে বাংলা বুঝে ইংরেজীতে উত্তর দেয় আমি নন সিলেটি বলে।",,,,,
"সাধারণ ছোট দোকান, পরিবেশ তেমন সুন্দর না । বেঁচে আছে প্রবাসে । অথচ দেশে এরা লন্ডনী। না জানি কত আনন্দ করে । ",,,,,
বাংলাদেশ সেন্টারে হঠাৎ ২ টি ছেলের সাথে দেখা হলো নাম জিজ্ঞাসা করায় ইংরেজীতে তার নাম বলল । বাংলা বলতে লজ্জা পায় কারন এখানে জন্ম ও বেড়ে উঠা। ,,,,,
বাংলা বলতে লজ্জা পায় কারন এখানে জন্ম ও বেড়ে উঠা। তাই সিলেটি ভাষায় কথা বলে বাংলাতে স্বাচ্ছন্দ বোধ করে না। বাংলাদেশীদের পরবর্তী জেনারেশন আইডেনটিটি ক্রাইসিসে ভুগছে । খুব কমই পড়াশোনায় ভাল করতে পারছে। এটা সত্যই দুঃখজনক।,,,,,
সেন্ট্রাল লন্ডনের এজওয়ার রোডের একটা হোটেলে থেকেছিলাম কয়েক দিন । হোটেলের রুমটায় একটা খাট রাখার ব্যবস্থা আছে । সেন্ট্রাল হিটিং উপরে একটা টিভি । চাপাচাপি করে বানানো এই হোটেল ভাড়া প্রায় ৫০ পাউন্ড এর মত। থাকা বেশ ব্যয়বহুল বেড এন্ড ব্রেকফাষ্ট অর্থাৎ সকাল এর নাস্তার বিল এর সাথে সংযুক্ত । ,,,,,
এখানে মঙ্গোলিয়ান মেয়ে নাওমীর সাথে দেখা। এ লেভেলে পড়ছে । পড়ার ফাঁকে ফাঁকে হোটেলে কাজ করে । কেমন লাগে জিজ্ঞাসা করায় বলল ভাল।,,,,,
"হোটেলে সেট হয়ে খেতে বের হলাম। রাস্তায় জমে যাওয়া পানি দেখে মন খারাপ লাগল , কেএফসিতে ডিনারে গেলাম । প্রচন্ড ভীড় অনেক মানুষ লাইন দিয়ে দাঁড়িয়ে আছে , এক কর্ণারে গিয়ে আস্তে আস্তে ডিনার শেষ করলাম । ",,,,,
"বাংলাদেশ থেকে এসেছি জেনে খুশী হলো । এরা সবাই ভাল ফ্যামিলির ছেলে এখানে পড়তে এসেছে । এখন কাজ করে পড়ালেখা চালিয়ে যাচ্ছে, বেশ কষ্ট হচ্ছে। এখানে এরা সন্ধ্যার সময় এসে কাজ করে, দোকান গুছিয়ে দিয়ে যায় ।",,,,,
লন্ডনে এসে একটা ব্রিটিশ হোটেলে ইংলিশ খাবার খেতে এলাম । ব্রিটিশ ট্রাডিশন মেনে খাবার দিল। ভালই লাগল। দেশী খাবার এখন পৃথিবীর সব জায়গায় পাওয়া যায় বলে বিদেশী খাবার খেতে হয় না বাংগালীদেরকে। ,,,,,
রাতের বেলা একটা ইন্ডিয়ান রেষ্টুরেন্টে গেলাম। মালিক বাংলাদেশী এখানে ওয়েটার কয়েকজন আমাদের দেশী । একজন দেখলাম শুকনো ও বয়ষ্ক প্রায় ২০ বছর ধরে লন্ডনে আছে । ,,,,,
ন্যাচারাল হিষ্টোরী মিউজিয়াম সাউথ কেনসিংটনে ক্রোমওয়েল রোডে অবস্থিত বিশাল বিল্ডিং । অনেকগুলো সিড়ির ধাপ পেরিয়ে এন্ট্রিতে যেতে হয় । সপ্তাহে প্রায় সবদিনই এটা খোলা থাকে । ১৮৮১ সালে এটা জনগনের জন্য চালু হয় । এটা দেখতে অনেকটা সুন্দর ক্যাথেড্রাল এর মত ।,,,,,
"চীন কালের পৃথিবীর অবস্থা, জীবজন্তু প্রাণীদের ডিসপ্লে রয়েছে। ভুমিকম্প, অগ্নুৎপাত ইত্যাদি সিমুলেশন এর মাধ্যমে দেখানো হয়েছে । পুরো মিউজিয়ামটা অনেক ভাগে বিভক্ত । ডাইনোসর এর জন্য একটা গ্যালারী আছে। ",,,,,
"প্রাচীন কালের পৃথিবীর অবস্থা, জীবজন্তু প্রাণীদের ডিসপ্লে রয়েছে। ভুমিকম্প, অগ্নুৎপাত ইত্যাদি সিমুলেশন এর মাধ্যমে দেখানো হয়েছে । পুরো মিউজিয়ামটা অনেক ভাগে বিভক্ত । ডাইনোসর এর জন্য একটা গ্যালারী আছে। ",,,,,
মোটামুটি একবার ঘুরে আসলে পৃথিবী ও প্রকৃতি সম্বন্ধে বাস্তব জ্ঞান লাভ করা যায় । ঘুরতে গেলেও ভাল করে দেখতে হলে সারাদিনই চলে যাবে। ঘুরতে ঘুরতে টায়ার্ড হবার জোগাড়। দুই/তিন ঘন্টা ঘুরে টায়ার্ড হয়ে ফিরে এলাম গেইটে। বাইরের বাতাস নিলাম ।,,,,,
"উত্তর ও দক্ষিণ রাজবংশ থেকে উদ্ভূত একটি বিখ্যাত চীনা খাবার, পিকিং হাঁস ""চীনের এক নম্বর স্বাদ"" হিসেবে বিবেচিত। এটি বিশেষভাবে উত্থিত পেকিন হাঁস ব্যবহার করে এবং মুচমুচে ত্বক এবং নরম মাংস পেতে জুজুব বা নাশপাতি কাঠের মতো ফলের কাঠ দিয়ে ভাজা হয়।",,,,,
"উৎপত্তিস্থল সিচুয়ান এবং চংকিং মিং রাজবংশের শেষের দিকে, সিচুয়ান হটপট এতে রয়েছে সমৃদ্ধ, মশলাদার গরুর মাংসের ঝোল। এটি দক্ষিণ-পশ্চিম চীনের সাম্প্রদায়িক এবং সাহসী খাদ্য সংস্কৃতিকে প্রতিফলিত করে।",,,,,
"দক্ষিণ চীনে প্রায় প্রতিটি খাবারের সাথেই ভাপে ভাপে ভাত খাওয়া হয়। খাবারের মতো মাটির পাত্রের ভাত, ভাজা ভাত, এবং ভাত নুডলস আঞ্চলিক পছন্দের।",,,,,
"উত্তর চীনে মানুষ বেশি নুডলস খায়, ডাম্পলিং, স্টিম করা বান, এবং প্যানকেক। খাবারে প্রায়শই সুস্বাদু গম-ভিত্তিক খাবার থাকে, যেমন হাতে টানা নুডলস অথবা মাংস ভর্তি বান.",,,,,
"অনেক চীনা মানুষের কাছে, যদি ভাত বা নুডলস না থাকে, তাহলে সেটা আসল খাবারের মতো মনে হয় না!",,,,,
"শুয়োরের মাংস চীনে সবচেয়ে বেশি ব্যবহৃত মাংস - যা স্টির-ফ্রাই, ডাম্পলিং ফিলিং, স্যুপ এবং স্টুতে ব্যবহৃত হয়।",,,,,
শাকসবজি অপরিহার্য - বোক চয় এবং পালং শাকের মতো পাতাযুক্ত শাক থেকে শুরু করে আলু এবং গাজরের মতো মূলাধারী সবজি পর্যন্ত।,,,,,
"তোফু (সয়াবিন থেকে তৈরি) হল একটি প্রোটিন সমৃদ্ধ, উদ্ভিদ-ভিত্তিক প্রধান খাবার যা এই জাতীয় খাবারে পাওয়া যায় ম্যাপো তোফু অথবা ঠান্ডা তোফু সালাদ.",,,,,
"যদিও ফাস্ট ফুড (যেমন বার্গার এবং ফ্রাইড চিকেন) জনপ্রিয়, তবুও বেশিরভাগ চীনারা দিনে অন্তত একবার ভাত বা নুডলস পছন্দ করে।",,,,,
"মাছ ধরার গ্রাম থেকে শুরু করে প্রযুক্তি জায়ান্ট পর্যন্ত, শেনজেন চীনের সংস্কারের অলৌকিক ঘটনা, সমৃদ্ধ উদ্ভাবন, প্রাণবন্ত সংস্কৃতি এবং বিশ্বব্যাপী অর্থনৈতিক প্রভাবের জন্য বিখ্যাত।",,,,,
"ম্যাকাও চীন ও পশ্চিমা বিশ্বের মধ্যে ৪০০ বছরেরও বেশি সময় ধরে সমৃদ্ধ সাংস্কৃতিক আদান-প্রদানের গর্ব করে, যেখানে পর্তুগিজ প্রভাবের সাথে চীনা ঐতিহ্যের মিশ্রণ ঘটিয়ে একটি অনন্য, বৈচিত্র্যময় সংস্কৃতি তৈরি করা হয়েছে।",,,,,
"ড্রাগনের দেশ নামে পরিচিত চীনের মানুষের খাদ্যাভ্যাস কিছুটা ভিন্ন। আবহাওয়া, পরিবেশ এবং ভৌগোলিক কারণে দেশটির অনেক খাবার আমাদের স্বাস্থ্যের জন্য ক্ষতিকর। ",,,,,
চীনে পানি দূষণ ব্যাপক আকার ধারণ করেছে। পানিতে তেলাপিয়া মাছ যেকোনো ধরনের বর্জ্য পদার্থ খেয়ে থাকে।,,,,,
তাই দেশটিতে ভ্রমণে গিয়ে যদি কোনো রেস্তোরাঁয় এ মাছ চোখে পড়ে তাহলে এড়িয়ে যাওয়াই ভালো। কারণ মাছের ভেতর থাকা বিভিন্ন বর্জ্য পদার্থ আমাদের স্বাস্থ্যের জন্য ক্ষতিকর। ,,,,,
যুক্তরাষ্ট্রের অর্ধেক কড মাছই চীন থেকে নেওয়া হয়। পানি দূষণের কারণে তেলাপিয়ার মতো কড মাছও স্বাস্থ্যের জন্য ঝুঁকিপূর্ণ। এ মাছ খেলে ক্যান্সারসহ বিভিন্ন রোগ হতে পারে। ,,,,,
চীনের মানুষের প্রিয় খাবার হলো আপেলের জুস। কিন্তু দেশটির বিরুদ্ধে আপেলে অতিরিক্ত কীটনাশক ব্যবহারের অভিযোগ রয়েছে। ফলে চীনের আপেল জুস মানবদেহের জন্য ক্ষতিকর।,,,,,
চীনের মাশরুম পর্যটকদের স্বাস্থ্যের জন্য ক্ষতিকর। কারণ দেশটিতে অস্বাস্থ্যকর পরিবেশে মাশরুম তৈরি হয়। অনেক সময় মাশরুমে রাসায়নিক দ্রব্য মেশানো হয়। তাই চীনে গিয়ে এ ভুল কখনো করবেন না। ,,,,,
অন্যান্য ফসলের মতো চীনের পেঁয়াজেও কীটনাশক মেশানো হয়। মিথাইল ব্রোমাইড নামে একটি ক্ষতিকর রাসায়নিক দ্রব্য মেশানো হয়। এটি স্বাস্থ্যে জন্য কতটা ক্ষতিকারক তা বলার অবকাশ রাখে না। ,,,,,
সম্প্রতি চীনে মুরগির মধ্যে এভিয়ান ফ্লু প্রাদুর্ভাবের দেখা দিয়েছে। এটি মারাত্মক ছোঁয়াচে রোগ। সে কারণে চীনের মুরগি খাওয়া থেকে বিরত থাকা ভালো। বিশেষ করে চীনের কোনো রেস্তোরাঁয় গেলে চিকেন ফ্রাই খাওয়া থেকে বিরত থাকতে হবে। ,,,,,
আলু এবং রেজিনের মিশ্রণে চীনের বাজারে তৈরি করা হয় প্লাস্টিক চাল। যা স্বাস্থ্যের জন্য বিপদজনক। চীন ভ্রমণে এ প্লাস্টিকের চাল কেনা থেকে বিরত থাকতে হবে। ,,,,,
"চীনে মটরশুঁটির সঙ্গে সোডিয়াম মেটাবাইসালফাইড, সয়াবিন ও কেমিক্যাল মিশিয়ে রাখা হয়। সে কারণে চীনা মটরশুঁটি থেকে দূরে থাকা উত্তম।",,,,,
"চীনের অর্থনীতি এখন এক নতুন ধরনের চ্যালেঞ্জের মুখে। দেশটির সরকার অভ্যন্তরীণ চাহিদা বাড়াতে মরিয়া হলেও সাড়া মিলছে না তরুণ প্রজন্মের কাছ থেকে। আকাশচুম্বী বেকারত্ব, চাকরির অনিশ্চয়তা এবং আবাসন সংকট তাদের বাধ্য করছে মিতব্যয়ী হতে। ",,,,,
খরচ কমিয়ে সঞ্চয়ের দিকে ঝোঁকার এই প্রবণতা চীনের দীর্ঘদিনের রপ্তানি ও বিনিয়োগনির্ভর প্রবৃদ্ধি মডেলের জন্য বড় হুমকি হয়ে উঠেছে। ,,,,,
"ঝাং স্মল গ্রেইন অব রাইস' নামে পরিচিত এক ইনফ্লুয়েন্সার তার ভিডিওতে দেখান, কীভাবে তিনি ব্যয়বহুল স্কিন-ক্লিনজিং পণ্যের বদলে একটি সাধারণ সাবান দিয়েই সব ধরনের ব্যক্তিগত পরিচর্যা সারেন।",,,,,
"লিটল গ্রাস ফ্লোটিং ইন বেইজিং' নামে পরিচিত ২৯ বছর বয়সী এক তরুণ মূলত সহজ রান্নার ভিডিও বানান। তার দাবি, তিনি এক ডলারের একটু বেশি খরচে দুই বেলা খাবার সারতে পারেন।",,,,,
চীনে কোভিড-পরবর্তী 'প্রতিশোধমূলক কেনাকাটার' (Revenge Spending) রেশ কাটতে না কাটতেই শুরু হয় উল্টো ধারা—'প্রতিশোধমূলক সঞ্চয়' (Revenge Savings)।,,,,,
চীনে এখন 'সেভিংস পার্টনার' খোঁজারও এক নতুন চল শুরু হয়েছে। এই সঙ্গীরা একে অপরকে খরচের লাগাম টেনে ধরতে সাহায্য করেন।,,,,,
ফুজিয়ান প্রদেশের ক্যাথি ঝু নামের এক তরুণী তার 'সঞ্চয় সঙ্গীর' সহায়তায় এক মাসেই নিজের খরচ প্রায় ৪০ শতাংশ কমিয়ে আনতে পেরেছেন।,,,,,
"চীনে তরুণদের বেকারত্বের হার দীর্ঘদিন ধরেই প্রায় ২০ শতাংশের কাছাকাছি। যাদের চাকরি আছে, তারাও বেতন কমানো বা চাকরি হারানোর ভয়ে শঙ্কিত। ",,,,,
"চীনের তরুণেরা ভবিষ্যতের জন্য সঞ্চয়েই বেশি মনোযোগ দিচ্ছেন। দেশটির সরকার বছরের পর বছর ধরে অভ্যন্তরীণ ভোগব্যয় বাড়ানোর কথা বললেও তা এখনো মোট দেশজ উৎপাদনের (জিডিপি) মাত্র ৩৯ শতাংশ, যেখানে উন্নত দেশগুলোতে এই হার প্রায় ৬০ শতাংশ।",,,,,
"বেইজিংয়ের এক তরুণী বলেন, 'এখন আমার কাছে আয় করাই সবচেয়ে গুরুত্বপূর্ণ। আয় বাড়াতে হবে, খরচও কমাতে হবে।' সম্প্রতি চাকরি বদলালেও বেতন কমেছে তার। একরাশ হতাশা নিয়ে তিনি বলেন, 'এই চাকরি কত দিন থাকবে, তা-ও জানি না। নতুন চাকরি পাওয়াও এখন কঠিন।'",,,,,
"চীনের এই উচ্চ বেকারত্বের সুযোগ নিচ্ছে অনেক প্রতিষ্ঠান। কর্মীদের বেতন কমিয়ে দেওয়া সহজ, কারণ চাকরিপ্রার্থীদের সামনে কম বেতনে কাজ মেনে নেওয়া ছাড়া বিকল্প কম। ",,,,,
"অক্সফোর্ড বিশ্ববিদ্যালয়ের চায়না সেন্টারের অর্থনীতিবিদ জর্জ ম্যাগনাস এই পরিস্থিতিকে উচ্চশিক্ষা ও চাকরির বাজারের মধ্যে এক ধরনের 'অসামঞ্জস্য' বলে মনে করছেন। তিনি জানান, অনেক বিশ্ববিদ্যালয় স্নাতক, এমনকি স্নাতকোত্তর ডিগ্রিধারীরাও এখন ডেলিভারি চালকের মতো কাজে যোগ দিচ্ছেন। ",,,,,
চীনের কৃত্রিম বুদ্ধিমত্তা ও রোবটিকসের মতো উচ্চ প্রযুক্তির খাতে মনোযোগ দেওয়ার নীতিও পরিস্থিতিকে জটিল করে তুলেছে। কারণ এসব খাতে শ্রমনির্ভর কর্মসংস্থান তৈরি হয় তুলনামূলকভাবে কম।,,,,,
"সুইডিশ ইনস্টিটিউট অব ইন্টারন্যাশনাল অ্যাফেয়ার্সের গবেষক হেলেনা লোফগ্রেন মনে করেন, চীনের অর্থনীতি এখনো রপ্তানি ও বিনিয়োগের ওপর অতিরিক্ত নির্ভরশীল। ভূরাজনৈতিক অনিশ্চয়তার এই সময়ে এমন মডেল অত্যন্ত ঝুঁকিপূর্ণ। ",,,,,
"তার মতে, অভ্যন্তরীণ ভোগব্যয় না বাড়ালে অর্থনীতিতে ভারসাম্যহীনতা তৈরি হবে। কোনো কারণে রপ্তানি আয় কমে গেলে বিশাল এই জনগোষ্ঠীর ক্রয়ক্ষমতার ওপর ভর করে টিকে থাকা কঠিন হয়ে পড়বে। ",,,,,
"এটি মূলত অর্থনৈতিক অসামঞ্জস্যের বিষয়। যেমন, যদি চীন হঠাৎ উল্লেখযোগ্য রপ্তানি আয়ে ধাক্কা খায়, তাহলে কি দেশটির হাতে পর্যাপ্ত উপায় আছে বিশাল অভ্যন্তরীণ জনসংখ্যার ক্রয়সক্ষমতা বাড়ানোর?",,,,,
"চীনা খাবারের ঐতিহ্য ও রান্নার কৌশল হাজার বছরের ইতিহাসের ধারক এবং বাহক। পৃথিবীর অন্যতম পুরোনো ও সাংস্কৃতিকভাবে সমৃদ্ধ দেশ হিসেবে চীনের খাবার একদিকে যেমন তার সংস্কৃতি ও ঐতিহ্যকে তুলে ধরে, তেমনি অন্যদিকে বিভিন্ন অঞ্চলের ঐতিহাসিক, সামাজিক ও ভূগোলগত বৈচিত্র্যকে প্রতিনিধিত্ব করে। ",,,,,
"চীনের খাবার শুধু খাদ্য নয়, এটি একটি সমাজ, একটি জাতি এবং একটি জাতির ঐতিহ্য এবং আত্মবিশ্বাসের প্রতীক।",,,,,
"চীনা খাবারের বৈচিত্র্য একে অপরের থেকে অনেকটাই আলাদা। দেশটির বিভিন্ন অঞ্চলে খাবারের ধরন ভিন্ন, যা চীনা খাবারের বৈচিত্র্যকে আরও আকর্ষণীয় করে তোলে। ",,,,,
"চীনের খাদ্যশিল্পে সংস্কৃতির সাথে ঐতিহ্য, পারিবারিক মূল্যবোধ ও সামাজিক সম্পর্কের গভীরতা অনুভব করা যায়।",,,,,
"চীনা খাবারের এই ঐতিহ্য শুধু খাবারের অভ্যেস নয়, বরং সামাজিক মিলনের একটি শক্তিশালী মাধ্যমও।",,,,,
"চীনের বিভিন্ন অঞ্চলের খাবার একে অপরের থেকে অনেকটাই আলাদা, যা চীনা খাবারের বৈচিত্র্যকে আরও আকর্ষণীয় করে তোলে। এর মধ্যে অন্যতম প্রধান খাবার হলো চাইনিজ নুডলস। ",,,,,
"দেশটির বিভিন্ন অঞ্চলে নুডলসের ধরন ভিন্ন হয়। নর্ডার্ন চায়না (উত্তর চীন) অঞ্চলে গমের তৈরি নুডলস খুবই জনপ্রিয়, যা বিশেষ করে মাঞ্চুরিয়ান বা শিরো স্যুপের সাথে খাওয়া হয়। ",,,,,
"দক্ষিণাঞ্চলে, বিশেষ করে গুয়াংডং ও ফুজিয়ান এলাকায়, চালের তৈরি নুডলস বেশি ব্যবহৃত হয়, যা মৃদু স্বাদ ও সসের সাথে উপভোগ করা হয়। নুডলসের একাধিক প্রকার যেমন স্টির-ফ্রাইড, সুপ বা স্টিমড, বিভিন্ন ভোগ্যদ্রব্যের সাথে মেশানো হয় এবং এটি সাধারণত দৈনন্দিন চীনা খাবারে এক গুরুত্বপূর্ণ অংশ।",,,,,
"চীনের দক্ষিণাঞ্চলে বিশেষ করে, চাল খাদ্যাভ্যাসের মূল উপাদান হিসেবে ব্যবহৃত হয়। চীনে চাল থেকে তৈরি বিভিন্ন খাবার যেমন স্টার-ফ্রাইড রাইস, ওয়োক-ফ্রাইড রাইস, রাইস পিলাও খুবই জনপ্রিয়। ",,,,,
"এগুলো সাধারণত শাকসবজি, মাংস বা মাছের সাথে মিশিয়ে তৈরী হয় এবং পুরো পরিবারের খাবার হিসেবে পরিবেশিত হয়। এই রাইস প্রণালীতে ব্যবহৃত মসলা, সস এবং অন্যান্য উপাদান চীনা রান্নার অতুলনীয় স্বাদ প্রদান করে। ",,,,,
"বিশেষ করে সয়া সস এবং অস্ট্রেলিয়ান সয়া সস এর ব্যবহারে খাবারের স্বাদে গভীরতা আসে, যা চীনা খাবারের অন্যতম বৈশিষ্ট্য।",,,,,
"চীনের ঐতিহ্যবাহী খাবারের মধ্যে ডিম্পলিংস (Dumplings) বা জিয়াওজি অন্যতম। এটি মাংস, শাকসবজি বা মাছ দিয়ে ভর্তি করে ছোট ছোট প্যাকেটে তৈরি করা হয়, তারপর সেগুলি ভাপে বা সেদ্ধ করে পরিবেশন করা হয়।",,,,,
"চীনের বিভিন্ন অঞ্চলে ডিম্পলিংসের বিভিন্ন ধরনের রেসিপি রয়েছে, যেমন হান নদী অঞ্চলে মাংস ও শাক-সবজির মিশ্রণ থেকে তৈরি ডিম্পলিংস জনপ্রিয়, অন্যদিকে সাংহাই ও ফুজিয়ান অঞ্চলে মিষ্টি ডিম্পলিংস খুবই পছন্দের।",,,,,
"চীনা পরিবারের মধ্যে একটি ঐতিহ্য আছে, যেখানে নববর্ষ বা বিশেষ উৎসবে একসাথে ডিম্পলিংস খাওয়া হয়, যা শালীনতা এবং একতা সৃষ্টির প্রতীক।",,,,,
"চীনের খাবারের মধ্যে অন্যতম জনপ্রিয় ও ঐতিহ্যবাহী খাবার হলো হট পট (Hot Pot)। এটি একটি সাধারণ গরম পাত্রে বিভিন্ন ধরনের শাকসবজি, মাছ, মাংস এবং সামুদ্রিক খাবার একসাথে সেদ্ধ করা হয়। ",,,,,
"হট পট একটি সামাজিক মিলনের উৎস, যেখানে বন্ধু-বান্ধব বা পরিবারের সদস্যরা একসাথে বসে খাবার খেয়ে সময় কাটান। এটি এক ধরণের সামাজিক অনুষ্ঠান, যেখানে খাবারের সাথে সম্পর্ক এবং বন্ধুত্ব গড়া হয়।",,,,,
"চীনা মিষ্টান্নের মধ্যে রয়েছে বিশেষ ধরনের খাবার যা শুধু মুখরোচক নয়, বরং সাংস্কৃতিকভাবে গুরুত্বপূর্ণ। মাঙ্গো পুডিং, চীনা পায়েস, বাটি-কেক এবং ডেজার্ট ডিম্পলিংস চীনের কিছু বিশেষ মিষ্টান্ন। ",,,,,
"চীনে নববর্ষের সময়, বিশেষ করে বংশবৃদ্ধি এবং দীর্ঘ জীবন কামনা করে এসব মিষ্টান্ন তৈরি হয়। এগুলো শুধু খাদ্য হিসেবে নয়, চীনা সমাজে সুখ ও সমৃদ্ধির একটি প্রতীক হিসেবেও বিবেচিত হয়।",,,,,
"চীনা রান্নায় মসলা ও সসের ব্যবহার অত্যন্ত গুরুত্বপূর্ণ। সয়া সস, ওয়ুস্তার সস, টমেটো সস এবং গার্লিক সস চীনা রান্নার মূল উপাদান। সসের মিশ্রণ এবং মসলার ব্যবহার চীনা খাবারে এক অনন্য স্বাদ যোগ করে, যা খাদ্যাভ্যাসকে অদ্ভুতভাবে বিশেষ করে তোলে। ",,,,,
চীনা খাদ্যশিল্পে আধুনিকতার প্রভাব স্পষ্টভাবে পরিলক্ষিত হলেও ঐতিহ্যবাহী রেসিপি এবং রান্নার কৌশল এখনও অটুট। ,,,,,
"শহুরে জীবনে চীনা খাদ্য প্রস্তুতকারীরা নতুন যুগের চাহিদা অনুযায়ী রান্না করছেন, যেমন ফাস্ট ফুড সংস্কৃতির সূচনা হলেও, ঐতিহ্যবাহী খাবারও এখনও শক্তিশালী অবস্থানে রয়েছে। ",,,,,
"চীনে খাবার শুধু পেট পুরানোর জন্য নয়, বরং এটি একটি সামাজিক অনুষ্ঠান ও সাংস্কৃতিক পরিচয়ের অংশ। চীনা খাবারে বিভিন্ন উপাদান, রান্নার পদ্ধতি এবং পরিবেশন কৌশলগুলি একে সামাজিক জীবনের গুরুত্বপূর্ণ অংশে পরিণত করেছে। বিশেষ অনুষ্ঠানে বা উৎসবে খাবারের পরিবেশন ঐতিহ্য এবং শালীনতার প্রতীক হয়ে দাঁড়ায়।",,,,,
"চীনা খাবারের প্রস্তুতির সাথে খাবারের পরিবেশন এবং খাওয়ার মাঝে একটি সাংস্কৃতিক মুল্যবোধ নিহিত থাকে। এটি চীনা খাবারের অভ্যেসে একটি সাংস্কৃতিক অনুভূতি যোগ করে, যা পরিবারের সদস্যদের একত্রিত করতে সাহায্য করে।",,,,,
"প্রাচীন চীনে খাবারের সাথে সঙ্গীত বা গল্পের শোনা ছিল একটি গুরুত্বপূর্ণ ঐতিহ্য, যেখানে খাবার পরিবেশনের সময় গল্প শোনানো হতো এবং সাংস্কৃতিক সংবেদন অনুভব করা হতো। ",,,,,
"চীনা খাবারের ঐতিহ্য শুধু এক একটি রান্নার পদ্ধতি বা খাবার নয়; এটি একটি সাংস্কৃতিক ধারা যা এক প্রজন্ম থেকে আরেক প্রজন্মে পৌঁছানোর মাধ্যমে চীনা জাতির আত্মপরিচয়, ঐতিহ্য এবং মূল্যবোধ প্রকাশ করে। ",,,,,
"চীনের খাবার পৃথিবীজুড়ে মানুষের কাছে জনপ্রিয়, কারণ তা শুধু স্বাদে নয়, বরং তার সৃজনশীলতা, ঐতিহ্য, এবং মানুষের মধ্যে সম্পর্ক গড়ে তোলার প্রাকৃতিক ক্ষমতায় অনন্য।",,,,,
"চীনে ৯ দিনের ভ্রমণে অনেক রকম খাবার চেখে দেখলেও খুব সামান্য কিছু এখানে শেয়ার করছি। প্রচুর ফল, ফলের জুস খেয়েছি, নামও জানি না অনেক ফলের৷",,,,,
সেদ্ধ ভুট্টা আর মিষ্টি আলুটা ব্রেকফাস্টে থাকেই। ওদের মিষ্টি আলু দেখলাম গাঢ় কমলা রঙের! মেন্যুতে প্রচুর সবজি আর সালাদ থাকে।  ব্রেকফাস্টে সয়া মিল্ক আমার খুবই ভালো লেগেছে। সেই সাথে সয়া মিল্কের টফো দিয়ে তৈরি খাবারও।,,,,,
"আমরা হালাল রেস্টুগুলোতে খাওয়া দাওয়া করায়, খাবার নিয়ে কোন এক্সপেরিমেন্ট করতে পারি নি আমি। যদিও হোটেলের বুফেতে সুযোগ ছিলো, কিন্তু ব্রেকফাস্ট করেই ঘুরতে চলে যেতে হবে। হাতে সময় কম। তাই তখনও ঝুঁকিটা নিতে পারি নি।",,,,,
অনেক রকম মাশরুম আর সবজিই ছিলো আমার প্রথম পছন্দ। ওদের  সব কিছুই খুব স্বাস্থ্যসম্মত। তাই শারীরিকভাবেও ওরা বেশ ফিট ৷ ভুড়িওয়ালা মানুষ হাতে গোনা। ,,,,,
"ডিনার সেরে ফেলে সন্ধ্যার মধ্যেই। আমিও চেষ্টা করছি, দুবেলা খেতে। দেখা যাক, কত দিন পারি।",,,,,
"চীনের চা বেশ বিচিত্র! একটা চায়ের দোকানে লেখা দেখলাম, Drinking tea, good tea is blessing! আসলেই তা। চীনে হরেক রকম ফ্লেভার ও পুষ্টিগুণ সমৃদ্ধ চা পাওয়া যায়। এসব চা পান করতে পারলে নিজেকে সত্যিই ভাগ্যবান মনে হয়।",,,,,
"চায়ের উদ্ভব তো এই চীনদেশেই, তাই না? তাও কয়েক হাজার বছর আগে! ইদানিং অবশ্য জেন জি’দের মধ্যে কফি জনপ্রিয় হচ্ছে। তাই কোথাও স্টারবাকসের দোকান দেখতে পেলেই গাইডরা খুব উচ্ছ্বসিত হয়ে আমাদের দেখায়, যেন খুব বিশেষ কিছু!",,,,,
"সারাদিন মাথার ঘাম পায়ে ফেলেও চীনে কোন ধরনের কোকাকোলা, পেপসি আপনারা খুঁজে পাবেন না। চীন নিজস্ব পণ্য উৎপাদনে স্বয়ংসম্পূর্ণ। তাই ওরা পারে,  কোক জাতীয় সকল ধরনের বিদেশি পানীয়ের ব্যবসা নিজ দেশ বন্ধ রাখতে। ",,,,,
"বিগত ২০ বছর ধরে কোন কোক জাতীয় পানীয় না খেলেও, এবার চীনে গিয়ে খেলাম, শুধু চীনে কোলার স্বাদ বোঝার জন্য৷ যেন একদম আসল কোক! মান এতটাই উন্নত।",,,,,
"জনগণ দেশের ভিত্তি, খাদ্যশস্য জনগণের প্রাণ। খাদ্য নিরাপত্তার ওপর চীনের প্রেসিডেন্ট সি চিন পিং অনেক গুরুত্বারোপ করেছেন। চীনের অষ্টাদশ কংগ্রেসের পর তিনি দেশের প্রায় সব কৃষি উত্পাদন এলাকা পরিদর্শন করেছেন।",,,,,
"২০২১ সালের মে মাসে মধ্য চীনের হ্য নান প্রদেশ পরিদর্শনের সময় সি চিন পিং-এর একটি আকস্মিক কাজ সবার মনে গভীর দাগ কাটে। পরিদর্শনের পথে তিনি হঠাত্ গাড়ি থেকে নেমে পাশের ক্ষেতের গম চাষের অবস্থা পরিদর্শন করেন। গমের ফলন দেখে তিনি বলেন, গ্রীষ্মকালে খাদ্যের ফলন হলে পুরো দেশের অর্থনীতি উন্নয়নের নিশ্চয়তা থাকে।",,,,,
"২০২০ সালের জুলাই মাসে সি চিন পিং উত্তর-পূর্ব চীনের চিলিন প্রদেশ পরিদর্শন করেন। তাঁর প্রথম ধাপই ছিল শস্যের জমি। সেই পরিদর্শনে তিনি বলেন, খাদ্য হল সব কিছুর ভিত্তি, শস্যের কীটপতঙ্গ নিয়ন্ত্রণ জোরদার করতে হয়।",,,,,
"২০১৮ সালের সেপ্টেম্বর মাসে, ‘প্রথম চীনা কৃষকের ফসল কাটার উত্সবের’ পর সি চিন পিং চীনের হেইলুংচিয়াং প্রদেশ পরিদর্শন করেন।",,,,,
"তিনি বলেন, চীনাদের খাবারের বাটিকে নিজের হাতে ধরতে হবে এবং এতে নিজের চাষ করা শস্য থাকতে হবে।",,,,,
"চীনের ১৪০ কোটি মানুষের খাবারের সমস্যা সমাধান করা সবসময় দেশের উন্নয়ন এবং জনগণের জীবিকা সম্পর্কিত একটি গুরুত্বপূর্ণ বিষয়। সি চিন পিং বার বার জোর দিয়ে বলেছিলেন, খাদ্য নিরাপত্তা কৌশলগত ব্যাপার।",,,,,
"গত ৬ মার্চ চীনের বার্ষিক দুই অধিবেশনের সময় সি চিন পিং কিছু তথ্য দিয়ে বলেন, কঠোর চেষ্টার পর চীন বিশ্বের ৯ শতাংশ আবাদি জমি, ৬ শতাংশ মিঠা পানির সম্পদ দিয়ে বিশ্বের প্রায় পাঁচ ভাগের এক ভাগ জনসংখ্যা লালন করেছে।",,,,,
অতীতে ৪০ কোটি মানুষ ক্ষুধায় ছিল। এখন ১৪০ কোটিরও বেশি মানুষ যথেষ্ঠ ও ভালো খাবার খেতে পারে। যা হল- ‘কে চীনকে লালন করে’ সে প্রশ্নের উত্তর।,,,,,
"তাহলে কে চীনকে লালন করে? সি চিন পিং দৃঢ়ভাবে বলেছিলেন, চীনকে আত্মনির্ভরশীল হতে হয়, নিজেই নিজের খাবারের সমস্যা সমাধান করতে হয়।",,,,,
"বীজ হল খাদ্য নিরাপত্তা নিশ্চিত করার গুরুত্বপূর্ণ বিষয়। সি চিন পিং বলেন, হাতে চীনারা বীজ ধারণ করলে, চীনা বাটিও ধরতে পারে। খাদ্য নিরাপত্তা বাস্তবায়ন করতে পারে।",,,,,
"খাদ্য নিরাপত্তা নিশ্চিত করতে কোটি কোটি কৃষককে গুরুত্ব দেওয়া উচিত। তিনি বলেন, কৃষককে শস্য চাষে উত্সাহ দিতে হয়, স্থিতিশীলভাবে কৃষকদের ভর্তুকি দিতে হবে। কৃষকদের শস্য চাষের মুনাফা ও আয় নিশ্চিত করতে হবে।",,,,,
চীনে আবাদি জমি রক্ষার সবচেয়ে কঠোর ব্যবস্থা আছে। সেই সঙ্গে আধুনিক বিজ্ঞানভিত্তিক চাষাবাদের প্রয়োগ জোরদার করা হচ্ছে চীনে। মধ্য চীনের হ্য নান প্রদেশের ইয়ু সি জেলা হল দেশের শ্রেষ্ঠ কৃষিজাত দ্রব্য উত্পাদনের এলাকা।,,,,,
সাম্প্রতিক বছরগুলোতে কৃষির আধুনিকায়নের মাধ্যমে ইয়ু সি জেলা ব্যাপকভাবে উচ্চ মানের ক্ষেত তৈরি করেছে। ভালোভাবে বুদ্ধিমত্তাসম্পন্ন কৃষি উন্নত করছে।,,,,,
বর্তমানে বিশ্বে প্রায় ৪০ শতাংশ মানুষ স্বাস্থ্যকর খাবার পেতে পারে। ক্ষুধা ও পুষ্টিহীন মানুষের সংখ্যা বেড়ে যাচ্ছে। করোনাভাইরাসের কারণে ক্ষুধার্ত মানুষ আরো বেশি হচ্ছে। চীনে খাদ্য নিরাপত্তার নিশ্চিত হওয়া বিশ্বের মহামারি প্রতিরোধ এবং অর্থনীতি ও সমাজের উন্নয়নে অবদান রাখছে।,,,,,
"চীনা ভোক্তারা তাত্ক্ষণিক নুডল খেতে অস্বীকার করে, এবং তাদের দৈনন্দিন জীবনযাত্রার সুস্বাস্থ্যের ব্যবস্থা গ্রহণের মতো আরও অনেক কিছু।",,,,,
"দক্ষিণ চীনের মর্নিং পোস্টের রিপোর্ট অনুযায়ী, চীনের মানুষ ক্রমবর্ধমান খাদ্য ও পুষ্টি সম্পর্কে উদ্বিগ্ন।",,,,,
"চীনে পাড়া-মহল্লায় খাবারের দোকানে ভোর সাড়ে ৫টায় পিক আওয়ার শুরু হয়ে যায়। হকাররাও রকমারি নাস্তা নিয়ে রাস্তায় বসে পড়ে। চাইনিজদের সকালের মেন্যু হিসেবে ‘ডাম্পলিং’ বা ‘চিয়াওজি’ সবচেয়ে প্রিয়, এর সঙ্গে ‘চৌ’। ",,,,,
চৌ হচ্ছে আমাদের দেশের জাউ এর মত যা সাধারণত আমরা পেট খারাপ হলে খেয়ে থাকি। তবে চৌ জাউ এর তুলনায় অনেক পাতলা।,,,,,
অনেক বিশ্ববিদ্যালয়ের ডাইনিং হলে  মুসলিম ছাত্রদের জন্য পৃথক ব্যবস্হা আছে। যেখানে তারা ক্লাস শেষ করে যেতে একটু দেরি হলেও যেন খাবার পায় [এখানে দেরি বলতে অবশ্যই সেটা ১২ টার আগে] সে ব্যবস্থা রাখা হয়েছে।,,,,,
রাতের খাবারের ব্যাপারে চাইনিজরা মনে করে তাড়াতাড়ি খাওয়া উচিত যাতে ঘুমানোর আগেই খাবার হজম হয়ে যায়।,,,,,
"অধিকাংশ চাইনিজ বিশেষ করে শহরাঞ্চলের প্রায় কেউই রান্না করে না,বলতে গেলে আসলে রান্না পারেই না, চাইনিজ মেয়েরাও না।",,,,,
"এরা এখন রেস্টুরেন্টে খেতে অভ্যস্ত, এমনকি কাউকে দাওয়াত দিলেও তাকে সাথে নিয়ে রেস্টুরেন্টেই যায়। এই অভিজ্ঞতাটা হয় যখন আমি প্রথমবারের মত এক চাইনিজ ফ্যামিলির বাসায় গিয়েছিলাম। সেখানে তাদের সঙ্গে গল্প করে অনেকটা সময় কাটানোর পর যখন ডিনার করার সময় হল তখন রেস্টুরেন্টে নিয়ে গেল।",,,,,
"চাইনিজরা রেস্টুরেন্টে অনেক সময় নিয়ে খায়। তারা খাওয়ার ফাঁকে ফাঁকে গল্প করে না বরং গল্পের ফাঁকে ফাঁকে খায়। আর একটা ব্যাপার বেশ লক্ষণীয়, তা হচ্ছে ভালো রেস্টুরেন্ট এমনকি পাড়া-মহল্লার ছোট ছোট হোটেলেও খাবার আগে থেকে রান্না করা থাকে না। গ্রাহক অর্ডার দেওয়ার পর রান্না শুরু করে, কারণ চাইনিজরা খাবার গরম গরম খেতে পছন্দ করে।",,,,,
"চাইনিজরা রেস্টুরেন্টে ২/৩ ঘন্টা সময় নিয়ে খায়, অর্থাৎ গল্প এবং খাওয়া চলে একসঙ্গে। আমার থিসিস অ্যাডভাইজর তার অধীনস্হ Phd & Masters ছাত্রদের জন্য মাঝেমধ্যেই খাওয়ার আয়োজন করেন। প্রত্যেকবারই ওখানে অনেক সময় কাটাই, একবার বিকেল ৫টা হতে সাড়ে ৯টা মোট সাড়ে ৪ঘণ্টা খাওয়ার টেবিলে ছিলাম।     ",,,,,
চীনে ভারি খাবার-দাবার ছাড়া কোনো পার্টির কথা চিন্তা করা যায় না। এদিক থেকে চীন এবং বাংলাদেশের সংস্কৃতিতে বেশ মিল আছে।,,,,,
"চাইনিজদের রাতের খাবার তাড়াতাড়ি করা প্রসঙ্গে একটা ঘটনা বলি। একবার চাইনিজ বন্ধুরা আমাকে হু-গুয়ো খাওয়ার দাওয়াত দেয়। এজন্য ওদের সঙ্গে দুপুর সাড়ে ৩টার সময় রেস্টুরেন্টে গিয়ে ঢুকতে হয় ডিনার করার জন্য। কারণ হিসেবে ওরা বলে, দেরি করে গেলে টেবিল খালি পাওয়া যাবে না। ",,,,,
"হু-গুয়ো খাবার কায়দাটা হচ্ছে-- ওয়েটার সবকিছু দিয়ে যাবে, যেমন কাঁচা মাংস, সবজি, মাছ। তারপর টেবিলের মাঝখানে রাখা কড়াই এর গরম পানিতে একটা একটা করে উপকরণ ছেড়ে দেয়, ওয়েটার মসলা আলাদাভাবে দিয়ে যায়, নিজের ইচ্ছামতো মসলা দিয়ে মনের মাধুরী মিশিয়ে রান্না করে তারপর গরম গরম কড়াই থেকে তুলে খায়।",,,,,
"চীনে হাজারো রকমের খাবার আছে, বিভিন্ন প্রদেশের বিভিন্ন রকমের খাবার। এরই একটা সিচুয়ান প্রদেশের ‘শৈয়ে-চ্যু-য়্যু’ যা সারা চীনে বিখ্যাত, শৈয়ে-চ্যু-য়্যু হল একটা গোটা মাছ বড় একটা ডিশে বিভিন্ন রকমের মসলা দিয়ে রান্না করা।",,,,,
সিচুয়ান প্রদেশের লোকজন ঝাল খাবার পছন্দ করে। চীনের যে এলাকার আবহাওয়া গরম সেখানকার লোকজন ঝাল খাবার পছন্দ করে আর যে এলাকার আবহাওয়া ঠান্ডা সেখানকার লোকজন ঝাল খাবার পছন্দ করে না।,,,,,
"চীনারা ভোজনরসিক এটা যেমন সত্য তেমনি এরা রেস্টুরেন্টে প্রচুর খাবার নষ্ট করে, অনেক বেশি মেন্যু অর্ডার দেয় কিন্তু শেষ করতে পারে না। ",,,,,
"চাইনিজ ছাত্রদের ক্লাস চলাকালীন [বছরে ৮ মাস] সময়ে কাজ করার কোনো সুযোগ নেই, সারাদিন দৌঁড়ের ওপরে থাকে [হোম ওয়ার্ক, পরীক্ষা ইত্যাকার কারণে]।",,,,,
আমি যতবার চাইনিজদের সাথে খেতে গেছি- ততবারই দেখেছি ওরা যতটুকু খাবার খায় তার সমপরিমাণ অপচয় করে।,,,,,
"চীনারা south-china, north-china শব্দ দুটো বিদেশিদের কাছে কথা প্রসঙ্গে খুব বলে থাকে। ",,,,,
"চীনের দক্ষিণাঞ্চলের লোকজনের অভ্যাস চা খাওয়া, এই অঞ্চলেই প্রথম চা আবাদ শুরু হয়েছে- সেখান থেকে গোটা দুনিয়াতে ছড়িয়ে গেছে। এরা ল্যু ছা [green tea] বেশি পছন্দ করে যদিও অধিকাংশ বাংলাদেশি এটা পছন্দ করে না। ",,,,,
"চীনের উত্তরাঞ্চলের লোকজনের চা খাওয়ার অভ্যাস খুবই কম, এরা এতটাই বিয়ার খেতে পছন্দ করে যে পানির পরিবর্তে খায়।",,,,,
"চীনে আর একটা জিনিস পাওয়া যায় পিং-হোং ছা [Ice tea]. এই চা বেশ মিস্টি এবং ঠাণ্ডা, গরমের সময় খেতে ভালো লাগে। এছাড়া আছে ‘বেইজিং খাও-ইয়া,’ এটাও পুরো চীনে বিখ্যাত, খাও-ইয়া হল রোস্টেড হাঁস;  উওর-পূর্ব চীনের কুঅ-পাউ-রৌ।",,,,,
"চীনারা খেতে খুব ভালোবাসে। সেজন্য তারা চার পা ওয়ালা সব খায়(চেয়ার টেবিল বাদে), যে সবকিছু উড়ে (প্লেন হেলিকপ্টার বাদে) সেসবও খায়। ",,,,,
"চীনাদের প্রধান খাদ্য তালিকায় রয়েছে ভাত, নুডুলস, টোফু(পানি, দুধ, দই দিয়ে তৈরি একধরনের খাবার) মাশরুম, শাকসবজি, মাংস ইত্যাদি।",,,,,
চীনাদের খাদ্য তালিকায় যত ভালো খাবার রয়েছে তার চেয়ে বেশি রয়েছে উদ্ভট খাবার তালিকা।,,,,,
"পুকুরের মাছকে মরিচ খাওয়াচ্ছে চীন। প্রতিদিন প্রায় ৫০০০ কেজি মরিচ খাওয়ানো হয় মাছগুলোকে। দেশটির দক্ষিণাঞ্চলে এই ঘটনা এখন অনলাইনে ভাইরাল। পুকুরের মালিক জানিয়েছেন, মরিচ খেলে মাছগুলো দেখতে আরও চকচকে হয় এবং স্বাদেও ভালো লাগে।",,,,,
সম্প্রতি এই পুকুরের মাছকে মরিচ খাওয়ানোর ভিডিও ছড়িয়ে পড়লে এটি ভাইরাল হয়ে যায়। পুকুরটি দেখভাল করেন ৪০ বছর বয়সি মাছচাষি জিয়াং শেং ও তার স্কুলজীবনের বন্ধু কুয়াং কে।,,,,,
সম্প্রতি চীনা কর্তৃপক্ষ অনেক জায়গায় পাহারার জন্য কুকুরের পরিবর্তে রাজ হাঁস নিযুক্ত করেছে। কেননা রাজা হাঁস যাকে তাড়া করে সেই জানে এটার ক্ষিপ্রতা কেমন!,,,,,
বেইজিংয়ে ট্রাফিক জ্যামে ক্ষতির পরিমাণ ১১.৩ বিলিয়ন ডলার।,,,,,
"বেইজিংয়ে বাতাস এতটাই দূষিত, যে প্রতিদিন এক প্যাকেট সিগারেটের খেলে যে ক্ষতি হয়, বেইজিংয়ের বাতাসে একদিন শ্বাসপ্রশ্বাস নিলে সেই পরিমাণ ক্ষতি হয়।",,,,,
"বিশ্বের অন্যতম প্রাচীন এবং সুন্দর দেশগুলোর মধ্যে চায়না অন্যতম। চীনা পণ্ডিতদের মতে, চীনের রয়েছে ৩৬০০ বছরেরও সাংস্কৃতিক ইতিহাস।",,,,,
"একটি দেশের জাতীয় পরিচয় হল তার সংস্কৃতি ও ঐতিহ্য। বিশ্বের ভ্রমণ পিয়াসুদের চাইনিজ কালচার, জনসংখ্যা এবং প্রভাব সম্পর্কে জানতে বেশ কৌতূহল রয়েছে। তাইতো বিশ্বের বেশিরভাগ মানুষ ভ্রমণে আসে চীনে, জানতে চায় ইতিহাস ঐতিহ্য সমৃদ্ধ এই দেশটিকে।",,,,,
"কোন দেশে ভ্রমণের পূর্বে উক্ত দেশটির ঐতিহ্য এবং সংস্কৃতি সম্পর্কে যদি জানেন, তাহলে তা আপনার ভ্রমণ ক্লান্তি দূর করে এবং উপভোগ করতে সাহায্য করবে। চীনের অন্যতম মূল আকর্ষণ হল এর শিল্প ও বিজ্ঞানে সমৃদ্ধ চাইনিজ কালচার, বিস্তৃত চিত্রকলা ও মুদ্রণ কৌশল এবং সূক্ষ্ম মৃৎশিল্প ও ভাস্কর্য।",,,,,
"চাইনিজ ভাষা  এবং সাহিত্য, দর্শন এবং রাজনীতি এখনও একটি শক্তিশালী প্রভাব তৈরি করছে দেশটিতে।",,,,,
"পূর্ব এশিয়ার সমাজতান্ত্রিক এবং বিশ্বের সবচেয়ে জনবহুল একটি দেশ চীন। চীন একটি বৃহৎ ঐক্যবদ্ধ মাল্টিন্যাশনাল স্টেট। আনুষ্ঠানিকভাবে চীনে ৫৬ টি জাতিগত গোষ্ঠী রয়েছে যার মধ্যে রয়েছে হান চাইন, তিব্বতি, মঙ্গোল, মাঞ্চুস, নাক্সি এবং হেজহে। তাদের মধ্যে, হান হল চাইনিজ  বৃহত্তম গোষ্ঠী, ৯১.৬০% হান চাইনিজ গোষ্ঠীর মধ্যে অন্তর্ভূ্ক্ত রয়েছে।",,,,,
"প্রতিটি গোষ্ঠীর বিভিন্ন উপভাষা রয়েছে যেমন হমং-মি ভাষা, তাই-কাদাই ভাষা এবং চীনা, এবং বিভিন্ন ধরনের সাংস্কৃতিক রীতিনীতি রয়েছে। ",,,,,
বেশিরভাগ জাতিগোষ্ঠী হান চীনা গোষ্ঠীর সাথে একীভূত হয়েছে এবং স্বতন্ত্র ভাষাগত এবং আঞ্চলিক সাংস্কৃতিক ঐতিহ্য বজায় রেখেছে।,,,,,
"চায়নাদের একটি সাধারণ অভিবাদন হল, ”আপনি কি খেয়েছেন?"" । চায়নিজরা খেতে ভালোবাসে, খাদ্য তাদের কাছে একটি বিজ্ঞান, একটি শিল্প। চীনে সোশ্যাল অ্যাকটিভিটির দেশের মধ্যে অন্যতম। ",,,,,
চাইনিজ ফুড কালচার অন্যান্য দেশের তুলনায় কিছুটা ভিন্নধর্মী। কারণ চাইনিজ খাবার বিশ্বের অন্যান্য দেশের খাবারের তুলনায় শীর্ষস্থানে অবস্থান করে। চায়নার ফুড কালচার আবার অঞ্চল ভেদে প্রাকৃতিক উপাদান এবং কৃষি পণ্যের ভিত্তিতে তৈরী করা হয়।,,,,,
"নুডুলস, ভাত এবং স্টিমড বান চীনের প্রধান খাদ্য। একটি ছোট বাটিতে ভাত আলাদাভাবে পরিবেশন করা হয় এবং মাংস, সবজি একটি প্লেটে বা বড় বাটিতে পরিবেশন করা হয়। ",,,,,
"বেইজিং চীনের রাজধানী হিসেবে, সেখানকার সাধারণ খাবার আইটেমেও ভিন্নতা রয়েছে। তাদের জন্য যেমন রয়েছে রোস্টেড হাঁস, লাডাগুনর, ইয়েলো পি কেক এবং ফ্রাইড লিভার।",,,,,
"সব ধরনের নুডলস যেমন স্টিমড কোল্ড নুডলস, বাকউইট নুডলস, ঠান্ডা থালাটি ঐতিহ্যবাহী চীনা এপিটাইজার হিসেবে পরিবেশন করা হয়। এপিটাইজার চিনা ভাষায় হট ডিশ বলা হয়। এছাড়াও চাল দক্ষিণ চীনের প্রধান খাবার। জিয়ান চীনা হ্যামবার্গার এবং ভেজিটেবলের সাথে ল্যাম্ব স্টু এর বিখ্যাত খাবার।",,,,,
"চীন আচার এবং শিষ্টাচারের একটি দীর্ঘ ইতিহাস, এবং খাওয়া চীনের সংস্কৃতিতে একটি অত্যন্ত গুরুত্বপূর্ণ বিষয়। হাজার বছরের বিবর্তন চীনে খাবার এবং আঞ্চলিকভাবে চরিত্র এবং উদ্দেশ্য অনুযায়ী ভিন্নতা রয়েছে। ",,,,,
"চীনারা খাবার খাওয়ার সময় একটি কোলাহলপূর্ণ জায়গা পছন্দ করে, তারা মনে করে যদি খাবারটি সুস্বাদু হয় তবে যেকোনো রেস্টুরেন্ট ব্যস্ত এবং ভিড় হবে।",,,,,
"চীন একটি বহু-ধর্মীয় দেশ। তাওস্যাম, ইসলাম, বৌদ্ধধর্ম, প্রোটেস্ট্যান্টবাদ এবং ক্যাথলিক ধর্ম সবই চীনা ইতিহাসে বা সংস্কৃতিতে বেড়ে উঠেছে। ",,,,,
"কনফুসিয়ানিজম, তাওবাদ এবং বৌদ্ধ ধর্মকে প্রাচীন চীনা সমাজের ""তিন স্তম্ভ"" হিসাবে বিবেচনা করা হয়। ",,,,,
"বৌদ্ধ ধর্মাবলম্বীদের অধিকাংশই হান চীনা। যাইহোক, যেহেতু অনেক হান চীনা প্রতিদিনের অনুশীলনের পরিবর্তে একটি ঐতিহাসিক/সাংস্কৃতিক বৌদ্ধধর্ম অনুশীলন করে, তাই তাদের সঠিক সংখ্যা গণনা করা কঠিন।",,,,,
"চীনে মাত্র পাঁচটি ধর্ম সরকারি খাতায় লিপিবদ্ধ রয়েছে। বৌদ্ধ, তাওবাদ, ইসলাম, ক্যাথলিক এবং প্রোটেস্ট্যান্ট ধর্ম ছাড়া অন্য ধর্ম স্বীকৃত নয়। ",,,,,
"তাওবাদ চীনের স্থানীয় ধর্ম এবং এই ধর্মের ১,৭০০ বছরেরও বেশি ইতিহাস রয়েছে। কনফুসিয়ানিজম ছিল প্রাচীন চীনা জনগণের জীবনযাত্রার একটি উপায় এবং এটি আজও চীনা সংস্কৃতিকে প্রভাবিত করে চলেছে। ",,,,,
"চীনের প্রায় এক-চতুর্থাংশ মানুষ তাওবাদ এবং কনফুসিয়ানিজম এবং অন্যান্য ঐতিহ্যবাহী ধর্ম পালন করে এবং মানুষের একটি ছোট অংশ বৌদ্ধ, মুসলিম এবং খ্রিস্টান ধর্ম অনুশীলন করে।",,,,,
"সাম্প্রতিক জরিপ অনুসারে, হান চীনাদের ৮০% চীনা লোকধর্ম এবং তাওবাদ পালন করে, ২০-২৬% বৌদ্ধ; চিনে ৩-৪% খ্রিষ্টান এবং ১-২% মুসলমান রয়েছে।",,,,,
"চীনা শিল্পের মধ্যে রয়েছে পেইন্টিং, ভাস্কর্য, পারফর্মিং আর্ট, স্থাপত্য, মৃৎশিল্প, ব্রোঞ্জ, জেড খোদাই এবং শতাব্দী ধরে চলতে থাকা চীনে উৎপাদিত অন্যান্য সূক্ষ্ম বা আলংকারিক শিল্প ফর্ম। ",,,,,
"মানুষ যখন সামাজিক হয়ে ওঠে এবং গুহা-নিবাস থেকে দূরে সরে যেতে শুরু করে, ব্রাশ-স্ট্রোক ডিজাইনের বিপ্লব ঘটতে শুরু করে এবং তখন থেকেই আধুনিক চীনা শিল্পের অগ্রসর দেখা যায়। ",,,,,
চীন পৃথিবীর সবচেয়ে জনবহুল দেশ এবং এখানে কথা বলার জন্য একশটির অধিক স্থানীয় চাইনিজ ভাষা রয়েছে। চাইনিজ ভাষা বহু আঞ্চলিক রূপের সমন্বয়ে গঠিত যাকে উপভাষা বলা হয়।,,,,,
"ম্যান্ডারিন চীনের সরকারি ভাষা যা স্থানীয়ভাবে ""পুতোংহুয়া"" নামেও পরিচিত। প্রায় ৭০% এরও বেশি চীনা মানুষ ম্যান্ডারিন ভাষায় কথা বলে। চীনের আরও কয়েকটি প্রধান উপভাষা রয়েছে যার মধ্যে রয়েছে ইউ ক্যান্টোনিজ, জিয়াং হুনানিজ, মিন উপভাষা, গান উপভাষা, এবং কেজিয়া বা হাক্কা উপভাষা। ",,,,,
"। ম্যান্ডারিন হল চীনের সর্বাধিক প্রচলিত উপভাষা এবং যারা অন্যান্য চীনা উপভাষায় কথা বলে তারা চীনে সেকেন্ড ল্যাংগুয়েজ হিসেবে এটিকে ব্যবহার করে। চাইনিজ মানুষ বেশিরভাগই তাদের মাতৃভাষা ব্যবহার করে, এবং বর্তমানে অনেক লোক দ্বিতীয় ভাষা হিসাবে চীনা ভাষা শেখে।",,,,,
"যারা প্রাইমারি লেভেল চীনা ভাষা শিখতে চায় কিংবা চীনে জব করতে চায়, তাদের অবশ্যই ২৬ টি বর্ণের ৩০০০ টিরও বেশি শব্দ শিখতে হয়। চাইনিজ ভাষা বেশির ভাগই টোনাল ভাষা। আপনি যদি একজন ইংরেজি স্পিকার হন, তাহলে চাইনিজ ভাষার মূল টোন ধরা খুবই কঠিন হবে। শব্দের উচ্চারণ বা টোনের উপর ভিত্তি করে চাইনিজ ভাষার অর্থ ব্যাপকভাবে পরিবর্তিত হয়।",,,,,
চীন বিশ্বের সবচেয়ে প্রাচীন সভ্যতার তালিকাভুক্ত একটি দেশ । এটির ৫০০০ বছরেরও বেশি ঐতিহ্যবাহী ইতিহাস রয়েছে এবং এটি অনেক চীনা ঐতিহ্যবাহী উৎসবের সৃষ্টি প্রত্যক্ষ করেছে।,,,,,
"চীনের বেশ কয়েকটি ঐতিহ্যবাহী উৎসব রয়েছে যা সারা দেশে পালিত হয় এবং চীনের সবচেয়ে গুরুত্বপূর্ণ উৎসব হল নতুন বছর (চীন তার নতুন বছর জানুয়ারির ১৫ তারিখ থেকে ২৫ তারিখের মধ্যে উদ্‌যাপন করে, চীনা নববর্ষকে বসন্ত বছর বলা হয়), চীনা মধ্য-শরৎ উৎসব (মধ্য-শরতের উৎসব অষ্টম চন্দ্র মাসের ১৫ তম দিনে পড়ে), ড্রাগন বোট উৎসব চীনের সবচেয়ে বড় উৎসব।",,,,,
"চীনে লন্ঠন উৎসব, কিংমিং উৎসব, ডাবল সপ্তম উৎসব, ডাবল নবম উৎসব, শীতকালীন অয়ান্তর, লাবা উৎসব, চীনা চাঁদ উৎসব এবং আরও অনেক ধরনের উৎসব রয়েছে। ",,,,,
"চীনা উৎসবগুলো চীনা জনগণের জন্য অত্যন্ত গুরুত্বপূর্ণ অংশ, তারা উৎসবে তাদের চীনা সংস্কৃতি এবং ঐতিহ্যকে পুরোপুরি তুলে ধরে।",,,,,
"চীনা বিবাহ পদ্ধতি তাদের চাইনিজ কালচার এবং ঐতিহ্যের সাথে প্রত্যক্ষ এবং পরোক্ষভাবে জড়িত। প্রাচীন চীনা বিবাহ সংস্কৃতিতে, একই পদবিধারীদের মধ্যে বিবাহের অনুমতি ছিল। এমনকি ভাইবোনের মধ্যেও তখন বিবাহের প্রচলন ছিল।",,,,,
"বিয়ের প্রস্তাব এবং গ্রহণের মধ্য দিয়ে বিয়ের প্রক্রিয়া শুরু হতো। যদি প্রস্তাবটি ভালোভাবে গৃহীত হয়, তবে গো-বিটুইন (যারা দুই পক্ষের মধ্যে মাধ্যম হিসাবে কাজ করেছিল) মেয়েটির জন্মের তারিখ এবং ঘণ্টা রেকর্ড করে। যদি জ্যোতিষী নিশ্চিত করেন যে, একজন মেয়ে এবং ছেলে যদি গণনা অনুসারে ভাল মিল হয় তবে তারা বিয়ের তারিখ এবং পরবর্তী অনুষ্ঠানের জন্য এগিয়ে যায়। ",,,,,
"বিয়ের দিনে কনের জন্য ""কেশ পরিধান"" এবং বরের জন্য ""ক্যাপিং"" আচার এই অনুষ্ঠানটি বিবাহের একটি অত্যন্ত গুরুত্বপূর্ণ অংশ। এই আচারটি প্রাথমিক প্রাপ্তবয়স্কতার প্রতীক। বিবাহের দিন, নববধূ একটি জ্যাকেট এবং স্কার্ট পরিধান করে এবং এক জোড়া লাল জুতা পায়ে পরিধান করে, একটি চালুনির মাঝখানে রাখা হয় এবং মুখটি একটি লাল রেশমি ওড়না বা একটি 'পর্দা' বা ট্যাসেল বা জপমালা দিয়ে ঝুলানো হয়। দাম্পত্য ফিনিক্স মুকুট, বর একটি লম্বা গাউন, লাল জুতা এবং কাঁধে একটি রেশম বল সহ একটি লাল সিল্কের স্যাশ পরেন।",,,,,
চীন কনফুসিয়ানিজম দ্বারা গভীরভাবে প্রভাবিত একটি দেশ। গত ২৫০০ বছরে কনফুসিয়ানিজম বিশ্বাস চীনা সংস্কৃতির মূলধারার নৈতিক ও ধর্মীয় বিশ্বাসের উপর প্রাধান্য পেয়েছে এবং কনফুসিয়ানিজম চীনা সংস্কৃতির সকল প্রধান দিকগুলোতে প্রতিফলিত হয়। ,,,,,
চাইনিজ মার্শাল আর্ট বা চাইনিজ কুং ফু বা উশু নামে পরিচিত মানে যুদ্ধ শৈলীর একটি ফর্ম যা চীনের হাজার হাজার বছরের ইতিহাসে গঠিত হয়েছিল। ,,,,,
"বিখ্যাত কুংফু শৈলীর মধ্যে শাওলিন, তাই চি এবং কিগং অন্তর্ভুক্ত। বিখ্যাত কং ফু তারকা ব্রুস লি, জেট লি এবং জ্যাকি চ্যান তাদের কুংফু চলচ্চিত্রের মাধ্যমে চীনা কুংফুকে বিশ্ব দরবারে নিয়ে এসেছেন এবং অনেক পশ্চিমারা মনে করে যে সমস্ত চীনারা কুংফু মাস্টার। ",,,,,
চীন আয়তনে এবং জনসংখ্যায় অন্যতম বৃহৎ একটি দেশ। জনসংখ্যার দিক থেকে বিশ্বের অন্যান্য দেশের তুলনায় চীনের অবস্থান সর্বদা শীর্ষস্থানে। চীনে ১.৪ বিলিয়নেরও বেশি লোক বাস করে। ,,,,,
"প্রাচীন সভ্যতাগুলোর মধ্যে চীনা সংস্কৃতি দর্শন, নীতি, শিষ্টাচার এবং ঐতিহ্যের উপর তীব্র প্রভাব আছে।",,,,,
"চীনা ঐতিহ্য এবং উৎসবগুলোতে সারা বিশ্বের মানুষের কৌতুহল আছে। বর্তমানে চীনা ভাষা, ব্যবসায়িক শিষ্টাচার, স্থাপত্য, সঙ্গীত, নৃত্য, সাহিত্য, মার্শাল আর্ট, রন্ধনপ্রণালি, ভিজ্যুয়াল আর্ট, সিরামিক, দর্শন, ধর্ম, রাজনীতি এবং ইতিহাস বিশ্বব্যাপী প্রভাবিত করছে।",,,,,
"চীনের ভূদৃশ্য এবং জলবায়ু নাটকীয়ভাবে পরিবর্তিত হয়, তুষারাবৃত থেকে পর্বত উত্তরে গ্রীষ্মমন্ডলীয় সমুদ্র সৈকত থেকে দক্ষিণে, এবং এর মাঝখানে সবকিছু।",,,,,
"আপনি মার্চ মাসে চেরি ফুলের পিছনে ছুটছেন, অক্টোবরে প্রাচীন শহরগুলি ঘুরে দেখছেন, অথবা জানুয়ারিতে তুষারাবৃত প্রাকৃতিক দৃশ্য উপভোগ করছেন, আমাদের সুপারিশগুলি নিশ্চিত করবে যে আপনার ভ্রমণটি ঋতু অনুসারে পুরোপুরি তৈরি করা হয়েছে।",,,,,
চাংবাই পর্বতমালা শীতকালীন মনোমুগ্ধকর প্রাকৃতিক দৃশ্য এবং হিমায়িত জলপ্রপাত অফার করে। দর্শনার্থীরা কেবল কারে চড়ে তুষারাবৃত চূড়া এবং বনভূমিতে ঘেরা তিয়ানচি হ্রদে যেতে পারেন এবং ঠান্ডা আবহাওয়ায় পুনরুজ্জীবিত হওয়ার জন্য আরামদায়ক উষ্ণ প্রস্রবণ উপভোগ করতে পারেন।,,,,,
"শীতের এক সত্যিকারের স্বর্গরাজ্য, মোহে জানুয়ারিতে তুষারাবৃত আশ্চর্যভূমিতে রূপান্তরিত হয়। নির্মল সাদা প্রাকৃতিক দৃশ্য এবং অনন্য বরফ ও তুষারপাতের ক্রিয়াকলাপ চীনের উত্তরতম শহরের এক নিমগ্ন অভিজ্ঞতা প্রদান করে।",,,,,
"গ্রীষ্মমন্ডলীয় সানিয়ায় ঠান্ডা থেকে বাঁচুন, যেখানে তাপমাত্রা প্রায় ২০ ডিগ্রি সেলসিয়াস। শীতের এক নিখুঁত ছুটির জন্য অত্যাশ্চর্য সৈকত, জলক্রীড়া এবং প্রাণবন্ত স্থানীয় সংস্কৃতি উপভোগ করুন।",,,,,
"চাইনিজ ডাইনিংয়ে আপনি লবণ বা মরিচ শেকার বা টমেটো সসের বোতল খুঁজে পাবেন না, তবে আপনি সয়া সস, ভিনেগার এবং মরিচের পেস্টের বোতল খুঁজে পাবেন। তারা খাবার খাওয়ার ক্ষেত্রে ছুরি এবং কাঁটা-চামচ নয় বরং চপস্টিক ব্যবহার করে।",,,,,
"ফুজিয়ানের একটি সুস্বাদু খাবার যা চিং রাজবংশ, এই খাবারটিতে ১৮টি প্রিমিয়াম উপাদান রয়েছে যা ধীরে ধীরে একটি ওয়াইন-সিল করা মাটির জারে সিদ্ধ করা হয়। এর নামটি এর অপ্রতিরোধ্য সুবাস থেকে এসেছে: ""এমনকি একজন সন্ন্যাসীও দেয়াল টপকে যেতে পারে।""",,,,,
"একটি ক্লাসিক হ্যাংজু সং রাজবংশের যুগের খাবার, এতে মিষ্টি-টকযুক্ত সূক্ষ্ম গ্লাসে ঢাকা বাষ্পীভূত ম্যান্ডারিন মাছ রয়েছে। এটি ""হালকা এবং মার্জিত"" বৈশিষ্ট্য উপস্থাপন করে ঝেজিয়াং রন্ধনপ্রণালী.একটি ক্লাসিক হ্যাংজু সং রাজবংশের যুগের খাবার, এতে মিষ্টি-টকযুক্ত সূক্ষ্ম গ্লাসে ঢাকা বাষ্পীভূত ম্যান্ডারিন মাছ রয়েছে। এটি ""হালকা এবং মার্জিত"" বৈশিষ্ট্য উপস্থাপন করে ঝেজিয়াং রন্ধনপ্রণালী.",,,,,
"ক শানডং চিং যুগের বিশেষত্ব, এই খাবারটিতে নয়টি ধাপে রান্না করা শুয়োরের মাংসের অন্ত্র রয়েছে। পাঁচটি স্বাদের সুষম মিশ্রণের জন্য পরিচিত, এটি সুষম কৌশলগুলি প্রদর্শন করে লু রান্না.",,,,,
"""তিনটি সুস্বাদু খাবারের মধ্যে একটি"" ইয়াংজি""এই জিয়াংসু থালা মাছের চর্বিযুক্ত আঁশ দিয়ে ভাপিয়ে এর প্রাকৃতিক স্বাদ অক্ষুণ্ণ রাখে। এটি সু রান্নার সুষম এবং তাজা স্টাইলের একটি চমৎকার উদাহরণ।",,,,,
"যদি প্রশ্ন করা হয় চীনারা কী খায়? এ প্রশ্নের উত্তর বেশ দীর্ঘ হবে। তাই চীনারা কী খায় না, সেটা সহজে ব্যাখ্যা করা যেতে পারে। ",,,,,
"চীনাদের মধ্যে এমন রীতির প্রচলন আছে, যেসব প্রাণী নড়াচড়া করতে পারে, তাদের সেগুলো খেতে কোনো বাধা নেই। সেটা পোকামাকড় থেকে শুরু করে যেকোনো কিছু হতে পারে। ",,,,,
"অনেকের ধারণা, চীনা ব্যক্তি মানেই তাদের খাবারে প্রাধান্য পায় সবকিছু। কিন্তু এটাও নির্ভর করে কে কোন এলাকার বাসিন্দা, তার ওপর; অর্থাৎ শীতপ্রধান থেকে গ্রীষ্মপ্রধান এলাকার দিকে খাবারের বেশ ভিন্নতা লক্ষ করা যায়। ",,,,,
"চীনারা সব খাবারের টাটকা, সতেজ বা ফ্রেশ স্বাদ নিতে অভ্যস্ত। সে কারণে যেকোনো খাবার তারা খুবই অল্প সেদ্ধ করে খেয়ে থাকে। শুনেছি, কোথাও কোথাও নাকি কাঁচা খাওয়ারও রেওয়াজ আছে।",,,,,
"শুনেছি, কোথাও কোথাও নাকি কাঁচা খাওয়ারও রেওয়াজ আছে। ভিনদেশিদের প্রথমে চীনে এসে চীনা খাবার খেতে গেলে খাবারে খুবই গন্ধ লাগে। এ গন্ধের তীব্রতা এতই বেশি যে প্রথম প্রথম নিজের নাক নিজের সঙ্গে বিদ্রোহ করবে। তবে সময়ের সঙ্গে সঙ্গে এই গন্ধের তীব্রতা কিছুদিনের মধ্যে নিজেদের কাছে মানিয়ে যায়। ",,,,,
"আমাদের মতো চীনারাও খাবারে টক, মিষ্টি, ঝাল, নোনতা, তিতা সবই খায়; কিন্তু সেই টক, ঝাল বা মিষ্টির স্বাদ আমাদের স্বাদের ধারেকাছেও নেই। ঐতিহ্যবাহী চীনা ভেষজ ওষুধের সঙ্গে তাল রেখে চীনাদের খাবারের স্বাদ এবং গন্ধের হেরফের হয়ে থাকে।",,,,,
সিচুয়ান প্রদেশ চীনের ‘ফুড হ্যাভেন’ নামে পরিচিত। সিচুয়ান প্রদেশের রাজধানী ছেংডু শহরে দুই মাস থাকার অভিজ্ঞতা দিয়েই প্রথমে বুঝেছিলাম চীনের মানুষ বাসায় রান্না করে খাওয়ার থেকে বাইরেই বেশি খেতে পছন্দ করে।,,,,,
"পুরো চীনের মধ্যে সিচুয়ান প্রদেশের মানুষ সবচেয়ে বেশি মসলাযুক্ত খাবার খায়। এসব মসলাযুক্ত খাবারের মধ্যে হটপট, ছুয়ানছুয়ান, বব চিকেন উল্লেখযোগ্য। ",,,,,
"সবাই টেবিলের চারপাশে গোল হয়ে বসে কাবাব বানানোর কায়দায় মসলা ছাড়া কাঠিতে গাঁথা বিভিন্ন প্রকারের কাঁচা মাংস, সবজি কিছুক্ষণের জন্য ওই টগবগে ফুটতে থাকা কড়াইয়ে চুবিয়ে খুবই মজার সঙ্গে খেয়ে ফেলে। ",,,,,
"কেউ কেউ চপস্টিক (খাবারের জন্য ব্যবহৃত দুটি কাঠি) দিয়ে কাঁচা সবজি, মাংস ধরেও ওই মসলাযুক্ত কড়াইয়ে চুবিয়ে খেয়ে নেয়। খাবারকে খুবই স্পাইসি করার জন্য হটপটে তারা গোলমরিচের মতো একধরনের মসলা ব্যবহার করে, যেটাকে সমগ্র চীনে সিচুয়ান পিপার নামে পরিচিত। ",,,,,
"এ সিচুয়ান পিপার সত্যিই অনেক স্পাইসি, তাই চীনারা স্পাইসি খাবার বলতেই শুকনা মরিচের সঙ্গে সিচুয়ান পিপার মিশিয়ে খাবার রান্না করে। ",,,,,
চীনারা প্রচুর সবুজ সতেজ সবজি খায়। হতে পারে সেগুলো হালকা ভাপে সেদ্ধ বা স্যুপ হিসেবে। সবজি এক দিনের বাসি হলেই সেগুলো কেউ কিনতে চায় না।,,,,,
সব সময় ফ্রেশ এবং টাটকা সবজি খাওয়ার রীতির প্রচলন আছে চীনাদের মধ্য। সাধারণত দুপুরে বাগান থেকে তুলে বিকেলে খোলা বাজারে বা সুপার শপে সবজি বিক্রি হতে দেখা যায়। ,,,,,
"অধিক নাইট্রোজেনসমৃদ্ধ এসব ভ্রূণ মুকুল শরীরের জন্য অধিক পুষ্টিকর বলে তাদের বিশ্বাস। হরেক রকমের মাশরুম খাওয়ারও অধিক প্রচলন আছে। বিভিন্ন ধরনের বীজ ভাজা, যেমন সূর্যমুখী ফুলের বীজ, মিষ্টিকুমড়া-চালকুমড়ার বীজ, তরমুজের বীজসহ আরও অন্যান্য বীজ ভেজে বাজারে বিক্রি হয়। ",,,,,
বিভিন্ন ধরনের বাদামেরও আধিক্য দেখা যায় এদের এখানে। অবসরে বন্ধুদের সঙ্গে সময় কাটাতে এসব বাদাম এবং বিভিন্ন বীজ খেয়ে তারা খোশগল্প করতে থাকে।,,,,,
সামুদ্রিক কিছু মাছ ছাড়া (এগুলো জীবিত রাখা কষ্টসাধ্য হওয়ার কারণে) প্রায় সব ক্ষেত্রে চীনারা জীবিত মাছ খায়। তাই খোলা বাজার থেকে শুরু করে শপিং মলে অ্যাকুয়ারিয়ামে সব মাছ রাখা থাকে। ,,,,,
খোলা বাজারে বড় বড় মাছ কেটে বিক্রি করতে দেখা যায় এবং মাছের একেক অংশের দাম একেক রকম। ,,,,,
"সি ফুড বলতে আমরা সাধারণত সামুদ্রিক বিভিন্ন মাছ, চিংড়ি, লবস্টার, কাঁকড়া এগুলো বুঝি। কিন্তু এদের কাছে সি ফুড বলতে সবচেয়ে জনপ্রিয় শামুক, ঝিনুক, শৈবাল, অক্টোপাস এগুলো।",,,,,
"যত রকমের শামুক বা ঝিনুক আছে, সবই চীনাদের খুবই জনপ্রিয় খাবার। শামুক-ঝিনুকের স্যুপ, লবণে সেদ্ধ, কুকিং সসে সেদ্ধ করে—এমনকি বারবিকিউ করেও এসব শামুক-ঝিনুক খেতে দেখা যায়।",,,,,
সুপারশপগুলোতে ২০-২৫ প্রজাতির শামুক-ঝিনুক জীবিত অবস্থায় বিক্রি হয়। সামুদ্রিক বিভিন্ন শৈবাল খাওয়ারও বেশ প্রচলন আছে এখানে। ,,,,,
ব্যাঙও এদের খুবই জনপ্রিয় খাবার। বিশেষ করে ব্যাঙের মাংসের পিৎজার বেশ সুনাম আছে চীনে। ,,,,,
"গোয়াংজু, সাংহাই, সুজো, শানডং- চার দিনে চীনের এ চারটি শহর ঘুরে এভাবেই খাবার খেতে হলো। তবে সমস্যা পাত্রে নয়! খাবারে। কেন?",,,,,
"বাংলাদেশে যারা চাইনিজ খাবার মজা করে খান, তারা যদি মনে করেন চীনা রেস্টুরেন্টেও বা চীনে সেই একই খাবার। তাহলে ভুল করবেন। কারণ চীনের আর বাংলাদেশের চাইনিজ রেস্টুরেন্ট এক নয়।",,,,,
"মুরগীর সেদ্ধ পা, ঝুঁটি, ঠোঁটসহ মাথা, নাড়িভূড়ি- বাংলাদেশে ফেলে দেওয়া হলেও এসব খাবারই এখানে সুস্বাদু মেন্যুর তালিকায়।",,,,,
সব খাবারেই কোনো না কোনোভাবে শুকরের মাংস জুড়ে দেওয়া যেন চীনা রন্ধনশিল্পীদের স্বভাবজাত বৈশিষ্ট। এটা দিয়ে বেশ তৃপ্তিতেই আহার সারে চীনারা। ,,,,,
"প্রায় সব খাবারে শুকরের মাংস মিলিয়ে দেয় বলে এটা বোঝা কঠিন, কোন খাবারে শুকরের মাংস নেই।",,,,,
প্রতিদিন চারশ’ কিলোমিটারের বেশি সড়ক ও রেলপথ ঘুরে খাবার পরিবেশনায় আরও অনেক বৈচিত্র্য চোখে পড়েছে। খাবার অর্ধসেদ্ধ বা স্ট্রিমড করেই খায় চীনারা।,,,,,
তাই খাবার খুব বেশি রান্না তারা করে না তারা। যেমনটা বাংলাদেশে সালাদ খাওয়া হয়। চীনা খাবার অনেকটা তার কাছাকাছি। ,,,,,
চীন ঘুরতে বা ব্যবসার কাজে গিয়ে ভাষাগত সমস্যায় পড়লে বেশিরভাগ ক্ষেত্রেই তা তৈরি হয় খাবার সংক্রান্ত কারণে। ,,,,,
রেস্টুরেন্টের এ খাবার ছাড়াও চীনে কারও অফিসে গেলে অথবা কারও আপ্যায়ন নিতে গেলে সেখানে আরেক বৈচিত্র্য। শুকনো চা-পাতা গরম পানিতে মিশিয়ে একের পর এক কাপ পান করাতে থাকবে।,,,,,
"গুগল ঘেঁটে এর একটি কারণও জানা গেলো। খালি কাপকে চীনারা অমঙ্গল মনে করে। যখনই কাপের চা পান শেষ হবে, তখনই আবার কাপ ভরে ঢেলে দেওয়া তাদের রীতি। চীনাদের সঙ্গে কোথাও বসে আড্ডা দিতে গেলেও এই রেওয়াজ দেখা যায়।",,,,,
এতোসবের পরও বাংলাদেশি বা ভারতীয়রা পুরো চীন খুঁজে বের করে ফেলেন দু’একটি মাসালা রেস্টুরেন্ট। যেমনটা সাংহাই ঘুরে পাওয়া গেলো। ,,,,,
"চীনে ব্যবসার কাজে বহুবার এসেছেন এমন কয়েকজন বাংলাদেশি বলছিলেন, বাংলাদেশি বা ভারতীয় খাবার মেলে শুধু কুনমিং, গোয়াংজুসহ ওই অঞ্চলের লোকদের যাতায়াতস্থল এলাকাগুলোতে। ",,,,,
"চীনাদের খাবারের তালিকা, সংস্কৃতি বরাবরই সবার কাছে কৌতূহলের বিষয়। পোকামাকড় থেকে শুরু করে সমুদ্রের নানান শৈবাল তাদের প্রিয় খাবারের তালিকায় শীর্ষে। ",,,,,
ফা কাই বা ফ্যাট চয় হচ্ছে এক ধরনের শুকনো সাইনোব্যাকটেরিয়াম যা দীর্ঘদিন ধরে চীনা খাবারের একটি অংশ। এটি বেশিরভাগ চীনের শুষ্ক এবং অনুর্বর মরুভূমি অঞ্চলে জন্মায়।,,,,,
ফা কাইয়ের বৈজ্ঞানিক নাম নস্টক ফ্ল্যাজেলিফর্ম। এটি মূলত বিভিন্ন ধরনের ঝোল এবং স্যুপে ব্যবহার করা হয়। এই খাবারটি চীনারা নববর্ষের খাবারের আয়োজনে অবশ্যই রাখার চেষ্টা করে। কারণ একে তারা সৌভাগ্যের প্রতীক বলে মনে করে।,,,,,
ফ্যাট চয় এর ডাকনাম চুলের উদ্ভিজ্জ। শুকনো অবস্থায় দেখতে কালো চুলের পিণ্ডের মতো। ,,,,,
চেংডুতে কিছু রাস্তার খাবার বিক্রেতা সম্প্রতি ফ্যাট চয় রান্নার একটি নতুন উপায় নিয়ে এসেছেন যা এর অদ্ভুত চেহারায় পরিবর্তন এনেছে।,,,,,
ফা কাইয়ের একটি পিণ্ড বারবিকিউ করে কিছু সস দিয়ে খাওয়া হয়। দেখতে অদ্ভুত হলেও এর স্বাদ অতুলনীয়। ,,,,,
"চীনারা পৃথিবীতে সম্ভবত একমাত্র জাতি যারা সব ধরনের খাবার খায়। কুকুর, বিড়াল, কাঁকড়া-বিছে এবং কুমির থেকে শুরু করে লতাপাতা, ফলমূল, কীটপতঙ্গ এমনকি পতঙ্গের বিষ্ঠাও খায় চিনারা।",,,,,
চীনের মানুষ বিভিন্ন বিষাক্ত সাপকে চামড়া ছাড়িয়ে স্যুপ বানিয়ে খায়। গরম গরম সাপের স্যুপের সঙ্গে শক্ত শক্ত মাংস খেতে বেশ সুস্বাদু। সাথে জিভে জল আনা মসলা তো আছেই। ,,,,,
"চীনাদের মতে সাপের স্যুপের উপকারিতা গুলো হল শরীরের ঠান্ডা জনিত সমস্যা দূর করে, হাড় ক্ষয়রোধ এবং পেশী শক্তিশালী ও পুনরুদ্ধারে সহায়তা করে, শুষ্ক ত্বকের উপকার করে এবং রক্ত সঞ্চালন বৃদ্ধির করে।",,,,,
শুকর জবাই করার পর তার মাথা থেকে চামড়া সহ নাক কেটে নেয়া হয়। তারপর নাকের ফুটো গুলোর মধ্যে নানা রকমের মসলা ঢুকিয়ে রান্না করা হয়।,,,,,
চীনাদের খাবারের মধ্যে অন্যতম প্রিয় খাবার হলো টুনা মাছের চোখ।,,,,,
তাদের মতে এই খাবারের স্বাদ অনেকটা স্কুইডের মত। এ মাছের চোখ খাওয়া হয় ঝিনুকের সাথে। তবে ভাববেন না এই খাবারটি তারা কাঁচা খান। ,,,,,
অদ্ভুত খাবারের তালিকায় রয়েছে বড় বড় মাকড়সা ভাজা।যেগুলো দেখলে খাওয়াতো দূরের কথা ভয়ে আপনার গা শিরশির করবে। চীনের রাস্তায় মাকড়সা ভাজা প্যাকেট করে বিক্রি করা হয়। শহরের রাস্তায় চীনের বিখ্যাত এই মাকড়সা ভাজি খাবার পাওয়া যায়। ,,,,,
টিকটিকি এবং সরীসৃপ জাতীয় প্রাণী গুলো তারা আস্ত তেলে ভেজে খায়। এটা চীনের খুবই জনপ্রিয় একটি খাবার। রাস্তার ধারে প্লেটে সাজিয়ে রাখা হয় আস্ত টিকটিকি ভাজা। ,,,,,
চাইনিজদের মতে এটা অনেকটা মুরগীর মতো খেতে।এই সুপটি তৈরি করা হয় সাপের মাংস লংসের সঙ্গে বিভিন্ন মশলা এবং পাতা দিয়ে। শীতকালীন খাবার হিসেবে এটি ভীষণ জনপ্রিয়। চীনের বিশেষ প্রশাসনিক অঞ্চল হংকংয়ে এই খাবারটি বেস প্রসিদ্ধ।,,,,,
কুমিরের নাম শুনতে আপনার মাথায় এমন একটি ছবি আসবে যে ভয়ংকর প্রাণী আপনাকে কাঁচায় চিবিয়ে ফেলবে। কিন্তু আপনি কখনো ভেবেছেন যে আপনিও কুমিরকে চাপাতে পারেন। আপনি যদি চায়নাতে থাকেন তাহলে আপনি এটা করতে পারবেন।,,,,,
নাম পটকা বা ফুগু (Fugu)মাছ বা ব্লো ফিশ। আপনি যদি সি ফুডের ব্যাপারে ভালো জ্ঞান রাখেন তাহলে আপনি হয়তো এটা জানেন যে কোন মানুষের ব্লো ফিস খাওয়া উচিত নয়।,,,,,
কিছু মানুষ এক ধরনের খাবার খেয়ে বোরিং হয়ে যায়। তো সেই চায় তাকে এমন কিছু খাবার দেওয়া হোক যেটার মধ্যে আলাদা স্বাদ রয়েছে। তো আপনাদের সামনে হাজির চীনের এই অন্যরকম খাবার যেটা নাম হচ্ছে সানাচি।,,,,,
এটা আপনাকে অক্টোপাস খেতে দিবে। বিশ্বাস করুন এটা খাওয়ার সময় অক্টোপাস আপনাকে কিক মারবে। চীনের মানুষরা এই খাবারকে এতই ফ্রেশ মনে করে যেটা খারাপ সময় অক্টোপাস গুলোকে জীবিতই খেয়ে ফেলে।,,,,,
এজন্য উন্নত প্রযুক্তির আর্টিফিশিয়াল ইন্টোলিজেন্স ব্যবহার করে বছরের ৬০০ কোটি তেলাপোকা চাষ করা হয়। সেখানে তেলাপোকা চাষের ঘরগুলো গরম আদ্র ও অন্ধকার। যেখানে মানুষ খুব কম প্রয়োজন ছাড়া ঢুকে না। ,,,,,
"কথায় বলে, চীনে গেলে চিড়া-মুড়ি বেঁধে নিয়ে যেও! কারণ, সবাই কিন্তু আসল চায়নিজ খাবার সহজে খেতে পারবেন না। চীনা খাবার খেতে গেলে আপনার নাক আপনার সঙ্গে বিদ্রোহ করতে পারে।",,,,,
"ঐতিহ্যবাহী চীনা ওষুধের সঙ্গে তাল রেখে এসব গন্ধের হেরফের হয়। মিষ্টি, টক, নোনা, তেতো আর ঝাল—এ পাঁচ স্বাদের খাবার আপনি পাবেন। চীনের অঞ্চলভেদে ঘ্রাণ আর স্বাদের হেরফের পাবেন। যেমন সিচুয়ানে ঝাল খাবার পাবেন বেশি। উত্তরাঞ্চলে নোনা আর দক্ষিণাঞ্চলের খাবারে টকের প্রাধান্য বেশি।",,,,,
"চীনারা নুডলসের ভক্ত। খাবারের সঙ্গে তাদের নুডলস না হলে চলেই না! চীনের উত্তরাঞ্চলের ঠান্ডা আর শুষ্ক আবহাওয়ায় গমের নুডলস, স্টেম করা বান বা কেক পাবেন। দক্ষিণাঞ্চলে প্রতিবার খাবারে সঙ্গে বাটিতে করে ভাত বা চালের নুডলস পাবেন।",,,,,
"চীনারা সবচেয়ে বেশি খায় সবুজ সবজি। তাজা ফল ও ফলের জুস তাদের দারুণ পছন্দের খাবার। সতেজ সবজি হিসেবে আলু, বেগুন, পালং, লেটুস, বাঁধাকপি, ফুলকপি, ব্রোকলির পাশাপাশি ডায়েটারি ফাইবার যেসব সবজিতে বেশি থাকে, সেগুলো বেশি খায় তারা।",,,,,
"চীনারা হাড়-মাংস চিবিয়ে খায়, চোখে না দেখলে বিশ্বাস করা কঠিন। কয়েকজন চীনা নাগরিককে প্রশ্ন করে জানা যায়, তারা অপচয় পছন্দ করে না। তাই অনেক সময় খাবারে টেবিলে আস্ত মাছ বা প্রাণী দেখতে পাবেন।",,,,,
চীনারা কাঁটাচামচ বা চামচ দিয়ে খেতে অভ্যস্ত নয়। তাই ব্যবহার করে চপস্টিক। দুটি কাঠির মতো ওই চপস্টিক দিয়ে অবশ্য সবকিছু কাটতে পারবেন না। তাই সব খাবার চপস্টিকে যাতে সহজে তোলা যায়—এমন করে কেটে তারপর রান্না করা হয়।,,,,,
"চীনারা একই খাবার চাইলে নানা উপায়ে রান্না করতে পারে। যেমন: মাছ সেদ্ধ, ঝোল, ভাজি, রোস্ট, ম্যারিনেট করা, ঝাল, মিষ্টি নানা রকম করে রান্না করে থাকে। ",,,,,
চীনাদের কাছে খাবার বিষয়টি ‘আগে দর্শনধারী পরে গুণবিচারি’ কথাটির মতো। চীনারা খাবার সাজিয়ে দিতে পছন্দ করে। ,,,,,
"তাদের কাছে মানুষ খাওয়ার আগে প্রথম কামড় দেয় চোখ দিয়ে। তারা এমন দৃষ্টিনন্দনভাবে খাবার সাজাতে পছন্দ করে, যাতে সাধারণ খাবারও অসাধারণ হয়ে উঠতে পারে।",,,,,
ঐতিহ্যবাহী চায়নিজ খাবার খেতে গেলে তার পরিবেশনটাও হয় ঐতিহ্যমাফিক। খাবার পরিবেশন করা হয় টেবিলের মাঝখানে আর অতিথিরা ভাতের বাটি নিয়ে তার চারপাশে বসে। ,,,,,
চীনারা মাছসহ বিভিন্ন প্রাণীর চামড়াও খায়। সেখানকার বিভিন্ন রেস্তোরাঁয় চোখে পড়তে পারে কোল্ড ফিশ স্কিন।,,,,,
"চীনের মানুষ সকালের নাস্তা খেয়ে নেন ৮টার মধ্যেই। এরপর দুপুর ১২টায় মধ্যাহ্ন ভোজ। সন্ধ্যা ৬টায় রাতের খাবার। মজার বিষয় হচ্ছে, বাংলাদেশের ‘চাইনিজ’ খাবারের সঙ্গে ‘আসল চাইনিজ’ খাবারের অনেক পার্থক্য রয়েছে।",,,,,
ঘন দুধে মিষ্টি দিয়ে সেমাই। এমন খাবারের সঙ্গে আমরা পরিচিত। তবে চীনে কিন্তু সেমাই খাওয়া হয় একটু অন্যভাবে। সামুদ্রিক কাঁকড়ার সঙ্গে সেমাই দিয়ে খেতেই পছন্দ চীনাদের। সেমাইকে তারা নুডলস হিসেবে খেতেই স্বাচ্ছন্দ বোধ করেন।,,,,,
নারিকেলের স্যুপ! নারিকেলের ভেতর গরম পানি তার ভেতর ৩/৪ টুকরো মুরগির মাংস। চীনাদের কাছে বেশ জনপ্রিয় এই স্যুপ।,,,,,
"এ দেশে বিদেশি কোন খাবার সবচেয়ে জনপ্রিয়?
যারা শহরে থাকেন, তাদের কাছে উত্তরটা বেশ সহজ, চীনের খাবার।",,,,,
"চীনারা তাদের দেশকে চুংকুও নামে ডাকে, যার অর্থ `মধ্যদেশ` বা `মধ্যবর্তী রাজ্য`।",,,,,
"চিনারা তাদের ফ্যাশনে নিজেদের ঐতিহ্য তুলে ধরতে ভালোবাসে।
",,,,,
"চীনাদের দেশের ইতিহাস এবং সংস্কৃতির সাথে তাদের পোশাকের ধরন অনেকভাবে জড়িত। তাদের সাধারণ ধরনের পোশাক হয়ে থাকে বাম দিক থেকে ডান দিকে মোড়া, যার উপরে ব্লাউজ এবং নিজের দিকটা লম্বা স্কার্ট। ",,,,,
চীনাদের পোশাকের এই ধারণায় বর্তমানে কিছু পরিবর্তন এসেছে। এখনকার চায়নার অধিবাসীরা ওয়েস্টার্ন পোশাক পড়তে বেশি স্বাচ্ছন্দ্য বোধ করে। ,,,,,
রা টেলিভিশন এবং বিভিন্ন মাধ্যমে তাদের ঐতিহ্যকে তাদের পোশাক দিয়ে ফুটিয়ে তুলতেই ভালোবাসে। এখনো চীনারা তাদের বিভিন্ন অনুষ্ঠানে এবং ধর্মীয় অনুষ্ঠানে তাদের এই বিশেষ ধরনের পোশাক পরতেও ভালোবাসে।,,,,,
"হানফু (‘হান পোশাক ) চীনের ঐতিহ্যবাহী পোশাকগুলির মধ্যে প্রাচীনতম। ঐতিহাসিকরা  এটি 4,000 বছর আগে ফিরে পেয়েছিল যখন হুয়াংদির স্ত্রী লিজু রেশমের সাথে কাপড় তৈরি করেছিল। বেশ কয়েকটি রাজবংশ জুড়ে এটি অবিচ্ছিন্নভাবে উন্নত হয়েছিল।",,,,,
"হান রাজবংশ পর্যন্ত হানফু শাসক শ্রেণীর দ্বারা গৃহীত হয়েছিল এবং প্রবলভাবে প্রচারিত হয়েছিল। এটি তখন হান জাতিগোষ্ঠীর জাতীয় পোশাক হয়ে ওঠে। প্রতিবেশী এশীয় দেশ যেমন কোরিয়া, জাপান এবং ভিয়েতনামেও এর সুদূরপ্রসারী প্রভাব ছিল।",,,,,
"হানফুর নকশাই মানব ও প্রকৃতির  পাশাপাশি জীবনের সাধনাগুলির মধ্যে মূল চিন্তার সাথে চীনা দর্শনের মূর্ত প্রতীক। বিশেষত, “দীর্ঘ-প্রশস্ত হাতা” এবং “ডান প্যাটার্ন সহ ক্রস-কলার” এর মতো বিবরণ পূর্ব সভ্যতার বিনয় এবং অন্তর্ভুক্তিকে প্রতিফলিত করে।",,,,,
"কিছু যুগে নিখোঁজ হওয়া সত্ত্বেও, এই ঐতিহ্যবাহী চীনা পোশাকটি এখনও তার শক্তিশালী প্রাণবন্ততা প্রমাণ করে এবং চীন ভ্রমণের সময় কেবলমাত্র দেশের তরুণ প্রজন্ম নয়, পর্যটকদেরও আরও মনোযোগ আকর্ষণ করে চলেছে ।",,,,,
"ঝংসান স্যুট, বিদেশে মাও স্যুট নামেও পরিচিত, এটি এক ধরণের পুরুষ পোশাক। ঝংসান স্যুটটি পশ্চিমা স্যুট এবং চাইনিজ পোশাকের বৈশিষ্ট্যগুলির উপর ভিত্তি করে ডিজাইন করা হয়েছিল এবং এর ডিজাইনার পুত্র ঝোংশানের নামে নামকরণ করা হয়েছিল।",,,,,
"প্রতিষ্ঠার পর থেকে এটি চীনা জনগণের মধ্যে বিশেষত চীন প্রজাতন্ত্রের (১৯১১-১৯৯৯) সময় ব্যাপক জনপ্রিয়তা অর্জন করেছিল। পরে, চেয়ারম্যান মাও এটি বহুবার জনসমক্ষে পরিধান করতে দেখা যাওয়ার পরে এই পোশাকটি “মাও স্যুট” নামে পরিচিতি লাভ করেছিল।",,,,,
"এই শব্দটি বিদেশী চীনা লোকদের কাছ থেকে এসেছে, এক ধরণের চাইনিজ জ্যাকেটকে বোঝায়। চীনের ইতিহাসে সবচেয়ে শক্তিশালী এবং সমৃদ্ধ রাজবংশের সময়কালে 618-907 সাল পর্যন্ত তাং সাম্রাজ্য বিশ্বে এত বিখ্যাত ছিল যে  চীনাদের দ্বারা পরিধানিত ঐতিহ্যবাহী পোশাকটিকে “ট্যাং স্যুট” নাম দেওয়া হয়েছিল। ",,,,,
"পরবর্তীতে , এই মাঞ্চুরিয়ান পোশাকটি কিং রাজবংশের (1644-1911) সময় আবর ফিরে এসেছিলো। ডিজাইনের কথা বলতে গেলে এটি সামনের দিকে  উচ্চ এবং বৃত্তাকার কলার এবং ল্যাপেলগুলির সাথে সংযুক্ত একটি সংক্ষিপ্ত টিউনিক।",,,,,
"প্রথমে এটি গুরুত্বপূর্ণ,  আভিজাত এবং সরকারী কর্মকর্তাদের জন্য ছিলো।  পরবর্তীতে  সাধারণ মানুষ এটি গ্রহণ করেছিল এবং এখন এটি পুরুষদের জাতীয় পোশাক হিসাবে দেখা যায়, তবুও মহিলারাও এটি পরতে পারেন।",,,,,
চীনা মানুষ আজকাল অনেক উপলক্ষে বিশেষত স্প্রিং ফেস্টিভ্যালে টাং স্যুট পরতে পছন্দ করে।,,,,,
চেঙ্গসাম ( কিপাও ) কিং রাজবংশের (1644–1912) মাঞ্চু মহিলা চাংপাও (‘লং গাউন’) থেকে বিকশিত হয়েছিল । মাঞ্চু নৃ-গোষ্ঠীকে হান জনগণের দ্বারা কিউই মানুষও বলা হত; তাই তাদের দীর্ঘ গাউনটির নামকরণ করা হয়েছিল কুইপাও (‘কিউই গাউন’)।,,,,,
"ড্রাগন পোশাক: এটি এমব্রয়ডারি ড্রাগনের কারণে এটির নামকরণ করা হয়েছে।  এটি কেবল সম্রাটরা পরতো , যাকে প্রাচীনকালে স্বর্গ থেকে ড্রাগন হ িসাবে বিবেচনা করা হত।  ড্রাগনের পোশাকের অন্যান্য বৈশিষ্ট্য হ’ল গোল কলার, ডানদিকে বোতাম এবং বেশিরভাগ সময় উজ্জ্বল হলুদ।",,,,,
"কর্মকর্তাদের ইউনিফর্ম: আধুনিক চীন থেকে প্রাচীন সময়ে প্রায় সকল ধরণের কর্মকর্তাদের ইউনিফর্ম ছিল।  এগুলি রঙ, সূচিকর্মী নিদর্শন এবং টুপি ইত্যাদির দ্বারা কঠোরভাবে পৃথক করা হয় উদাহরণস্বরূপ, মিং রাজবংশে প্রথম র‌্যাঙ্কের সিভিল অফিসারের ইউনিফর্মের উপর সূচিকর্মিত প্যাটার্নটি একটি ক্রেন, দ্বিতীয় স্তরের সোনার তিথি, তৃতীয় র‌্যাঙ্ক একটি ময়ূর, চতুর্থ র‌্যাঙ্ক একটি ছিল  বুনো হংস, পঞ্চম র‌্যাঙ্ক রৌপ্য তীর, ষষ্ঠ র‌্যাঙ্ক একটি এগারেট, সপ্তম র‌্যাঙ্ক “বেগুনি মান্ডারিন হাঁস”, অষ্টম র‌্যাঙ্কের ওরিওয়েল এবং নবম র‌্যাঙ্ক একটি কোয়েল।",,,,,
"চীনা ঐতিহ্যবাহী বিবাহের পোশাকগুলি বিভিন্ন রাজবংশ এবং সময়ের মধ্যে পরিবর্তিত হয়।  তবে এগুলি বেশিরভাগ সময় লাল থাকে কারণ লালকে দেশের সংস্কৃতিতে ভাগ্যবান, সুখী এবং শুভ বলে মনে করা হয়।  সর্বাধিক সুপরিচিত হ’ল লাল চ্যাপলেট,  যা এখনও প্রচলিত।",,,,,
"তবে আজকাল বেশিরভাহ চীনার দৈনন্দিন জীবনে আধুনিক পোশাক পরেন, তাদের পশ্চিমা অংশগুলির থেকে খুব বেশি পার্থক্য নেই।  ঐতিহ্যবাহী পোশাকটি কেবল নির্দিষ্ট উৎসব, অনুষ্ঠান বা ধর্মীয় অনুষ্ঠানের সময় পরিধান করা হয়। ",,,,,
"পোশাক উৎপাদনের ক্ষেত্রে, কিছু দেশ বিশ্বব্যাপী খ্যাতি অর্জন করেছে। এর মধ্যে চীন এখনও বিশ্বের শীর্ষস্থানীয় কেন্দ্র হিসেবে বিবেচিত হয়, তবে ভিয়েতনাম, বাংলাদেশ এবং ভারতের মতো উদীয়মান দেশগুলি ক্রমবর্ধমান প্রতিযোগিতামূলক (Competitive) হয়ে উঠছে।",,,,,
"চীন দীর্ঘদিন ধরে পোশাক উৎপাদনে বিশ্বব্যাপী নেতা। অন্যান্য দেশ থেকে ক্রমবর্ধমান প্রতিযোগিতা সত্ত্বেও, বৃহৎ আকারের উৎপাদন এবং ব্র্যান্ডের জন্য চীন গ্রাহকদের কাছে শীর্ষ পছন্দ।",,,,,
হানফু এক ধরনের ঐতিহ্যবাহী চীনা পোশাক। ৩০০ বছর আগে বিলুপ্ত প্রায় এ পোশাকের কয়েক হাজার বছরের ইতিহাস রয়েছে। মূলত চীনে একটি পোশাক বিপ্লব ঘটছে – লোকেরা যা পরিধান করছে তার পরিচয় খুঁজছে বা জানতে চাচ্ছে।,,,,,
"ক্রমবিকাশমান চীনা শৈলীর সবচেয়ে আইকনিক পোশাক এই হানফু। অপরিহার্য উপাদান হিসেবে,  হানফু আজকে চীনের প্রায় সর্বত্র রয়েছে। এমনকি থিম পার্কেও। তরুণদের পাশাপাশি বয়স্করাও হানফুর সৌন্দর্য উপভোগ করছেন।",,,,,
"সাম্প্রতিক এক গবেষণা বলছে, সমাজের প্রতিটি স্তরে পরিবর্তন হচ্ছে। এই ঐতিহ্যগত শিল্পটি আবার এখন শক্তিতে ফিরছে বলে মনে করা হয়। বর্তমানে ২০ মিলিয়নেরও বেশি হানফু উৎসাহী আছে। ",,,,,
থাং রাজবংশের সময়কার কবিদের মধ্যে লি শাংইন এক বিশিষ্ট স্থান অধিকার করে আছেন।  তার বিশেষ স্টাইল হলো শিরোনামহীন কবিতা। লি শাংইন থাং রাজবংশের শেষ দিকের কবি। তার জন্মসাল এবং মৃত্যুসাল নিয়ে কিছুটা বিতর্ক থাকলেও অধিকাংশ পন্ডিতের মতে ৮১৩ সালে লি শাংইনের জন্ম এবং ৮৫৮ সালে মৃত্যু। ,,,,,
লি শাংইন দরবারে চাকরি করলেও কখনও উঁচু পদে যেতে পারেননি। এটা তার স্পষ্টবাদিতার জন্যও হতে পারে অথবা লিউ ফেন নামে একজন ইউনাখের সঙ্গে বন্ধুত্বের জন্যও হতে পারে।,,,,,
"চীনের ঐতিহ্যবাহী পোশাক হানফু। এটি দেশটির সংস্কৃতি আর ঐতিহ্যের প্রতিচ্ছবি। বহু শতাব্দী ধরে চীনা জনগণ এই পোশাক পরে আসছে, যা এখন আধুনিক ফ্যাশনের অংশ।",,,,,
"যখন মানুষ প্রাচীন চীনা ফ্যাশন সম্পর্কে কথা বলে, তখন একটি সময়কাল সর্বদা আলাদাভাবে ফুটে ওঠে: ট্যাং রাজবংশ (৬১৮-৯০৭ খ্রিস্টাব্দ)। শিল্প, সংস্কৃতি, বাণিজ্য এবং উদ্ভাবনে পরিপূর্ণ চীনের জন্য এটি ছিল এক স্বর্ণযুগ।",,,,,
"এই সময়ে, পোশাক ছিল কেবল পরার মতো কিছু নয়। মানুষ যা পরত তা সমাজে তাদের স্থান, তাদের সম্পদ এবং এমনকি তাদের ব্যক্তিত্বকেও প্রকাশ করত।",,,,,
"ট্যাং রাজবংশ তার সাহসী শৈলী, সমৃদ্ধ কাপড় এবং রঙিন নকশার জন্য বিখ্যাত ছিল। পোশাকগুলি প্রতিফলিত করত যে ট্যাং সমাজ কতটা উন্মুক্ত এবং আত্মবিশ্বাসী ছিল, স্থানীয় ঐতিহ্যের সাথে দূরবর্তী দেশগুলির প্রভাবের মিশ্রণ।",,,,,
"ট্রেড করার জন্য ধন্যবাদ সিল্ক রোড, সিল্ক, সুতির মতো সুন্দর কাপড় এবং বিদেশী নকশা চীনে প্রবাহিত হয়েছিল। মানুষ বিভিন্ন রঙ, কাট এবং আনুষাঙ্গিক জিনিসপত্র নিয়ে পরীক্ষা-নিরীক্ষা উপভোগ করত। ট্যাং রাজবংশের সময় ফ্যাশন ছিল মার্জিত, সৃজনশীল এবং প্রাণবন্ত - ঠিক রাজবংশের মতোই।",,,,,
"চীনের ইতিহাসে তাং রাজবংশ ছিল সবচেয়ে উন্মুক্ত এবং আন্তর্জাতিক সময়কালের মধ্যে একটি। শক্তিশালী সরকার, ক্রমবর্ধমান অর্থনীতি এবং সক্রিয় বৈদেশিক বাণিজ্যের জন্য ধন্যবাদ, সাম্রাজ্য সমগ্র এশিয়া, মধ্যপ্রাচ্য এমনকি ইউরোপের কিছু অংশ থেকে মানুষ, পণ্য এবং ধারণাগুলিকে স্বাগত জানিয়েছিল। এই সাংস্কৃতিক বিনিময়ের তাং ফ্যাশনের উপর বিশাল প্রভাব ছিল।",,,,,
"এই সমৃদ্ধ বৈচিত্র্যের অন্যতম বড় কারণ ছিল বিখ্যাত সিল্ক রোড। এই প্রাচীন বাণিজ্য পথটি চীনকে মধ্য এশিয়া, পারস্য, ভারত এবং তার বাইরেও সংযুক্ত করেছিল। এই পথগুলি দিয়ে কেবল রেশমই নয়, তুলা, উল, রত্নপাথর, মশলা এবং নতুন শৈল্পিক নকশাও আসত। বস্ত্র ব্যবসায়ীরা এমন নকশা, রঙ এবং কাপড় নিয়ে এসেছিলেন যা চীনা তাঁতি এবং ডিজাইনারদের অনুপ্রাণিত করেছিল।",,,,,
"বিদেশী স্টাইল যেমন চওড়া হাতা পোশাক, বিদেশী টুপি এবং পারস্য-অনুপ্রাণিত সূচিকর্ম জনপ্রিয় হয়ে ওঠে, বিশেষ করে অভিজাতদের মধ্যে। অভিজাত, বণিক এমনকি রাজপরিবারও প্রায়শই এমন পোশাক পরতেন যা চীনা ঐতিহ্যকে বিশ্বব্যাপী প্রবণতার সাথে মিশ্রিত করে।",,,,,
"ট্যাং রাজবংশের পোশাকের তারকা ছিল সিল্ক। নরম, চকচকে এবং মার্জিত, সিল্ক কেবল সুন্দরই ছিল না - এটি বিলাসিতা, ক্ষমতা এবং উচ্চ সামাজিক মর্যাদার প্রতীকও ছিল। কেবল ধনী এবং অভিজাতরা সেরা সিল্ক কিনতে পারত, যা প্রায়শই সমৃদ্ধ রঙে রঞ্জিত এবং জটিল নকশায় সূচিকর্ম করা হত। ",,,,,
"রাজকীয় দরবার, অভিজাত এবং উচ্চপদস্থ কর্মকর্তারা প্রায়শই আলোয় ঝলমল করে এমন প্রবাহিত সিল্কের পোশাক পরতেন।",,,,,
"বিভিন্ন ধরণের কাপড় তাং রাজবংশের বিস্তৃত সামাজিক পরিধিকে প্রতিফলিত করত। রেশম সাম্রাজ্যের সম্পদ এবং বিশ্বব্যাপী সংযোগের প্রতীক ছিল, তবে লিনেন এবং সুতি বেশিরভাগ মানুষের দৈনন্দিন জীবনকে আরামদায়ক করে তুলেছিল। ",,,,,
"তাং রাজবংশের নারীদের ফ্যাশন ছিল সৌন্দর্য, মার্জিততা এবং সাহসী পছন্দে পরিপূর্ণ যা আজও মানুষকে মোহিত করে। এই স্টাইলগুলি প্রাণবন্ত রঙ এবং সৃজনশীল নকশার সাথে সৌন্দর্যের মিশ্রণ ঘটিয়েছিল, যা তাং যুগের মুক্তমনা, শৈল্পিক চেতনাকে তুলে ধরেছিল।",,,,,
"সবচেয়ে আইকনিক লুকগুলির মধ্যে একটি ছিল কিক্সিওং রুকুন — বুকের ঠিক নীচে বাঁধা একটি উঁচু কোমরওয়ালা স্কার্ট। এই নকশাটি লম্বা, প্রবাহিত রেখা তৈরি করেছিল যা পরিধানকারীকে লম্বা এবং আরও সুন্দর দেখায়।",,,,,
"ই নকশাটি লম্বা, প্রবাহিত রেখা তৈরি করেছিল যা পরিধানকারীকে লম্বা এবং আরও সুন্দর দেখায়। সময়ের সাথে সাথে, কিক্সিওং রুকুন বিভিন্ন স্টাইলে বিবর্তিত হয়েছিল, প্রায়শই নিরপেক্ষ বাইরের পোশাক বা ঢিলেঢালা ব্লাউজের সাথে মিলিত হত। ",,,,,
"মৃদু ড্রেপিং এবং নরম উপকরণ নারীদের একটি ভাসমান, প্রায় অলৌকিক চেহারা দিয়েছে। এটি রাজবংশ জুড়ে নারীত্ব এবং কমনীয়তার একটি শক্তিশালী প্রতীক হয়ে ওঠে।",,,,,
"আনুষ্ঠানিক অনুষ্ঠানের জন্য, মহিলারা প্রায়শই অত্যাশ্চর্য পোশাক পরতেন ডাকিউশান। এই পোশাকটিতে প্রশস্ত, প্রবাহিত হাতা ছিল এবং সাধারণত বিলাসবহুল সিল্ক দিয়ে তৈরি হত, যা সূচিকর্ম বা নকশা দিয়ে সজ্জিত ছিল। ডাকিউশান মর্যাদা এবং পরিশীলিততার আবহ ফুটিয়ে তুলেছিল, যা এটিকে আদালতে হাজিরা, উদযাপন এবং অনুষ্ঠানের জন্য একটি প্রিয় পোশাক করে তুলেছিল।",,,,,
"ট্যাং রাজবংশের পুরুষদের ফ্যাশন সাম্রাজ্যের স্বর্ণযুগের মর্যাদা, পদমর্যাদা এবং পরিশীলিত রুচির প্রতিফলন ঘটাত। মার্জিত পোশাক থেকে শুরু করে প্রতীকী টুপি পর্যন্ত, প্রতিটি জিনিসের অর্থ ছিল।",,,,,
"দ্য ইউয়ানলিংপাওট্যাং কর্মকর্তা, পণ্ডিত এবং অভিজাতদের জন্য সবচেয়ে সাধারণ আনুষ্ঠানিক পোশাক ছিল গোলাকার কলারযুক্ত পোশাক। এই লম্বা পোশাকটিতে চওড়া হাতা, বোতামযুক্ত বা বাঁধা কলার এবং প্রবাহিত কাপড় ছিল যা সৌন্দর্য এবং কর্তৃত্ব প্রকাশ করত। ",,,,,
"মূলত উচ্চবিত্তদের জন্য রেশম দিয়ে তৈরি, এই পোশাকগুলিতে প্রায়শই সমৃদ্ধ রঙ এবং সূচিকর্ম করা নকশা প্রদর্শিত হত যাতে পরিধানকারীর পদমর্যাদা বা ভূমিকা প্রদর্শন করা যেত। ",,,,,
"স্বাক্ষর ছাড়া কোনও ট্যাং কর্মকর্তাই সম্পূর্ণ হতেন না ফুতু — মাথার চারপাশে একটি কালো গজ টুপি বাঁধা। এর আকৃতি এবং স্টাইল ফুতু ভিন্ন হতে পারে, কিন্তু এটি সর্বদা পরিধানকারীর সরকারী অবস্থানের প্রতীক ছিল।",,,,,
"হলুদ রঙ সর্বোচ্চ সম্মানের অধিকারী ছিল। সম্রাট এবং রাজপরিবারের জন্য একচেটিয়াভাবে সংরক্ষিত, হলুদ রঙ চীনা বিশ্বতত্ত্বে মহাবিশ্বের কেন্দ্রের প্রতীক।",,,,,
"চীনে চিং শাসনামলের (Qing dynasty) পূর্বে একটি পোশাকের খুব চল ছিল। চীনে বর্তমানে বসবাসরত সবগুলো জাতিসত্তার মাঝে হ্যান (Han) সম্প্রদায় জনসংখ্যার দিক থেকে সবচেয়ে বৃহৎ। ২০০০ সাল থেকে চীনে, অনলাইনে কিছু ওয়েবসাইটের মাধ্যমে এই প্রথার নবজাগরণ শুরু হয়। পুরোনো এই ফ্যাশনের খুব ক্ষুদ্র পরিসরে শুরু হওয়াকে আখ্যায়িত করা হচ্ছে হানফু মুভমেন্ট হিসেবে।",,,,,
দুই দশকের পরিক্রমায় ফ্যাশনের এই পুনর্জাগরণ শুরুর দিকের চেয়ে বৃহৎ আকার ধারণ করেছে। দেশটির আপামর জনসাধারণের মাঝে এখনও পোশাকের এই ধারাটি স্থান করে নিতে না পারলেও মাঝেমাঝেই চীনের রাস্তায় কিংবা দোকানে কোনো কোনো ভক্তকে দেখা যায় এই পোশাকে। ,,,,,
চওড়া হাতা এবং ক্রস কলার বিশিষ্ট এসব জামার নাম হানফু অনুসারেই ফ্যাশনের এই ছড়িয়ে যাওয়াকে বলা হচ্ছে হানফু মুভমেন্ট। হানফু শব্দের আক্ষরিক অর্থ হলো হ্যান ক্লদিং অর্থাৎ হ্যান সম্প্রদায়ের বৈশিষ্ট্যসূচক পোশাক। ,,,,,
"হানফু পোশাকের সবচেয়ে উল্লেখযোগ্য দিক হলো, এটি বডি বা ফিগার হাগিং ড্রেস অর্থাৎ যিনি হানফু পরছেন তার দেহের অবয়ব সম্পূর্ণভাবে বোঝা যাবে।",,,,,
"একটি পোশাকের চলকে ঠিক কেন মুভমেন্ট আখ্যা দেওয়া হচ্ছে এই প্রশ্ন পাঠকের মনে আসতেই পারে। আশ্চর্যজনক হলেও সত্য যে শুধু হানফুকে কেন্দ্র করেই সুনির্দিষ্ট পোশাকের দোকান, নকশাকারক, গবেষক এমনকি আলোকচিত্রের শাখাও গড়ে উঠেছে। ",,,,,
"চীনের রাষ্ট্রীয় মালিকানাধীন গণমাধ্যম চায়না ডেইলির তথ্যানুযায়ী বর্তমানে হানফু শিল্পের স্থানীয় বাজারমূল্য প্রায় ১৫৪ মিলিয়ন মার্কিন ডলার। হানফু মুভমেন্টের সাথে সম্পৃক্ত সকলে নিজেদের মাঝে এই লক্ষ্যে ভীষণভাবে যুক্ত। বিভিন্ন বিশ্ববিদ্যালয়ে ক্লাব গঠন, নির্দিষ্ট সময় পরপর সভা, ভিন্ন ভিন্ন প্রতিপাদ্যে ফ্যাশন শো এবং নানা রকমের লোকায়ত খেলাধুলার আয়োজন করে থাকেন তারা।",,,,,
হানফু মুভমেন্টের সাথে জড়িত ব্যক্তিদের অনেকের মতে হানফু মূলত চীনের হ্যান সম্প্রদায়ের বৈশিষ্ট্যসূচক পোশাক। হ্যান ও হানফু যেন এক অপরের সাথে অঙ্গাঙ্গীভাবে জড়িত। এই মুভমেন্টকে ঘিরে উৎসাহী অনেকেই এটিকে নিছক একটি পোশাক হিসেবে না দেখে বরং হ্যান সম্প্রদায়ের পুনর্জাগরণ হিসেবে দেখতেই পছন্দ করছেন। ,,,,,
শি জিনপিং এর পরিকল্পনা অনুযায়ী পুরো চীনকে এখন কনফুসিয়াসের দর্শনে উদ্বুদ্ধ করা হচ্ছে। প্রতিটি স্কুলে শিক্ষকদের নির্দেশনা এমনভাবে দেওয়া হচ্ছে যাতে তারা সকল শিক্ষার্থীকে জীবনের শুরু থেকেই পদ্ধতিগতভাবে একটি সুনির্দিষ্ট মতবাদে বিশ্বাসী হিসেবে গড়ে তুলতে সক্ষম হন।,,,,,
"চৈনিক সভ্যতা, ঐতিহ্য, সংস্কৃতি, সাহিত্যকে এমনভাবে তাদের কাছে উপস্থাপন করা হচ্ছে যাতে তারা নিজেদেরকে তো বটেই এমনকি পুরো পৃথিবীকেই চৈনিক ভাবধারার আলোকে দেখতে বাধ্য হয়।",,,,,
হানফু মুভমেন্ট প্রকৃতপক্ষে সমগ্র চীন জুড়ে হ্যান সম্প্রদায়ের শক্ত ভিত প্রতিষ্ঠা করার একটি উদ্দেশ্যপ্রণোদিত প্ররোচনা। পুরো চীনের ভূখণ্ডে হ্যান সম্প্রদায়ের একচ্ছত্র রাজত্ব কায়েম করার লক্ষ্যেই হানফু পোশাককে এতটা জনপ্রিয় করার মাধ্যম হিসেবে ব্যবহার করা হচ্ছে। ,,,,,
জাতিগত প্রান্তিকীকরণ এবং সাংস্কৃতিক দমন-পীড়ন বর্তমানে চীনের একটি তুমুল সমালোচিত পদক্ষেপ। উইঘুরের মুসলিমদের ব্যপক আকারে নির্যাতন কেন্দ্রে চালান করা হচ্ছে শিক্ষা-প্রশিক্ষণের নাম করে। ,,,,,
চীনের নারীরা যেমন দেশগঠনে ও আর্থসামাজিক উন্নয়নে অবদান রাখছেন তেমনি তারা জাতীয় ঐতিহ্যকে ধরে রাখতেও গুরুত্বপূর্ণ ভূমিকা পালন করছেন।ফ্যাশনের নতুন ট্রেন্ড হলো হাজার বছরের পুরনো চীনা পোশাক হানফু।,,,,,
চীনের ফ্যাশন সচেতন নারীদের মধ্যে এখন দারুণ জনপ্রিয়তা পেয়েছে হানফু। হানফু চীনের ঐতিহ্যবাহী পোশাক। প্রায় তিন হাজার বছর ধরে এটি চীনের মানুষ ব্যবহার করছে। অথচ এর আগে নারীদের জন্য চীনের ঐতিহ্যবাহী পোশাক বলতে মনে হতো ছিপাও যার ইতিহাস মাত্র তিন-চারশ বছরের।,,,,,
"সম্প্রতি চীনের টিভি চ্যানেলগুলোতে বিভিন্ন ঐতিহাসিক, মিথভিত্তিক কস্টিউম ড্রামা খুব জনপ্রিয়তা পেয়েছে। আর চীনের নারীরাও নতুনভাবে আকৃষ্ট হয়েছেন ঐতিহ্যবাহী হানফুর প্রতি।",,,,,
"তিনি বলেন, ‘আমার চারপাশের মানুষদের হানফু পরতে দেখে আমিও এর প্রতি আকৃষ্ট হই। এই পোশাকে যেমন রয়েছে আমার সংস্কৃতি ও ঐতিহ্যের স্পর্শ তেমনি এতে আমাকে সুন্দরও দেখায়।’",,,,,
ডিজাইনাররা তাঁদের সাম্প্রতিক সৃষ্টিতে ঐতিহ্যবাহী হস্তশিল্প ও সমকালীন ফ্যাশনের সমন্বয় উপস্থাপন করেন। ,,,,,
"ডিজাইনাররা তাঁদের সাম্প্রতিক সৃষ্টিতে ঐতিহ্যবাহী হস্তশিল্প ও সমকালীন ফ্যাশনের সমন্বয় উপস্থাপন করেন। প্রদর্শনীতে মিয়াও সম্প্রদায়ের সূক্ষ্ম সূচিকর্ম, রঙিন এটলেস সিল্কের পোশাক থেকে শুরু করে রেশমি কারুকাজে সজ্জিত তিব্বতি পোশাক নজর কেড়েছে সবার।",,,,,
"আয়োজকদের মতে, এ বছর আয়োজিত শতাধিক শোর মধ্যে অর্ধেকের বেশি ব্র্যান্ড ও ডিজাইনার চীনা সাংস্কৃতিক নান্দনিকতা তুলে ধরেছেন। ফ্যাশনের মাধ্যমে তাঁরা চীনের বহুজাতিগোষ্ঠীর বৈচিত্র্যময় গল্প বিশ্বকে জানানোর চেষ্টা করেছেন। ",,,,,
"হাজারো দেশি-বিদেশি পর্যটকের অংশগ্রহণে চীনের ঝুয়াং জাতিগোষ্ঠীর ঐতিহ্যবাহী ব্যাঙ উৎসব অনুষ্ঠিত হয়েছে। আঞ্চলিক বৈশিষ্ট্যসহ অনন্য লোকজ ক্রিয়াকলাপ, গান ও নৃত্যে পূর্ণ উৎসবটি হাজারো পর্যটককে আকৃষ্ট করে।",,,,,
অনন্য ঐতিহ্যবাহী ব্যাঙ উৎসবটি চাইনিজ লুনার ক্যালেন্ডারের দ্বিতীয় মাসের দ্বিতীয় দিন চীনের গুয়াংশি স্বায়ত্তশাসিত অঞ্চলে অবস্থিত তংলান কাউন্টিতে অনুষ্ঠিত হয়। উৎসব উৎযাপনে সার্বিকভাবে সহায়তা করে তংলান কাউন্টির স্থানীয় প্রশাসন।,,,,,
ব্যাঙ উৎসবের সবচেয়ে গৌরবময় ও প্রাণবন্ত ক্রিয়াকলাপ হলো ঐতিহ্যবাহী পোশাক পড়ে ব্যাঙের গান গাওয়া এবং ব্রোঞ্জ ড্রামের সুরেলা আওয়াজে নাচ করা।,,,,,
"তা ছাড়া লাঙ্গল নাচ, ফসলের নাচ, আশীর্বাদ নাচ, ঝুয়াং জিঙ্গেল, লোকগানের ডুয়েট ও বনফায়ার পার্টির মতো অনুষ্ঠানগুলো পালাক্রমে মঞ্চস্থ হয়। অনন্য লোকজ ক্রিয়াকলাপগুলোও পর্যটকদের আকৃষ্ট করে।",,,,,
উৎসবকে ঘিরে বাহারি খাবারের মেলা বসেছে। আশীর্বাদের আশায় ছোটরা বড়দের উত্তরীয় পরিয়ে দেয়। গালে মাখায় নানা ধরনের রঙ-আলপনা।,,,,,
"ঝুয়াং জাতিগোষ্ঠীর মানুষেরা তাদের স্থানীয় উপভাষায় ব্যাঙকে মাগুয়াই বলে থাকে এবং এই ব্যাঙকে বৃষ্টি ও বাতাসের দেবতা হিসেবে উপাসনা করে। তারা মনেপ্রাণে বিশ্বাস করে, দেবতা ব্যাঙ বাতাস ও বৃষ্টির দায়িত্বে রয়েছেন।",,,,,
"উৎসবের সময় স্থানীয় লোকজন দীর্ঘজীবী বৃদ্ধ ব্যাঙ আত্মার প্রতি শ্রদ্ধা নিবেদন, ধূপ জ্বালান ও ধার্মিকভাবে ব্যাঙের উপাসনা করেন এবং একইসঙ্গে প্রতি বছর ভালো আবহাওয়া, প্রচুর শস্য ও সব ঋতুতে মানুষ ও প্রাণীর সমৃদ্ধি কামনায় প্রার্থনা করে।",,,,,
"চীন ৫৬টি জাতিগোষ্ঠীর একটি ঐক্যবদ্ধ বহু-জাতিক দেশ। জনসংখ্যার সংখ্যাগরিষ্ঠ (৯১ দশমিক ৬ শতাংশ) হলো হান জাতিগোষ্ঠী। চীনের অন্যান্য ৫৫টি জাতিগোষ্ঠীকে প্রথাগতভাবে জাতিগত সংখ্যালঘু হিসেবে উল্লেখ করা হয়। এর মধ্যে ঝুয়াং সংখ্যালঘু সম্প্রদায় অন্যতম, যারা চীনের গুয়াংশি স্বায়ত্তশাসিত অঞ্চলে বসবাস করে।",,,,,
মোসুও এবং হমোং হলো চীনের সবচেয়ে জনপ্রিয় দুটো জাতি। ওদের নিজস্ব বিশ্বাস এবং ঐতিহ্য রয়েছে এবং ওদের ঐতিহ্যবাহী পোশাকই চীনের সর্বত্র বিরাজমান। এই পোশাকটি বাহারি রঙের ও নতুনত্বের ছোঁয়ায় তৈরি। এই পোশাক ভারতের জাম্মু এবং কাস্মিরের মানুষরাও পরিধান করে। এছাড়াও পাহাড়ী এলাকায় বসবাসকারী মানুষেরাও এই পোশাক পরে।,,,,,
"চীনা নববর্ষ[ক] হচ্ছে ঐতিহ্যবাহী চীনা বর্ষপঞ্জি অনুযায়ী নতুন বছরের শুরুতে উদ্‌যাপন করা একটি চীনা উৎসব। এই উৎসবটি সাধারণত চীন মূল-ভূখণ্ডে বসন্তকালীন উৎসব হিসাবে পরিচিত,[খ] এবং এশিয়ার কতিপয় চন্দ্র নববর্ষের মধ্যে একটি।",,,,,
"ঐতিহ্যগতভাবে দিবসটি উদ্‌যাপন প্রথম দিন সন্ধ্যা থেকে শুরু হয়ে প্রদীপ উৎসব পর্যন্ত পালিত হয়, যা বছরের ১৫ তারিখে অনুষ্ঠিত হয়। ",,,,,
"চীনা নববর্ষের প্রথম দিনটি শুরু হয় ২১ জানুয়ারি থেকে ২০ ফেব্রুয়ারির মধ্যে নতুন চাঁদ দেখতে পাওয়ার মধ্য দিয়ে। ২০১৯ সালে, ৫ ফেব্রুয়ারি, মঙ্গলবার, চন্দ্র নববর্ষের প্রথম দিন শুকর বর্ষ হিসেবে শুরু হবে।",,,,,
"চীনা নববর্ষ বৃহত্তর চীনের একটি প্রধান ছুটির দিন এবং কোরীয় নববর্ষ (সিওল), ভিয়েতনামের টেট এবং তিব্বতের লোসার সহ চীনের প্রতিবেশী সংস্কৃতির চন্দ্র নববর্ষ উদ্‌যাপনকে জোরালোভাবে প্রভাবিত করেছে।",,,,,
চীনা নববর্ষ কতিপয় পৌরাণিক কাহিনী ও রীতিনীতির সাথে সম্পৃক্ত। ঐতিহ্যগতভাবে এই উৎসবটি এক সময় দেবতা ও পূর্বপুরুষদের সম্মানার্থে পালন করা হত।,,,,,
"চীনা নববর্ষ, যা বসন্ত উৎসব নামেও পরিচিত, চীনের সবচেয়ে গুরুত্বপূর্ণ ঐতিহ্যবাহী ছুটির দিন।চান্দ্র ক্যালেন্ডারের শুরুতে উদযাপিত এই উৎসবটি নতুন বছরের সূচনা করে এবং পারিবারিক পুনর্মিলন, উৎসবমুখর খাবার এবং লাল খাম, আতশবাজি এবং সিংহ নৃত্যের মতো সাংস্কৃতিক ঐতিহ্যের সময়।",,,,,
"কিংমিং উৎসব, যা সমাধি-ঝাড়ু দিবস নামেও পরিচিত, একটি ঐতিহ্যবাহী চীনা ছুটির দিন যা পূর্বপুরুষদের সম্মান জানাতে এবং বসন্তের আগমনকে স্বাগত জানাতে নিবেদিত। এটি সাধারণত ৪ঠা বা ৫ই এপ্রিল পড়ে, যখন পরিবারগুলি তাদের পূর্বপুরুষদের প্রতি শ্রদ্ধা জানাতে কবর পরিদর্শন করে, সমাধিস্থল পরিষ্কার করে এবং খাবার, ফুল এবং ধূপ নিবেদন করে।",,,,,
"সাধারণত, যদি কিংমিং সোমবার বা শুক্রবারে পড়ে, তাহলে পরবর্তী সপ্তাহান্তের সাথে এটিকে একত্রিত করে তিন দিনের ছুটির ব্যবস্থা করা হয়।",,,,,
"দ্য ড্রাগন বোট উৎসব, নামেও পরিচিত ডুয়ানউউ উৎসব, হল একটি ঐতিহ্যবাহী চীনা উৎসব যা পঞ্চম চান্দ্র মাসের ৫ম দিনে পালিত হয়। এটি দেশপ্রেমিক কবিকে স্মরণ করে কু ইউয়ান এবং ঐতিহ্যের সাথে সম্পর্কিত যেমন ড্রাগন নৌকা দৌড় এবং খাচ্ছে জংজি (আঠালো ভাতের ডাম্পলিং)।",,,,,
চীনে আজ উৎসবের আমেজ। নববর্ষের প্রধান উৎসবের পরেই যেটি এ সংশ্লিষ্ট সবচেয়ে বড় উৎসব সেটি হলো লণ্ঠন উৎসব। এর আরেকটি নাম হলো ইউয়ান সিয়াও চিয়ে।,,,,,
চীনের ঐতিহ্যবাহী চান্দ্র পঞ্জিকা বা লুনার ক্যালেন্ডার অনুযায়ী প্রথম চান্দ্র মাসের ১৫তম দিনে এ উৎসব পালন করা হয়। বলা হয় বছরের প্রথম মাসের প্রথম পূর্ণিমায় এই উৎসব। চীনের ঐতিহ্যবাহী ক্যালেন্ডারে উৎসবগুলো মূলত চাঁদ কেন্দ্রিক।,,,,,
আজ লণ্ঠন উৎসব উপলক্ষ্যে চীনজুড়ে শোভা পাচ্ছে অসংখ্য লাল রঙের লণ্ঠন। লোকজ রীতি অনুযায়ী এদিন আতশবাজিও পুড়ানো হয়। তবে আজকাল পরিবেশ সচেতনতার কারণে আতশবাজির পরিবর্তে চলে এলইডি লাইটের বিচিত্র সব আলোকসজ্জা।,,,,,
"দক্ষিণ পশ্চিম চীনের সিছুয়ান প্রদেশে চিকুং শহরে লণ্ঠন প্রদর্শনী চলছে, যেখানে ঐতিহ্য এবং এআর প্রযুক্তির সমন্বয় করা হয়েছে। এই লণ্ঠন প্রদর্শনীতে চীনের রাশিচক্রের প্রতীকগুলো উপস্থাপন করা হয়েছে।",,,,,
শাংহাই শহরের পুরনো শহরের একটি বিখ্যাত স্থান হলো ইউইউয়ান গার্ডেন। এটি চারশ বছরের পুরনো এবং এর সঙ্গে মিং রাজবংশের সময়কার ইতিহাসও জড়িয়ে আছে। এখানে প্রতিবছর আয়োজন করা হয় লণ্ঠন প্রদর্শনীর।,,,,,
"চীনে আজ পালিত হচ্ছে অন্যতম ঐতিহ্যবাহী সামাজিক উৎসব মধ্য শরৎ উৎসব, যা চীনাভাষায় পরিচিত চোং ছিউ চিয়ে নামে। চীনা চান্দ্র ক্যালেন্ডার অনুযায়ী প্রতি বছর অষ্টম মাসের পূর্ণিমা, অর্থাৎ ১৫তম দিনে এই উৎসব উদযাপন করা হয়। ",,,,,
"মধ্য শরৎ উৎসবের একটি অনন্য উপাদান হলো মুনকেক খাওয়া। গোল আকৃতির এই মিষ্টান্ন চাঁদের প্রতীক হিসেবে ধরা হয়, যা একদিকে পূর্ণতার, অন্যদিকে পারিবারিক পুনর্মিলনের প্রতীক। ",,,,,
চলতি বছর ১ অক্টোবর জাতীয় দিবস ও ৬ অক্টোবর মধ্য শরৎ উৎসব একত্রে হওয়ায় চীনারা পেয়েছেন দীর্ঘ ছুটির সুযোগ। এ সময় অনেকেই পরিবারসহ দেশের বিভিন্ন অঞ্চলে ভ্রমণে বের হয়েছেন।,,,,,
"শুধু চীনেই নয়, বিশ্বের বিভিন্ন দেশে বসবাসকারী প্রবাসী চীনারা এবং বাংলাদেশে বসবাসরত চীনা সম্প্রদায়ও নানা আয়োজনে এই উৎসব উদযাপন করছেন, যা আন্তর্জাতিক প্রেক্ষাপটেও চীনা সংস্কৃতির একটি গুরুত্বপূর্ণ বহিঃপ্রকাশ।",,,,,
ঐতিহ্য আর রীতি অনুসারে বসন্ত উৎসব চীনের চন্দ্রবর্ষের শেষ মাসের ২৩ তারিখ থেকে নতুন বছরের প্রথম মাসের ১৫ তারিখ অর্থাৎ লন্ঠন উৎসব পর্যন্ত প্রায় তিন সপ্তাহ ব্যাপী স্থায়ী হয়। ,,,,,
বসন্ত উৎসবের ঠিক আগের দিন অর্থাৎ পুরনো বছরের শেষ দিন এবং নতুন বছরের প্রথম দিন অর্থাৎ বসন্ত উৎসবের প্রথম দিন হচ্ছে সবচেয়ে গুরুত্বপূর্ণ দুইটি দিন।,,,,,
"ঐতিহাসিক তথ্য অনুসারে চীনাদের বসন্ত উৎসবের ইতিহাস চার হাজার বছরেরও বেশী দীর্ঘ । খৃষ্টপূর্ব দু হাজার এক শ' সালের সময় তখনকার অধিবাসীরা বৃহষ্পতিগ্রহের একবার প্রদক্ষিণের সময়কে এক সুই বলে অভিহিত করতেন , সেই সময় বসন্ত উত্সবের নাম ছিল সুই ।",,,,,
"খৃষ্টপূর্ব এক হাজার সালের কাছাকাছি সময় তখনকার অধিবাসীরা বসন্ত উৎসবকে চীনা ভাষায় ' নিয়েন ' বলে ডাকতেন । ' নিয়েন ' অর্থ বছর , তবে তখনকার বছরের অর্থ ছিল সুফসল ।",,,,,
"প্রাচীনকালে 'নিয়ান' নামে ছিল এক দানব, দেখতে মস্ত বড়, ভয়ংকর হিংস্র আর মাথায় ছিল সুঁচালো দুটি শিং। গভীর সমুদ্রগর্ভে ছিল তার বাস। কেবল একবার, বছরের ঠিক শেষ দিনের শেষ রাতের অন্ধকারে ওপরে উঠে আসতো আর সামনে মানুষ বা প্রাণী যা পেত সব খেয়ে ফেলতো। ",,,,,
"রাত তখন গভীর আর ঘুট ঘুটে অন্ধকার, দানব 'নিয়ান' গ্রামে ঢুকে লক্ষ্য করলো- ""কি ব্যাপার! সব কিছু তো ঠিক আগের মতো মনে হচ্ছে না! বৃদ্ধার ঘরের দরজায় লাল কাগজ টাঙানো আর ভিতরে মোমবাতির উজ্জ্বল আলো?"" দানব 'নিয়ান' ভয়ে একটু কেঁপে উঠল যেন।",,,,,
ব্যাপারটা বোঝার জন্য চুপে চুপে যেই না দরজার কাছে গেল ওমনি ঘরের ভিতর থেকে 'ধ্রুম ধ্রাম পিং পাং' বিস্ফোরণের আওয়াজ আসতে থাকলো। আওয়াজের কারনে দানব 'নিয়ানের' মস্তিস্কে ভীষণ যন্ত্রণা তৈরী হয় আর ভয়ে কাঁপতে থাকে। ,,,,,
"বসন্ত উৎসবকে স্বাগত জানানোর জন্য চীনের শহরাঞ্চল ও পল্লী অঞ্চলের অধিবাসীরা নানা ধরনের প্রস্তুতিমূলক কাজ করেন । চীনের পল্লী অঞ্চলে প্রস্তুতির কাজ বছরের শেষ মাসের প্রথম দিক থেকেই শুরু হয় । কৃষকরা বাড়ীঘর পরিষ্কার করেন , লেপতোষক ধুয়ে পরিষ্কার করেন , বাজার থেকে বসন্ত উৎসবের খাওয়া ও মেহমানকে খাওয়ানোর খাদ্যদ্রব্য কিনেন , যেমন মিষ্টিজাতীয় খাদ্য , কেক , ফলমুল , মাছ-মাংস ইত্যাদি ।",,,,,
"বড় বড় শহরে উৎসবের প্রস্তুতিও উৎসবের অনেক দিন আগে থেকে শুরু হয় । সাংস্কৃতিক বিভাগগুলো ও বিভিন্ন শিল্পী দল উৎসব কালের সাংস্কৃতিক কর্মসূচী তৈরীর কাজে ব্যস্ত, টেলিভিশন কেন্দ্র বিভিন্ন সাংস্কৃতিক অনুষ্ঠানের প্রস্তুতি নেয় , বিভিন্ন পার্কে নানা ধরনের মেলা আয়োজনের প্রস্তুতি নেয় আর বিভাগীয় দোকানগুলো নাগরিকদের চাহিদা মেটানোর জন্য দেশের বিভিন্ন জায়গা থেকে তথা বিদেশ থেকে পন্যদ্রব্য জোগাড় করার প্রচেষ্টা করে।'",,,,,
"চীন একটি বড় দেশ , কাজেই বিভিন্ন জায়গায় বসন্ত উৎসব উদযাপনের রীতিনীতি ভিন্ন । তবে বসন্ত উৎসবের আগের দিন রাত্রে অর্থাৎ পুরনো বছরের শেষ দিন রাত্রে পরিবারের সবাই এক সংগে মিলে বছরের শেষ খাওয়া সম্পন্ন করার প্রথা সমগ্র দেশে প্রায় একই ।",,,,,
"দক্ষিণ চীনে বছরের শেষ খাবারের টেবিলে দশ-বারোটি তরিতরকারী আছে , এগুলোর মধ্যে টোফু অর্থাৎ সয়াবীনের দই ও মাছ থাকতে হবে ।",,,,,
বছরের শেষ রাতে সারারাত জেগে কাটানোও বসন্ত উৎসবের এক রেওয়াজ । সেই রাতে লোকেরা নাচগান ও গল্প করার মধ্য দিয়ে বছরের শেষ রাত কাটান ।,,,,,
বসন্ত উৎসবের প্রথম দিন অর্থাৎ চান্দ্র বর্ষের প্রথম দিন সকালে পরিবারের সবাই নতুন জামা-পোশাক পরে মেহমানদের স্বাগত জানান অথবা নববর্ষের শুভেচ্ছা জানাতে আত্মীয়স্বজন ও বন্ধুবান্ধবের বাড়ীতে যান । ,,,,,
"চীনে এরকম রেওয়াজও আছে যে গত এক বছরে যদি আত্মীয় বা বন্ধুবান্ধবের মধ্যে ঝগড়া বা গন্ডগোল হয় , বসন্ত উৎসবের সময় এক পক্ষ আরেক পক্ষের বাড়িতে নববর্ষের শুভেচ্ছা জানাতে গেলে দুজনের বিরোধ মিটে গেছে বলে মনে করা হয় ।",,,,,
"বসন্ত উৎসবের কর্মসুচী বৈচিত্র্যময় । স্থানীয় অপেরা ও চলচ্চিত্র অনুষ্ঠান , সিংহনাচ, ড্রাগণ লন্ঠন জ্বালানো, বিভিন্ন ধরনের মেলা ইত্যাদি কর্মসুচীর কল্যানে সর্বত্রই উত্সবের আনন্দমুখর পরিবেশ বিরাজ করে । ",,,,,
বসন্ত উৎসব চলাকালে বাড়ীর প্রবেশদ্বারে দ্বি-চরণ শ্লোক ও নতুন বছরের দেওয়াল চিত্র এঁটে দেয়া আর বাড়ীর ফটকে অথবা সদর দরজায় নানা ধরনের চীনা লন্ঠন ঝুলানোও বসন্ত উৎসবের এক রেওয়াজ ।,,,,,
"বসন্ত উৎসবের আগে বাজারে প্রচুর দেওয়াল চিত্র ও দ্বি-চরণ শ্লোক পাওয়া যায় , নাগরিকদের সুখী জীবনের ছবি , সুন্দর ফুল ও মনোরম দৃশ্যের চিত্র অত্যন্ত জনপ্রিয় । ",,,,,
"লুনার ক্যালেন্ডার নববর্ষ, ড্রাগন নৌকা উৎসব, শারদীয় উৎসব ও শীতকালীন অয়ন এ চারদিন যথাক্রমে বসস্ত উৎসব, গ্রীষ্ম উৎসব, শরত উৎসব ও শীত উৎসব হিসেবে পালন করা হবে এবং সারা দেশ ছুটিতে থাকবে। ",,,,,
লুনার ক্যালেন্ডারের শেষ মাসকে চীনারা লা ইউয়্যু বলে ডাকেন এবং প্রথম মাসকে ডাকেন চেং ইউয়্যু। পুরো বসন্ত উৎসব লা ইউয়্যু ২৩ থেকে চেং ইউয়্যু ১৫ পর্যন্ত এবং প্রতিদিন কি কি করতে হবে তার জন্য নিয়মও রয়েছে।,,,,,
"লা ইউয়্যু ২৩ রান্নাঘরের ঈশ্বরকে পূজা করা। কিংবদন্তীতে বলা হয়, প্রতি বছরের লা ইউয়্যু ২৩ এদিন রান্নাঘরের ঈশ্বর আকাশে ফিরে যান এবং গত বছরের এ পরিবারের সবকিছু রাজার সামনে তুলে ধরেন। রান্নাঘরের ঈশ্বর যেন রাজার সামনে ভাল কথা বলেন সেজন্য মানুষ সাধারণত উয়্যু ২৩ রান্নাঘরের ঈশ্বরকে পূজা করেন।",,,,,
চীনের বসন্ত উৎসব হচ্ছে চীনের চান্দ্র বর্ষের নববর্ষ উৎসব এবং চীনা নাগরিকদের সবচেয়ে বড় ঐতিহ্যিক উৎসব। বসন্ত উৎসব উদযাপন উপলক্ষে নানা ধরনের কর্মসূচী গ্রহন করা হয়। চান্দ্র বর্ষের প্রথম মাসের ১৫তম দিন ইউয়েন সিয়াও খাওয়া বসন্ত উৎসব উদযাপনের শেষ কর্মসূচী। ,,,,,
সেই দিন সমগ্র চীনের সবাই ইউয়েন সিয়াও নামে এক ধরনের মিষ্টি খাবার খান। তবে দক্ষিণ চীনের অধিবাশীরা এই ধরনের মিষ্টি খাবারকে ‘ থান ইউয়েন ‘ বলেন আর উত্তর চীনের অধিবাশীরা তাকে ইউয়েন সিয়াও বলেন। উত্তর ও দক্ষিণ চীনের নাগরিকদের ইউয়েন সিয়াও তৈরীর পদ্ধতিও ভিন্ন ।,,,,,
"বসন্ত উৎসবের সময় প্রতিটি চীনা মানুষ আনন্দে মেতে ওঠে। এ উৎসবের মাধ্যমে চীনাদের আত্মীয়স্বজনের পুনর্মিলন, বন্ধুবান্ধবীদের সঙ্গে মৈত্রী জোরদার এবং শান্তি ও সুখ কামনাসহ আগামী দিনের পথ চলার দিক নির্দেশিকা হিসাবে কাজ করে।",,,,,
বসন্ত উৎসবের সময় সুপার মার্কেটসহ সব দোকান পাটে নতুন জিনিসে ভরে যায়। ইলেক্ট্রোনিক মার্কেট গুলোও নতুন নতুন আধুনিক পণ্যে ভরে যায়। ফলমূল ও এত বেশি বৈচিত্রময় খাবার থাকে যে বলে শেষ করা যাবে না। এত বেশি সুস্বাদু খাবার থাকে যা দেখলেই খেতে ইচ্ছে করে। কেনাও হয় প্রচুর।,,,,,
"এ উৎসবের মাধ্যমে চীনাদের আত্মীয়স্বজনের পুনর্মিলন, বন্ধুবান্ধবীদের সঙ্গে মৈত্রী জোরদার এবং শান্তি ও সুখ কামনাসহ সাংস্কৃতিক মর্ম।",,,,,
চীন সরকার বসন্ত উৎসবের সংস্কৃতি রক্ষার জন্য অনেক ব্যবস্থা গ্রহণ করেছে। যেমন এর আগে বসন্ত উৎসবে শুধু তিন দিনের ছুটি থাকতো।,,,,,
চীনা মানুষের সবচেয়ে জনপ্রিয় এবং বহুল ব্যবহৃত পরিবহন হলো রেলগাড়ি। দেড়শ কোটি মানুষের দেশের রেল ব্যবস্থা অবকাঠামোগত দিক থেকে নিঃসন্দেহে সারা বিশ্বে প্রথম। ,,,,,
বসন্ত উৎসব উপলক্ষ্যে সাধারণত সব মানুষ তাদের পরিবারের সাথে মিলিত হওয়ার চেষ্টা করে। এ কারণে রেল ব্যবস্থার উপর প্রচন্ড চাপ পড়ে। এসময় প্রতিদিন গড়ে ৭০ থেকে ৮০ লাখ মানুষ ট্রেনে যাতায়াত করে এবং বিশেষ ট্রেন সংযোজন করা হয়।,,,,,
পুরনো বছরের শেষ দিনটিতে মূলত নতুন বছরকে স্বাগত জানানোর জন্য নানা কার্যক্রম পুরোমাত্রায় শুরু হয়ে থাকে। এদিনে সারা বাড়ি জুড়ে 福(fu) লেখা রং-বেরংয়ের কাগজ সেঁটে দেওয়া হয়। ফু শব্দের অর্থ হলো সুখ। অর্থাৎ এর মাধ্যমে সুখ এবং সুন্দর আগামী প্রত্যাশা করা হয়। ,,,,,
ঐতিহ্যগতভাবে বাড়িতে খাবার অনুষ্ঠানের আয়োজন করার নিয়ম থাকলেও বর্তমানে পারিবারিক পুনর্মিলনের এই সান্ধ্যভোজটি বেশিরভাগ ক্ষেত্রেই রেস্টুরেন্ট এ হয়ে থাকে।,,,,,
এই রাতে ছোট ছেলেমেয়েরা বড়দের কাছ থেকে লাল রংয়ের নকশা করা খামে নগদ টাকা উপহার পায় এবং বড়দের সম্মান জানায়। এর অর্থ পরস্পরের প্রতি শুভকামনা এবং উজ্বল আনন্দময় আগামীর প্রত্যাশা।,,,,,
"চীনে মুসলমান, বৌদ্ধ ও খৃষ্টান ধর্মের মানুষ যেমন আছে তেমনি স্থানীয় তাও ধর্মের অনুসারীও আছে। তবে চীনের অধিকাংশ মানুষই কোন ধর্মে বিশ্বাস করে না। কোন ধর্মের অনুসারী না হয়েও, সৃষ্টিকর্তায় বিশ্বাস না থাকার পরও ঐতিহ্যগতভাবে তারা প্রতিবছর ঘরে স্থাপিত 'প্রভূ'র প্রতিকৃতির সামনে নানা ধরণের খাদ্যদ্রব্য, মোমবাতি, আগরবাতি এমনকি প্রভু'র খাবার সুবিধার্থে চপস্টিক পর্যন্ত সাজিয়ে রেখে তার সামনে সেজদা করে থাকে।",,,,,
বসন্ত উৎসবের সবচেয়ে দৃষ্টি আকর্ষণযোগ্য বিষয় হচ্ছে বিপুল পরিমাণ পটকা ও আতশবাজির ব্যবহার। সারা চীনে কি পরিমাণ আতশবাজি আর পটকা'র ব্যবহার হয় তা বোধহয় কেউ আন্দাজও করতে পারবে না। সারা দিন রাত এখানে সেখানে পটকা আর আতশবাজির আওয়াজ পাওয়া যায়।,,,,,
"বছরের শেষ রাতে সারা রাত পুরো বাড়িতে আলো জ্বালিয়ে রাখা হয়। 'প্রভু'র সামনে যথারীতি খাদ্যদ্রব্য, মোমবাতি-আগরবাতি জ্বালিয়ে রাখা হয়, বাজতে থাকে উপাসনা সঙ্গীত। বাড়ির বড়রা সারা রাত নির্ঘুম কাটায়, ছোটরা মধ্যরাত অবধি জেগে থাকে।",,,,,
"বাড়ির বড়রা সারা রাত নির্ঘুম কাটায়, ছোটরা মধ্যরাত অবধি জেগে থাকে। এদিন সন্ধ্যায় পরের দিন সকালে খাওয়ার জন্য বিশেষ ডাম্পলিং তৈরী করা হয়। এই ডাম্পলিংয়ে মাংস এবং তেল ব্যবহার করা হয় না। ",,,,,
বছরের প্রথম দিন ভোর বেলায় বাড়ির সদর দরজা খুলে দেওয়া হয়। সদর দরজা থেকে ড্রয়িংরুম পর্যন্ত লাল গালিচা বিছানো হয়। এর মাধ্যমে অতিথিকে স্বাগত এবং সম্মান প্রদর্শন করা হয়। ,,,,,
দীর্ঘ পনের দিনের এই বসন্ত উৎসব উদযাপন পূর্ণিমা রাতে আনুষ্ঠানিকভাবে সমাপ্ত হয়। সমাপনী উদযাপনের নাম লন্ঠন উৎসব।,,,,,
"চীনে উৎসবের শেষ নেই। প্রায় প্রতিমাসেই কোনো না কোনো লোকজ উৎসব রয়েছে। চীনে লোকজ সংস্কৃতি অত্যন্ত সমৃদ্ধ। বিভিন্ন উৎসবে এই সমৃদ্ধ লোকসংস্কৃতির পরিচয় পাওয়া যায়। এর মধ্যে অন্যতম প্রধান সামাজিক উৎসব হলো, মধ্য শরৎ উৎসব বা মিড অটাম ফেস্টিভ্যাল। ",,,,,
এটি শরৎকালে বা হেমন্তকালের প্রধান উৎসব। এর সঙ্গে জড়িয়ে আছে সুপ্রাচীন চন্দ্রদেবীর আরাধনা এবং ফসল তোলার রীতি-রেওয়াজ। ,,,,,
এদিন গণপ্রজাতন্ত্রী চীনের প্রতিষ্ঠাবার্ষিকী। কাছাকাছি সময়ে ছিল মধ্য শরৎ উৎসব। দুই উৎসব মিলে বেশ লম্বা সময় ছুটি কাটালেন চীনের নাগরিকরা। ,,,,,
"এ ধরনের লম্বা ছুটিতে চীনের পর্যটন শিল্প জমজমাট হয়ে ওঠে। সেই সঙ্গে চিলচ্চিত্রশিল্পও চাঙা হয়। কারণ ছুটিতে সিনেমা দেখা, চীনাদের অন্যতম প্রিয় বিনোদন। চীনের উৎসবগুলো বেশিরভাগই চাঁদের সঙ্গে সম্পর্কিত। ",,,,,
"প্রাচীন এই ধর্ম, কনফুসিয়াসের ধর্ম এবং বৌদ্ধধর্মের সঙ্গে মিলেছে চীনের বিভিন্ন অঞ্চলে হাজার হাজার বছর ধরে স্থানীয়ভাবে প্রচলিত বিভিন্ন লোকজ ধর্ম, রীতিনীতি, প্রাচীন প্রথা ইত্যাদি।",,,,,
"মধ্য শরৎ উৎসবের চীনা নাম হলো চোং ছিউ চিয়ে। মধ্য শরৎ উৎসবের সঙ্গে জড়িয়ে রয়েছে একাধিক কাহিনি। প্রথমটি হলো, চন্দ্রদেবী ছ্যাং ই-কে নিয়ে। ছ্যাং ই হলেন চীনের প্রাচীন চন্দ্রদেবী। তিনি বাস করেন চাঁদের বুকে। তিনি কীভাবে চাঁদে পৌঁছান, সে নিয়ে রয়েছে করুণ গল্প।",,,,,
"অনেক বছর আগে, আকাশে উঠেছিল দশটি সূর্য। সেই দশ সূর্যের তাপে মানুষের জীবন হয়ে পড়ল অতিষ্ঠ। সূর্যের তাপে পুড়ে গেল ক্ষেতের ফসল, শুকিয়ে গেল নদীর জল। তখন মানুষকে দুর্দশা থেকে বাঁচাতে এগিয়ে এলেন বীর তীরন্দাজ হোও ই। তিনি তীর-ধনুক দিয়ে ৯টি সূর্যকে কুপোকাত করলেন।",,,,,
"হোও ইর এই বীরত্বে মুগ্ধ হয়ে, দেবরানী মা মতান্তরে দেবতারা হোও ই-কে দিলেন এক বোতল অমৃত। এই অমৃত খেলে তিনি অমর হবেন এবং দেবতায় পরিণত হয়ে অমৃতলোকে চলে যাবেন। ",,,,,
মধ্য শরৎ উৎসবের রাতে পূর্ণিমার চাঁদ যখন হয়ে ওঠে বছরের সবচেয়ে ঝলমলে তখন চীনের ছেলেমেয়েরা চন্দ্রদেবী ছ্যাং ইকে দেখতে পায় চাঁদের বুকে। এ উৎসবের আরেকটি গল্প হলো চাঁদের বুকে জেড পাথরের খরগোশ নিয়ে।,,,,,
"মধ্য শরৎ উৎসব মূলত ফসল তোলার উৎসব। এ সময় হেমন্তের নতুন ফসল ওঠে। চাঁদের পূর্ণতাপ্রাপ্তি হলো পুনর্মিলনের আহ্বান। তাই এ উৎসবে সবাই পরিবারের কাছে ফিরে আসে। সেখানে রাতের খাবার একসঙ্গে খায়। প্রার্থনা করে, সমৃদ্ধ জীবনের এবং ধন্যবাদ জানায় ভালো ফলনের জন্য।",,,,,
"প্রাচীন জনগণ মনে করত, মঙ্গলময় দেবতা ড্রাগন যে বৃষ্টি দিয়েছেন সে কারণে ভালো ফসল হয়েছে। আর এই ফলনের জন্য তারা ফসল তোলার পর পরিবারের সঙ্গে একত্র হয়ে কৃতজ্ঞতা জানাত এবং প্রার্থনা করত। ",,,,,
প্রাচীন চীনে অনেক সময় চাঁদকে উর্বরতার প্রতীক বলেও মনে করা হতো। চাঁদের সঙ্গে নারীর রজঃস্বলা হওয়ার এবং সূর্যের সঙ্গে পুরুষত্বের সম্পর্ক আছে বলে মনে করা হতো। ,,,,,
"উর্বরতা ও ফসলের সঙ্গে চন্দ্রদেবী বা অন্য কোনো দেবীর পূজা, নানা রকম রীতি- রেওয়াজ, এমনকি কখনো কখনো কাল্ট বিশ্বের বিভিন্ন অঞ্চলে রয়েছে। ",,,,,
"মুনকেক তৈরি হয় নতুন ওঠা ফসল দিয়ে। এটি হয় গোলাকার যা পুনর্মিলন ও পূর্ণচাঁদের প্রতীক। এ উৎসবের আরেকটি অনুষঙ্গ হলো, লণ্ঠন বা ল্যানটার্ন উৎসব এবং ফানুস ওড়ানো। এ সময় চীনা লণ্ঠন জ্বালানো হয় এবং ফানুস ওড়ানো হয়।",,,,,
"এই ফানুস ওড়ানো উৎসব কাছাকাছি সময়ে ভিয়েতনামেও পালন করা হয়। আরেকটি উৎসব হলো, মধ্য শরৎ উৎসবের এক মাস আগে প্রেতাত্মা উৎসব। সেই উৎসবে প্রেতাত্মাদের উদ্দেশ্যে অর্ঘ্য নিবেদনের পর লণ্ঠন জ্বালানো হয় এবং সেই লণ্ঠন মধ্য শরৎ উৎসব পর্যন্ত জ্বালিয়ে রাখা হয়। ",,,,,
মুনকেকে পদ্মফুলের বীজ পুর হিসেবে ব্যবহার হয় অথবা বিভিন্ন রকম পুর ব্যবহার করে মুনকেক তৈরি হয়। মুনকেক মিষ্টি অথবা নোনতা দু-রকমই হতে পারে। ওপরে নানা রকম নকশা করা থাকে। এটাকে এক ধরনের নকশিপিঠাও বলা যায়।,,,,,
মধ্য শরৎ উৎসবের নিমন্ত্রণে গেলে এই বাক্স হাতে করে নিমন্ত্রণকর্তার জন্য উপহার নিয়ে যাওয়ার নিয়ম। বড় বড় বেকারি দোকানের পাশাপাশি একেবারে সাধারণ হাটেবাজারেও মুনকেক বিক্রি হয়।,,,,,
"নবদম্পতি চন্দ্রদেবীর কাছে সন্তান লাভের প্রার্থনাও জানান। জাপান, কোরিয়া, ভিয়েতনাম ইত্যাদি দেশেও মধ্য শরৎ উৎসবের কাছাকাছি সময়ে অনুরূপ উৎসবের প্রথা রয়েছে",,,,,
"চীনের হারবিনে শুরু হয়েছে ঐতিহ্যবাহী বরফ ও তুষার উৎসব। হারবিন আইস অ্যান্ড স্নো ওয়ার্ল্ড নামে জনপ্রিয় এ উৎসবটি এবার পা দিলো ২৬তম বছরে। এতে, প্রায় ১০ লাখ বর্গমিটার এলাকাজুড়ে বানানো হয়েছে বরফের তৈরি চোখ ধাঁধানো ও মনোমুগ্ধকর সব ভাস্কর্য।",,,,,
"অবিশ্বাস্য হলেও সত্যিই, চোখ ধাঁধানো এই ওয়ান্ডারল্যান্ডের প্রতিটি স্থাপনাই তৈরি বরফ দিয়ে। চীনের হেইলংজিয়াং প্রদেশের হারবিন শহরে প্রতিবারের মতো এবারও শুরু হয়েছে ঐতিহ্যবাহী বরফ উৎসব, যা বিশ্ববাসীর কাছে হারবিন আইস অ্যান্ড স্নো ওয়ার্ল্ড নামেই বেশি পরিচিত। ",,,,,
"চীনের ঝুয়াং জাতিগোষ্ঠীর ঐতিহ্যবাহী ব্যাঙ উৎসব অনুষ্ঠিত হয়েছে। আঞ্চলিক বৈশিষ্ট্যসহ অনন্য লোকজ ক্রিয়াকলাপ, গান ও নৃত্যে পূর্ণ উৎসবটি হাজারো পর্যটককে আকৃষ্ট করে।",,,,,
"ব্যাঙ উৎসবটি চায়নিজ লুনার ক্যালেন্ডারের দ্বিতীয় মাসের দ্বিতীয় দিন চীনের গুয়াংশি স্বায়ত্তশাসিত অঞ্চলে অবস্থিত তংলান কাউন্টির বাইং গ্রামে অনুষ্ঠিত হয়। উৎসব উদ্‌যাপনে সার্বিকভাবে সহায়তা করে তংলান কাউন্টির স্থানীয় প্রশাসন।

",,,,,
"পানওয়াং উৎসব একটি প্রাচীন উৎসব, যেখানে ইয়াও জাতিগোষ্ঠীর পূর্বপুরুষ পানওয়াং রাজার প্রতি শ্রদ্ধা নিবেদন করে থাকে। উৎসবে ইয়াও লোকেরা উৎসবের পোশাক পরে, ব্যানার ধারণ করে এবং অনুষ্ঠানের সঙ্গীতের সঙ্গে একের পর এক অনুষ্ঠানস্থলে প্রবেশ করে।",,,,,
"এই দিনে স্থানীয় জনগণ ধর্মীয় ভক্তির চিহ্ন হিসেবে তাদের দেবতাদের উদ্দেশ্যে শূকরের মাথা, আঠালো চালের কেক, মুরগি এবং চালের ওয়াইন বলিদান করে থাকে। এছাড়া উৎসবটি ঘিরে চলে লোকজ ক্রিয়াকলাপ, গান ও নৃত্য, ক্রীড়া প্রতিযোগিতাসহ নানা কার্যক্রম।",,,,,
"চীনে ১৭০০ বছরেরও বেশি সময় ধরে পালিত উৎসবটি দেশি-বিদেশি পর্যটকদের আকৃষ্ট করে। উৎসবে দুই হাজারের বেশি চীনা ও বিদেশি পর্যটক ইয়াও জাতিগোষ্ঠীর প্রাচীন এবং বৈচিত্র্যপূর্ণ লোক সংস্কৃতি উপভোগ, এবং ‘পানওয়াং উৎসবের’ দুর্দান্ত সাংস্কৃতিক অভিজ্ঞতা অর্জন করতে সমবেত হয়েছিল।",,,,,
ব্যাঙ উৎসবের সবচেয়ে গৌরবময় ও প্রাণবন্ত ক্রিয়াকলাপ হলো ঐতিহ্যবাহী পোশাক পরে ব্যাঙের গান গাওয়া এবং ব্রোঞ্জ ড্রামের সুরেলা আওয়াজে নাচা। ,,,,,
"জীবনকে সার্বক্ষণিক আনন্দ-ফুর্তি, মজা-মাস্তির ভিতর দিয়ে পরিচালনা করতে এরা সর্বদায় ব্যাতিব্যস্ত থাকে।",,,,,
শারীরিকভাবে চীনারা অনেক ফিট। কোনরকম শারীরিক অসুস্থতা ছাড়া অনেক বয়স্ক ব্যক্তি নির্দ্বিধায় মনের ফুর্তিতে তাদের দৈনন্দিন জীবন পরিচালনা করে।,,,,,
"পূব আকাশে সূর্যের দেখা মেলার আগেই খুব ভোরে এদের প্রতিদিনকার রুটিন মাফিক দিন শুরু হয়। বেশিরভাগ অফিসের কর্মঘণ্টা শুরু হয় সকাল আটটা থেকে, তাই ইচ্ছা থাকলেও চাকরিজীবীরা কেউ বেলা অব্দি ঘুমাতে পারে না।",,,,,
"বাচ্চাদের কিন্ডারগার্টেন, প্রাইমারি স্কুলের গাড়ি চলে আসে সকাল সাতটায়। হাইস্কুল, কলেজ বিশ্ববিদ্যালয়েও ক্লাস শুরু হয় সকাল আটটা থেকে। সেজন্য ভোরে উঠেই যে যার কাজে বেরিয়ে পড়ে। ",,,,,
বয়স্ক ব্যক্তিদেরও কিছু রুটিন মাফিক কাজ করতে দেখা যায় এবং বয়স্করা সকলেই চেষ্টা করে ভোরে ঘুম থেকে উঠে প্রাতঃভ্রমণে বের হওয়ার।,,,,,
বেশিরভাগ চাকরিজীবী এবং ছাত্রছাত্রীরা সকালে অফিস বা ক্লাসের যেতে পথেই নাস্তা সেরে ফেলে। আবার কেউ কেউ বাসায় খেয়েও রওনা দেয়।,,,,,
"সকালের নাস্তায় খাবারের ভিতর চীনাদের ডামপ্লিং বা মম (ময়দার খামির ভিতর রান্না করা সবজি, মাংসের পুর ভরে বাষ্পে ভাপানো এক ধরনের খাবার), স্টিম বান (শুধুমাত্র ময়দা দিয়ে বানানো বাষ্পে ভাপানো রুটি), নুডুলস, সয়াবিন বেশ উল্লেখযোগ্য। সাথে পানীয় হিসেবে সুপ বা বিভিন্ন ধরনের জুস বা দুধ খেতে দেখা যায়।",,,,,
"সময়ের ব্যাপারে চীনারা খুবই সচেতন, তাই এদের কাছে অফিসের সেবাদান পদ্ধতিটা একটু ব্যতিক্রম।",,,,,
"যদি সকাল আটটা থেকে অফিস শুরু হয়, তাহলে ঠিক আটটায় সেবাগ্রহীতার সেবা পাওয়ার নিশ্চয়তা এরা দিয়ে থাকে।",,,,,
তাদের কাছে কর্মঘণ্টা শুরুর অর্থ হচ্ছে সব কর্মকর্তা নির্ধারিত সময়ের আগেই নিজস্ব ডেস্কে প্রস্তুত থাকবে।,,,,,
"অফিসের পোশাকের ক্ষেত্রে তেমন কড়াকড়ি কোনো নিয়ম-নীতি নেই। তবে ব্যাংক, রেস্টুরেন্ট, সুপারশপের ক্ষেত্রে তাদের কর্মীদের জন্য প্রতিষ্ঠান থেকে সরবরাহকৃত একই রকমের বিশেষ পোশাক পরতে দেখা যায়।",,,,,
গায়ের রঙ সবারই সাদা হওয়ায় যেকোন পোশাকে তাদের ভালো দেখায় বলেই তারা মনে করে। তবে সবাই পোশাকে শালীনতা বজায় রেখে চলে।,,,,,
"সবাই পোশাকে শালীনতা বজায় রেখে চলে। মহিলা এবং পুরুষ প্রায় একই ধাঁচের পোশাক পরিধান করে। যেমন, উভয়ের ফরমাল ড্রেসের পাশাপাশি টিশার্ট, জিন্স, ট্রাউজার, হাফপ্যান্ট, কেডস পরতে দেখা যায়।",,,,,
সকাল ১১টা বাজতেই দুপুরের খাবারের জন্য সবাই বারবার ঘড়ির কাটার দিকে লক্ষ করে। সকাল ১১.৩০ থেকে দুপুর ২.০০টা পর্যন্ত ,,,,,
"ঘুমের সময় সবাই লাইট অফ করে, রুমের পর্দা টেনে কর্মস্থলকে ঘুমানোর উপযোগী করে তবেই ঘুমাতে যায়। সে সময়ে তারা পুরো অফিসে নিরবতা বজায় রেখে সবাইকে পরিপূর্ণ বিশ্রাম নেওয়ার সুযোগ করে দেয়। ",,,,,
অফিসের কর্মঘণ্টা শেষ হয় ৫টা বাজলে। অফিস শেষে বাসায় ফিরেই রাতের খাবারের জন্য ব্যস্ত হয়ে পড়ে এবং বিকাল ৫.৩০ থেকে সন্ধ্যা ৭টার ভিতরেই সবাই রাতের খাবার সেরে ফেলে। রাতের খাবারের পরে সবাই অনেক হাঁটাহাঁটি করে।,,,,,
শরীরকে ফিট রাখার জন্য রাতের খাবার সন্ধ্যা ৭টার ভিতর খেয়ে এবং খাওয়ার পরে একটু হাঁটাহাঁটি করাই যথেষ্ট বলে মনে করে চীনারা। ,,,,,
প্রতিটা কমিউনিটিতে পর্যাপ্ত জায়গা আছে এই নাচের টিমদের জন্য। এছাড়া কমিউনিটি কর্তৃপক্ষ প্রতিরাতে বড় পর্দায় বিভিন্ন মুভি দেখায় এবং সেখানে সবাই সমবেত হয়ে সেটা উপভোগ করে।,,,,,
গোসলের ব্যাপারেও একটু ভিন্নতা আছে। রাতের ঘুমকে প্রাশান্তিময় করতে ডিনারের পরে রাতের ব্যায়াম সেরে বাসায় ফিরে ঘুমানোর আগে উষ্ণ গরম পানিতে গোসল সেরে ঘুমাতে যায় চীনারা। সবাই চেষ্টা করে রাত ১১টার ভিতর ঘুমানোর।,,,,,
"প্রতিটা কমিউনিটিতে সুইমিং পুল, এক্সারসাইজের বিভিন্ন ইন্সট্রুমেন্ট, বাস্কেটবল, ব্যাডমিন্টন খেলার ব্যবস্থা বাচ্চাদের নাচ, গান, বিনোদনোরে ব্যবস্থাসহ খেলার জন্য অত্যাধুনিক খেলার রাইড আছে",,,,,
এরা সবাই খুবই স্বাধীনচেতা। স্বামী-স্ত্রী সবাই যে যার মতো স্বাধীনতা ভোগ করে এবং কেউ কারও পার্সোনাল লাইফে হস্তক্ষেপ করে না। ছেলেমেয়েদেরও ছোট থেকে সেভাবেই স্বাধীনতা দিয়ে বড় করে। সবাই সেলফ ডিপেন্ডেন্ট অর্থাৎ স্বামী-স্ত্রী কেউ কারো আয় ইনকামের উপর নির্ভরশীল নয়।,,,,,
জনসংখ্যার আধিক্য থাকায় চীনা প্রশাসন পূর্বে একের অধিক সন্তান জন্মদানের ক্ষেত্রে বেশ কড়াকড়ি আরোপ করলেও বর্তমানে তা শিথিল করেছে। কিন্তু পূর্বের ধারাবাহিকতা বজায় রেখে বেশিরভাগ চীনা পরিবার একটি সন্তান নিয়ে (ছেলে বা মেয়ে যেটাই হোকনা কেন) খ্যান্ত থাকে।,,,,,
"চীনারা সচারাচার খুবই হিসাবী হয়। ছোটকালে আমরা জেনেছি যে, চীনারা এতটাই হিসাবী যে একটা দেশলাইয়ের কাঠি নাকি কয়েকভাগে ভাগ করে ব্যবহার করত। ",,,,,
"তারা সবসময় চিন্তা করে কীভাবে বেশি অর্থ উপার্জন করা যায়। এজন্য কেউ অলস সময় কাটাতে পছন্দ করে না। এরা এতটায় কর্মঠ হয় যে, মৃত্যুর আগ মুহূর্ত পর্যন্ত তাদের সবারই সচল এবং কর্মক্ষম দেখা যায়।",,,,,
বেশিরভাগ শিশু তাদের মা-বাবার চেয়ে দাদা-দাদির সাথে বেশি সময় কাটায়। বাবা-মা সারাদিন কর্মক্ষেত্রে ব্যস্ত থাকায় বাচ্চাদের ঠিকমত সময় দিতে পারে না। বাড়ির বয়স্ক ব্যক্তিরা শিশুর সেই একাকীত্বকে একেবারেই বুঝতে দেয় না।,,,,,
কোনো কোনো ক্ষেত্রে মেয়ের পরিবারও ছেলের পরিবারকে অর্থ প্রদান করে। এখানে কেউ চাইলেই ইচ্ছামত একের অধিক বিয়ে করতে পারে না।,,,,,
পরিবারের মধ্যে যেকারো বিয়োগান্তক ঘটনা নিঃসন্দেহে বেদনাদায়ক। চীনাদের ভিতরেও সেটা স্বাভাবিকভাবে দৃশ্যমান। তবে কোনো ব্যক্তি মারা যাওয়ার পরে তাদের মধ্যে ব্যতিক্রমী কিছু নিয়ম নীতি দেখেছি। ,,,,,
"কোনো ব্যক্তি মারা যাওয়ার পরে যথাসম্ভব দ্রুত বেশ কিছু পটকা সদৃশ বাজি পুড়িয়ে থাকে চীনারা। এদের বিশ্বাস, এই পটকা সদৃশ বাজি মৃত দেহের আশপাশ থেকে সকল অশুভ শক্তিকে দূরে সরিয়ে দেয়।",,,,,
প্রতিদিন সন্ধ্যায় বিশেষ ধরনের পোশাক পরে মৃত ব্যক্তির খুব কাছের মানুষরা (মৃত ব্যক্তির ছেলে-মেয়ে সাথে পড়শিরা) বিভিন্ন ধরনের করুণ সুরের বাদ্যযন্ত্র বাজিয়ে মুকাভিনয়ের মতো উপস্থাপনার কিছু পর্বও চোখে পড়ে।,,,,,
দূর-দূরান্ত থেকে মৃত ব্যক্তির আত্মীয়-স্বজনরা মূল সৎকার পর্বের আগে সবাই চলে আসে। মৃত দেহের পাশে স্বজনেরা বিশেষ এক ধরনের কাগজ (জজ পেপার) পুড়িয়ে তাদের মৃত ব্যক্তির আত্মাকে স্মরণ করে। ,,,,,
"যারা মৃত দেহের সাথে যায়, তারা সবাই একই রকমের পোশাক পরে। কোনো কোনো পরিবার সাদা ধবধবে পোশাক পরিধান করে আবার কোনো পরিবার রঙিন পোশাকও পরে।",,,,,
পূর্বে চীনাদের মৃতদেহ সৎকারে মাটি চাপা দেওয়ার ব্যবস্থা থাকলেও (এখনো কোথাও কোথাও আছে) এখন বেশিরভাগ জায়গায় বৈদ্যুতিক হিটারে পুড়িয়ে মৃতদেহ নিঃশেষ করা হয়। ,,,,,
এই জায়গাগুলো সাধারণত বসবাসকৃত কমিউনিটি থেকে ৩-৪ কি.মি. দূরে হতে দেখা যায়। যেদিন ভোরে মৃতদেহ নেওয়া হয় সেদিন ওই ৩-৪ কি.মি. রাস্তার দু’পাশ দিয়ে আগে থেকে কয়েক স্তরের বাজির পশরা সাজানো হয়।,,,,,
"বিভিন্ন প্রদেশের নিয়ম নীতিতে ভিন্নতা লক্ষ করা গেলেও অফিস টাইম, দুপুর এবং রাতের খাবারের নির্ধারিত সময়, দুপুরের খাবারের পরে হালকা বিশ্রামের রীতি, রাতের খাবারের পরে ব্যায়াম, রাতে ঘুমানোর আগে উষ্ণ গরম পানিতে গোসল এগুলো সামান্য এদিক সেদিক হয়ে প্রায় সবখানেই একইরকম দৃশ্য চোখে পড়বে। ",,,,,
"চীনের মানুষ কখনো বুড়ো হয় না অর্থাৎ এরা মৃত্যুর আগ পর্যন্ত কর্মক্ষম থাকে, এদের এমন উপাধি দিলে মনে হয় ভুল হবে না।",,,,,
"চীনাদের সঙ্গে আমাদের সবচেয়ে বড় পার্থক্য দুপুর এবং রাতের খাবারের সময়ের। তারা সকালের নাস্তা অনেক ভোরেই সেরে ফেলে, বলতে গেলে ভোর ৬টা থেকে ৭টার মধ্যে। ",,,,,
এদের দুপুরের খাবারের সময় সকাল ১১টা থেকে দুপুর ১২টা পর্যন্ত। সকাল ১১টা বাজলেই দুপুরের খাবারের জন্য সবার চোখ মুখে অধীর অপেক্ষার ছাপ দেখা যায় এবং মোটামুটি সাড়ে ১১টার মধ্যে সবাই দুপুরের খাবার খেয়ে কর্মস্থলে ফিরে আসে।,,,,,
রাতের খাবার বিকেল সাড়ে পাঁচটা থেকে সন্ধ্যা সাতটার মধ্যে খেয়ে ফেলে এবং সবাই রাতের খাবারের পরে অনেক হাঁটে। তা এক ঘণ্টা থেকে শুরু করে আরও বেশি হতে পারে। শরীর ফিট রাখতে রাতের খাবার সন্ধ্যা সাতটার মধ্যে খেয়ে এবং খাওয়ার পরে একটু হাঁটাহাঁটি করায় যথেষ্ট বলে মনে করে এরা। ,,,,,
"এদের খাবারের প্লেটগুলো খুবই ছোট, চপস্টিক (খাবারের জন্য ব্যবহৃত দুটো কাঠি) ব্যবহারে ছোট বাচ্চা থেকে শুরু করে সবাই খুবই পারদর্শী।",,,,,
খাবারে হাতের স্পর্শ এবং চামচ ছাড়া সবরকমের খাবার এই দুই কাঠির সাহায্যে দক্ষতার সঙ্গে খেয়ে ফেলে। প্রত্যেক বার খাবারের সঙ্গে বিভিন্ন রকমের সুপ খায়।,,,,,
মন দুশ্চিন্তা-মুক্ত ও প্রশান্তিময় রাখতে এদের অনেক বিনোদনের ব্যবস্থা আছে। তাই সন্ধ্যায় ডিনারের পরপরই মধ্য বয়সী পুরুষ বা মহিলারা একসঙ্গে সাউন্ড বক্সে গান ছেড়ে মনের উৎফুল্লে নাচে। ,,,,,
"প্রতিটি কমিউনিটিতে সুইমিং পুল, এক্সারসাইজের বিভিন্ন ইন্সট্রুমেন্ট, বাস্কেটবল, ব্যাডমিন্টন খেলার ব্যবস্থাসহ শিশুদের বিনোদন এবং খেলার জন্য অত্যাধুনিক রাইড আছে।",,,,,
চীনারা সবকিছুই খায় এবং সবকিছুর ফ্রেশ স্বাদ নিতে পছন্দ করে। এজন্য বিভিন্ন মাংস বা মাছ হালকা সিদ্ধ (কোনো কোনো এলাকায় একেবারে কাঁচা খাওয়ারও রেওয়াজ আছে) করে খায়।,,,,,
"আমরা রান্নায় প্রচুর মসলা ব্যবহার করি, কিন্তু এরা মসলা খুব কম খায়। আমাদের যেখানে একটা আইটেম রান্না করতে ৩০-৪০ মিনিট সময় লাগে, একই সময়ে ওরা পাঁচটা আইটেম রান্না করে।",,,,,
"রেস্টুরেন্টে গিয়ে একুরিয়ামে জীবিত মাছ, চিংড়ি, কাঁকড়া এগুলো অর্ডার করলে আপনাকে সঙ্গে সঙ্গেই প্রসেস করে রান্না করে দেবে। সব খাবারে বিভিন্ন ধরনের কুকিং ওয়াইন, ভিনেগার এবং কুকিং সস (সয়া সস, ফিস সস, ভেজিটেবল সস, চিলি সস) ব্যবহার করে যেগুলোর অনেক স্বাস্থ্য উপকারিতা আছে।",,,,,
"মাছের ব্যাপারে একটু না বললেই নয়। চাইনিজরা জীবিত মাছ খায় (কিছু সামুদ্রিক মাছ ছাড়া)। তাই খোলাবাজার থেকে শুরু করে শপিংমলের একুরিয়ামে সব মাছ রাখা থাকে। সেটা তেলাপিয়া, সরপুঁটি, রুই থেকে শুরু করে চিংড়ি মাছ পর্যন্ত। ",,,,,
"মিষ্টি এরা পছন্দ করে না, এজন্য কোথাও মিষ্টির দোকান আলাদা করে খুঁজে পাওয়া যাবে না। তবে, খুবই হালকা মিষ্টি (আমাদের মত চিনির সিরাতে চুবানো না) জাতীয় কিছু খাবার পাওয়া যায়।",,,,,
"ভাজা পোড়া খুবই কম খায়, যেহেতু ভাজা পোড়া মুখরোচক তাই তারা পছন্দ করে। কিন্তু, তা সকালের নাস্তার সঙ্গে কিছু কিছু মানুষ খায়।",,,,,
"ভাজা পোড়া খুবই কম খায়, যেহেতু ভাজা পোড়া মুখরোচক তাই তারা পছন্দ করে। কিন্তু, তা সকালের নাস্তার সঙ্গে কিছু কিছু মানুষ খায়। ",,,,,
"স্টিমে ভাপানো ব্রেড (ডামপ্লিং, মম) খুবই পছন্দের খাবার চাইনিজদের। কোনো রকম লবণ বা মশলা ছাড়া মিষ্টি আলু সিদ্ধ, কলমি শাক সিদ্ধ, বিভিন্ন সবজি সিদ্ধ তাদের খুবই প্রিয়।",,,,,
গ্রিনটি এদের খুবই প্রিয় পানীয়। তাই ছোট থেকে শুরু করে বয়স্ক মানুষ সবার কাছে গ্রিনটির বড় বড় পট থাকে। ,,,,,
স্বাভাবিক তাপমাত্রার পানি এরা খুব কম পান করে। সব ট্যাবে ৪০ ডিগ্রি এবং ১০০ ডিগ্রি সেলসিয়াস তাপমাত্রার পানীয়র ব্যবস্থা থাকে।,,,,,
"আমার কাছে মনে হয় চীনারা দুপুর বা রাতের খাবারে যতটুকু খাবার খায় তার চেয়ে প্রতিদিনের ফল খাওয়ার পরিমাণ বেশিই হবে। তবে, হ্যাঁ ফল একটু বাসি হলে কেউ তা কেনে না, সবার তাজা জিনিসের প্রতি আগ্রহ বেশি।",,,,,
"তরুণ প্রজন্মের ফাস্টফুডের প্রতি ঝোঁক আছে। তবে, তা বিশেষ (বার্থডে, ম্যারেজ অ্যানিভারসারি) দিনগুলোতে। ",,,,,
"এ ছাড়াও, মাঝেমধ্যে দোকানগুলোতে বড় ডিস কাউন্ট অফার করে। এ কারণে ম্যাকডোনাল্ড, কেএফসি, পিজ্জা হাঁটসহ আরও কিছু নামকরা ফাস্টফুডের দোকানে উপচে পড়া ভিড় লক্ষ্য করা যায়।",,,,,
"যেহেতু এরা শারীরিকভাবে খুবই ফিট, তাই ডাক্তারের কাছে কম যেতে হয়। এখানে আয়ুর্বেদিক চিকিৎসার বেশি প্রচলিত। হাসপাতালের বড় বড় ডিগ্রিধারী ডাক্তাররাও প্রথমে আয়ুর্বেদিক চিকিৎসা দিয়ে ট্রিটমেন্ট শুরু করেন। সেটা যত কঠিন রোগই হোক না কেন।",,,,,
চীনারা অনেক বেশি শৃঙ্খলিত এবং ছন্দময় জীবনযাপন করতে পছন্দ করে। এদের সবার গায়ের রঙ সাদা। কে কী পোশাক পরলো তা নিয়ে কারো কোনো মাথাব্যথা নেই। সবাই খুব সাধারণ পোশাক পরতে পছন্দ করে।,,,,,
"চীনের এই অর্থনৈতিক অগ্রযাত্রা যাকে 'অলৌকিক অর্থনীতি' বলা হয়ে থাকে, তার মূল চালিকাশক্তি বিশাল এক অভিবাসী কর্মী বাহিনী। এই শক্তি দেশটির গ্রামাঞ্চল থেকে শহরে কাজ করতে যাওয়া লাখো লাখো মানুষের জনবল।",,,,,
"শাংহাই পৃথিবীর সবচেয়ে দ্রুত পরিবর্তনশীল শহরগুলোর একটি। কিন্তু যারা এই শহরের আকাশচুম্বী অট্টালিকাগুলো তৈরি করছেন, যাদের শ্রমে তৈরি নানাধরনের পণ্যসামগ্রী এই শহরেরই বন্দর থেকে পাড়ি জমাচ্ছে বিশ্বের নানা প্রান্তে, তারা চীনের গ্রাম ছেড়ে শহরে কাজ করতে যাওয়া মানুষের ঢল।",,,,,
"চীনের অর্থনৈতিক উন্নয়ন যেভাবে ঘটেছে তা দ্রুততা এবং বিশালতার দিক দিয়ে এতটাই যুগান্তকারী যে, প্রায়শই একে ব্যাখ্যা করা হয় একটা অলৌকিক ঘটনা বা 'মিরাকল্' হিসাবে।",,,,,
এর আগে পর্যন্ত চীনের মানুষ ছিল হুকো পদ্ধতিতে বন্দি। এই হুকো-র আওতায় মানুষের স্বাধীনভাবে এক এলাকা থেকে আরেক এলাকায় যাওয়ার অধিকার ছিল না।,,,,,
চীনা লেখিকা লিয়াং হং বিবিসিকে বলছিলেন এই হুকো হল মানুষকে এলাকা ভিত্তিতে নথিভুক্ত করার বহু প্রাচীন একটা পদ্ধতি। এতে পরিবারগুলোকে এলাকা ভিত্তিতে নথিবদ্ধ করা হয় এবং পরিবারের স্বাস্থ্য ও শিক্ষা নিয়ন্ত্রিত হয় এই ব্যবস্থার অধীনে।,,,,,
"এরপর হঠাৎই অর্থনীতিতে একটা জোয়ার এল, বিশেষ করে উপকূলবর্তী এলাকায়। গ্রামের মানুষদের জন্য এসব শহরের কারখানাগুলোয় গিয়ে কাজ করার বিরাট একটা সুযোগ তৈরি হল। তাদের জন্য ভাল আয়-রোজগারের পথ খুলে গেল। তারা গ্রামে উপার্জনের অর্থ পাঠাতে শুরু করল, তাদের পুরো পরিবারের জীবনের মান উন্নত হতে শুরু করল",,,,,
"এটি পৃথিবীর অন্যতম সবচেয়ে ঘনবসতিপূর্ণ একটি শহর এলাকা, যে এলাকা কারখানায় ঠাসা। সেখানকার অসংখ্য কারখানায় তৈরি পোশাকআশাক ও অন্যান্য পণ্য সামগ্রী সেখান থেকে চালান যায় সারা বিশ্বের নানা দেশে।",,,,,
"গ্রাম থেকে বিশাল সংখ্যক মানুষ কাজের সন্ধানে শহরে গেছেন, কিন্তু রাষ্ট্রীয় ব্যবস্থার কারণে পরিবার ও সন্তানদের তারা গ্রামেই রেখে আসতে বাধ্য হয়েছেন। পরিবারগুলো বিচ্ছিন্ন হয়ে গেছে।",,,,,
"সবচেয়ে বড় সমস্যা হয়েছে তাদের শিক্ষার কারণে। যারা গ্রামের বাসিন্দা, শহরের হুকো ব্যবস্থায় তাদের নাম নথিভুক্ত নেই, কারণ তারা শহরের স্থায়ী বাসিন্দা নন। ফলে যে শহরে বাবার কর্মস্থল, সেখানে তাদের ছেলেমেয়েদের সরকারি স্কুলে ভর্তি হওয়ার কোন সুযোগ নেই।",,,,,
এসব ছেলেমেয়ে লেখাপড়া শেষ করে হয়ত বাবার পদাঙ্কই অনুসরণ করবে- নিজেও শহরে কাজের খোঁজে ছুটবে। কিন্তু বেড়ে ওঠার বছরগুলোতে তারা একা। বাপমায়ের সাথে তাদের কোন বন্ধন নেই- বরং তৈরি হচ্ছে একটা বিশাল মানসিক দূরত্ব। পরিবারের স্বাভাবিক কাঠামো ভেঙে যাচ্ছে। একটা গোটা প্রজন্ম একাকীত্বের শিকার।,,,,,
চীনের বিভিন্ন গ্রামে এধরনের লাখো লাখো তরুণতরুণী বাবামার সান্নিধ্য না পেয়ে বড় হচ্ছে। তাদের জীবন থেকে হারিয়ে যাচ্ছে একটা গুরুত্বপূর্ণ অধ্যায়।,,,,,
সন্তানদের জীবন সম্পর্কে শিক্ষা দেবার এই গুরুত্বপূর্ণ সময়টাতে বাবামা তাদের পাশে থাকতে পারছেন না। কারণ সরকারি ব্যবস্থার বাইরে এসব বাবামায়ের শহরে সন্তানকে কাছে রেখে বড় করার আর্থিক সামর্থ্য নেই।,,,,,
"সবচেয়ে বড় বিষয় হল, এই বইয়ে যিনি গল্প বলছেন - অর্থাৎ আমি- কোন কল্পিত চরিত্র নই- আসল রক্তমাংসের মানুষ। ওই গ্রামের সাথে জড়িয়ে আছে আমার আবেগ। তাই ওই গ্রামের স্মৃতি আমার বইয়ের পাতায় পাতায় - সেখানে আমি বড় হয়েছি, খুব কাছ থেকে গ্রামটাকে দেখেছি। গ্রামের পরিবর্তন আমি নিজের চোখে দেখেছি।",,,,,
"গ্রাম যদি টিকে থাকার উপযুক্ত না হয়, সে কারণে যদি গ্রামীণ জনপদের মৃত্যু ঘটে, আমি সেটা মেনে নেব। কিন্তু মানুষের আরও সৃজনশীল হওয়া প্রয়োজন বলে আমি মনে করি।",,,,,
গ্রামের আশপাশের শহরগুলোতে কাজের সুযোগ তৈরি হলে মানুষ ঘনঘন গ্রামে ফেরত যেতে পারবে - সন্তানদেরও অনেক বেশি সান্নিধ্য দিতে পারবে। ,,,,,
চীনে উন্নয়ন ও নগরায়নের প্রভাব নিয়ে তিনি তার গবেষণার কাজ চালিয়ে যেতে চান। চীনা সমাজে বিশাল এই পরিবর্তনের প্রতিফলন তিনি ধরতে চান একটি গ্রামের আয়নায়।,,,,,
চীনের অর্থনীতির গতি কমে যাওয়ায় সে দেশের মানুষের মধ্যে নতুন একধরনের প্রবণতা তৈরি হয়েছে। অর্থনীতিতে চাঙাভাব কমে যাওয়ার কারণে কর্মসংস্থানের সুযোগ কমছে। ফলে দেশটির অনেক তরুণ এখন ‘শুয়ে-বসে থাকা’র নীতি গ্রহণ করেছেন।,,,,,
"মানুষ নিজের পছন্দের জীবন কাটানোর জন্য যতটুকু কাজ না করলেই নয়, সেটা হলো চীনের পরিভাষায় শুয়ে-বসে থাকা।",,,,,
"অনেক চীনা তরুণ-তরুণী এখন শুয়ে-বসে থাকার নীতি গ্রহণ করেছেন। ঠিক কতসংখ্যক তরুণ করপোরেট চাকরি না করে এভাবে শুয়ে-বসে থাকার নীতি গ্রহণ করেছেন, তার সঠিক পরিসংখ্যান নেই।",,,,,
"চীনের অনেক স্নাতক বলেছেন, এখন তাঁরা নিয়মিত চাকরি ছেড়ে জীবিকা উপার্জনের ভিন্ন পথ খুঁজছেন, অর্থাৎ তাঁরা এ ক্ষেত্রে ছাড় দিচ্ছেন।",,,,,
"চু ই বলেন, ‘আমার কাছে কাজ করার তেমন কোনো মানে নেই। চাকরির অর্থ হলো, বসের জন্য কাজ করা বা তাঁকে খুশি করা, সে জন্য আমি চাকরি ছেড়ে দেওয়ার সিদ্ধান্ত নিয়েছি’।",,,,,
গত অর্ধ শতকের মধ্যে চীনের অর্থনীতি এখন সবচেয়ে শ্লথগতির সম্মুখীন। এই পরিস্থিতিতে জেন জি–কে সন্তুষ্ট করা চীনের নীতি প্রণেতাদের জন্য অনেক বড় চ্যালেঞ্জ। ,,,,,
অর্থনৈতিক শ্লথগতির কারণে পরিস্থিতির অবনতি হয়েছে। এই পরিস্থিতিতে তরুণদের পক্ষে সামাজিক অসমতা ও ক্রমবর্ধমান রাজনৈতিক নিয়ন্ত্রণজনিত পরিস্থিতি মোকাবিলা করা খুব চ্যালেঞ্জিং বলে মনে করেন বিশ্লেষকেরা।,,,,,
"লিউ-এর বাবা –মা দুজনেই তখন চাকরী করেন। তারা যদি দ্বিতীয় সন্তান নিতেন, তাহলে চাকরী হারাতে হতো। “আমার মা দু’বার সন্তান সম্ভবা হয়েছিলেন। কিন্তু দু’বারই তাকে গর্ভপাত করাতে হয়েছে। কারণ চীনে তখন এক সন্তান নীতি।সবাই সে আইন জানতো।”",,,,,
"একমাত্র সন্তান হবার কারণে বাবা –মায়ের সব প্রত্যাশা ছিল তাকে ঘিরে। স্কুলে ভালো ফলাফল করা, ভালো চাকরী করা, সঠিক মানুষটিকে বিয়ে করা – এ ধরনের সব প্রত্যাশা।",,,,,
পিকিং বিশ্ববিদ্যালয়ের তৎকালীন প্রেসিডেন্ট মাও ইয়েনচু অধিক জন্মহার নিয়ে উদ্বিগ্ন ছিলেন। তিনি বিষয়টি চীনের নেতা মাও সেতুং-এর কাছে তুলে ধরেন। কিন্তু জন্মহার কমানোর বিষয়টি মাও সেতুং পছন্দ করেননি। কারণ তখন চীনে মনে করা হতো অধিক জনসংখ্যা মানে অধিক কর্মক্ষম মানুষ। সেজন্য তখন পরিবারগুলোকে বেশি সন্তান নিতে উৎসাহ দেয়া হতো।,,,,,
এখন এক সন্তান হবার কারণে ইউয়েন ইউ-এর কন্যা অনেকটা স্বাবলম্বী। সে নিজে সিদ্ধান্ত নিতে শিখেছে এবং কিভাবে বন্ধু তৈরি করতে হয় সেটিও সে জানে। তার মেয়ে স্বাধীন এবং পরিশ্রমী।,,,,,
"প্রাচীন চীনে বিয়ের মোট ছয়টি অনুষ্ঠান আছে , এগুলোর মধ্যে আছে মেয়েপক্ষকে যৌতুক দেওয়া অনুষ্ঠান , বিবাহের বাগদান অনুষ্ঠান আর বিয়ের ভোজ ইত্যাদি । ",,,,,
"অতীতকালে একটি ছেলে যদি এক মেয়েকে পছন্দ করতেন , তাহলে তিনি মেয়ের বাড়ীতে বিয়ের প্রস্তাব করতে ঘটককে পাঠাতেন । যাওয়ার আগে ছেলেটি ঘটককে কিছু উপহার দেয়া ছাড়াও মেয়েকেও কিছু উপহার দিতেন । ",,,,,
"ঘটক দু পক্ষের নাম , বয়স আর পারিবারিক অবস্থা প্রভৃতি তথ্য দু পক্ষকে জানিয়ে দিত । দু পক্ষ মোটামুটি রাজি হলে ঘটক মেয়ে পক্ষের বাড়ীতে ছেলে পক্ষ যাওয়ার দিন বেছে দিত । ",,,,,
সাদ ইবনে আবু ওয়াক্কাস নামের মহানবীর এক সাহাবি ইসলামের দাওয়াত নিয়ে প্রথম চীনে আসেন ৬৫০ খ্রিষ্টাব্দে। তাং সম্রাট ইয়াং উই পছন্দ করেন এই সাহাবির বয়ে আনা বার্তা। তিনি দেখলেন যে ইসলামের বার্তা সে সময়কার সনাতনী কনফুসিয়াসের মতবাদের সঙ্গে অনেকটাই সামঞ্জস্যপূর্ণ। রাজার পৃষ্ঠপোষকতায় শিয়ান শহরে একটি মসজিদ বানানো হয়। চীনের প্রথম এই মসজিদটি বানানো হয় চীনা সনাতন পদ্ধতির বৌদ্ধ প্যাগোডার কায়দায়।,,,,,
বসন্তকালে চীনে ফুল ফোটার সময় এবং ছুটিতে প্রতিটি দর্শনীয় স্থানে লোকে লোকারণ্য হয়ে ওঠে। গত দশ বছরে বিদেশে চীনা পর্যটকের সংখ্যা বছরে ১৮ শতাংশ হারে বেড়েছে এবং পর্যটনের ধারাও পরিবর্তিত হয়েছে। ,,,,,
বসন্তকালে চীনে ফুল ফোটার সময় এবং ছুটিতে প্রতিটি দর্শনীয় স্থানে লোকে লোকারণ্য হয়ে ওঠে। গত দশ বছরে বিদেশে চীনা পর্যটকের সংখ্যা বছরে ১৮ শতাংশ হারে বেড়েছে এবং পর্যটনের ধারাও পরিবর্তিত হয়েছে। ,,,,,
চীনা পর্যটকরা ১ মে থেকে নিউজিল্যান্ডে দুই বছরের মাল্টিপল-এন্ট্রি ভিসার জন্য আবেদন করতে পারছে। ২০১২ সালে ব্রিটেন ৩ লাখ চীনা নাগরিকের ভিসা আবেদন গ্রহণ করে এবং ৯৬ শতাংশকেই ভিসা দেয়।,,,,,
চীনে আসার আগে সবচেয়ে নেতিবাচক যে বিষয়টি সম্পর্কে সবার মুখে শুনেছি তা হলো একজন মুসলিম হিসেবে এখানে জীবনযাপন অনেক কঠিন। ,,,,,
"বেশ খানিকটা দ্বিধা দ্বন্দ্ব মনে শুরু হলো চলার পথ। কিন্তু এখানে আসার পর থেকে ধারণা অনেকটাই পাল্টে গেল নিজ চোখে দেখে। আমার বসবাস চায়নার খুব পরিচিত জনপ্রিয় নগরী লানজু(Lanzhou) সিটিতে। যেটা একদিকে যেমন মুসলিম অধ্যুষিত প্রদেশ, অন্যদিকে এ নগরেই রয়েছে চায়নার সেই বহুল আলোচিত হোয়াংহো নদী বা Yellow River. ",,,,,
কিন্তু চায়নাতে বসবাস করছে অন্য প্রভিন্সের এমন অনেক বাংলাদেশীদের সাথে কথা বলে জানতে পারলাম কেউ অন্তত এখন পর্যন্ত ধর্মীয় প্রতিবন্ধকতার সম্মুখীন হয়নি। ,,,,,
"চীনে ইসলাম ধর্মের ধর্মীয় স্থান কিংবা মসজিদের সংখ্যা এদেশের পাঁচটি ধর্মের মধ্যে সবচেয়ে বেশি, ৩৯ হাজারেরও অধিক।",,,,,
"আমার দেখা বিশ্বের অসংখ্য মুসলিম দেশের মানুষের বসবাস এখানে। পড়াশোনা, চাকরি বা ব্যবসা-বানিজ্যের কারণে এরা মূলত চীনে আসে। অন্যান্য অনেক নন-মুসলিম দেশের পাশাপাশি পাকিস্তান, ইয়েমেন, ইরাক, ইরান, সুদান, তাজাকিস্তান,",,,,,
"নানা আনুষ্ঠানিকতা ও উৎসব মুখোর পরিবেশে চীন জুড়ে উদযাপিত হচ্ছে চীনা বসন্ত উৎসব ও চান্দ্র নববর্ষ। ঐতিহ্যবাহী লোকপ্রথা, বাহারি খাবার, সাজসজ্জা, পারফর্মিং আর্ট ও অবৈষয়িক সাংস্কৃতিক ঐতিহ্যের মধ্য দিয়ে উদযাপিত হচ্ছে এ উৎসব। ",,,,,
"এ সব জায়গায় অন্যান্য আয়োজনের পাশাপাশি সিংহনৃত্য, ড্রাগননৃত্য এবং সর্পাকৃতির নৃত্য পরিবশন করা হয়। প্রতিবছর দেশটির চান্দ্র ক্যালেন্ডার অনুযায়ী জানুয়ারি থেকে ফেব্রুয়ারির মধ্যেই উদযাপিত হয় এ উৎসব।",,,,,
"চীনাদের প্রথা অনুযায়ী, চান্দ্র ক্যালেন্ডারে রাশিচক্রের ১২টি প্রাণী নির্ধারিত থাকে। আর এসব নির্ধারিত প্রাণী থেকে প্রতি বছরই একটি করে প্রাণীর নামানুসারে চান্দ্র-নববর্ষ বা লুনার নিউ ইয়ার উদযাপন করা হয়। এ বছরকে ধরা হয়েছে সর্পবর্ষ।",,,,,
"চান্দ্র নববর্ষ ২০২২ শুরু হচ্ছে পয়লা ফেব্রুয়ারি। চীন, পূর্ব এশিয়া এবং বিশ্বের বিভিন্ন জায়গায় চীনা নববর্ষ উদযাপিত হচ্ছে আজ। চীনা ক্যালেন্ডার অনুযায়ী নতুন এই বর্ষ উদযাপিত হচ্ছে চীন ছাড়াও পূর্ব এশিয়ার কয়েকটি দেশে।",,,,,
"নববর্ষ উদযাপিত হচ্ছে খাওয়াদাওয়ার ব্যাপক আয়োজন, পাশাপাশি বর্ণাঢ্য শোভাযাত্রা আর নতুন বছরে সৌভাগ্য কামনা করে প্রার্থনা অনুষ্ঠানের মধ্যে দিয়ে।",,,,,
শীত মরশুমের সবচেয়ে ছোট দিন ২১শে ডিসেম্বরের পর দ্বিতীয়বার যখন নতুন চাঁদ ওঠে তার পরের দিন থেকে শুরু হয় উৎসবের উদযাপন। চীনের চান্দ্র ও সৌর মিশ্র ক্যালেন্ডারে এটি প্রথম অমাবস্যার পর নতুন চাঁদ ওঠার দিন।,,,,,
এটি বসন্ত উৎসব হিসাবেও পরিচিত। পুরনো বছরকে বিদায় দিয়ে নতুন বছরকে স্বাগত জানানোর মধ্যে দিয়ে সৌভাগ্য ও সমৃদ্ধি কামনাই সাধারণত নববর্ষ উদযাপনের রীতি। চীনারা তাদের ক্যালেন্ডার ষাঁড়ের বছরকে বিদায় দিয়ে আজ বাঘের বছরকে স্বাগত জানাচ্ছে।,,,,,
"চীনে বসন্ত উৎসব দেখার অভিজ্ঞতা আমার জীবনের স্মরণীয় স্মৃতিগুলোর একটি। চীনা নবর্ষ উদযাপনের অভিজ্ঞতা হয়েছিল বেইজিংয়ে বেশ কয়েক বছর আগে। তখন আতশবাজির যে খেলা দেখেছিলাম তা মনভোলানো, চোখ ধাঁধানো। ",,,,,
"চায়নিজ নিউ ইয়ার বা চীনা নববর্ষ বর্ণাঢ্য সংস্কৃতি হিসেবে সারা বিশ্বেই স্বীকৃতি। এই নববর্ষ শুধু যে চীন দেশে হয় তা নয়। কোরিয়া, সিংগাপুর, মালোয়েশিয়া, ভিয়েতনামেও একই সময়ে বা কাছাকাছি সময়ে এই উৎসবটি পালন করা হয়। ",,,,,
চীনের লোকজ সংস্কৃতি অতি সমৃদ্ধ। পাঁচ হাজার বছরের সভ্য এ দেশটিতে রয়েছে নানা রকম সাংস্কৃতিক উৎসব অনুষ্ঠান। ,,,,,
"চীনে ৫৬টি জাতিগোষ্ঠির মানুষ বাস করে। এদের মধ্যে সংখ্যাগরিষ্ঠ হলো হান জাতি। আরও রয়েছে ইয়াও, ই, বাই, দাই, মিয়াও, তাজিক, কাজাখ, হুই, মঙ্গোল, উইগুর, উজবেকসহ নানা জাতির মানুষ।",,,,,
চীনে নতুন বছর শুরু হয় বসন্ত উৎসব দিয়ে। উত্তর চীনে ঘোর শীতের মধ্যে। চারিদিকে তুষার। এরই মধ্যে শুরু হয় নতুন বছরের উৎসব যার নাম বসন্ত উৎসব।,,,,,
অবশ্য দক্ষিণ চীনে তখন অত শীত থাকে না। সাধারণত জানুয়ারি বা ফেব্রুয়ারি মাসে চায়নিজ নিউ ইয়ার হয়।,,,,,
"নববর্ষ উৎসবের অনেক নাম। কেউ বলে কুয়ো নিয়েন, কেউ বলে নংলি শিননিয়েন, কেউ বলে ছুন চিয়ে বা বসন্ত উৎসব। বসন্ত উৎসব চীনের সবচেয়ে বড় উৎসব। ",,,,,
অনেকেই জানেন চীনের বছর হলো চান্দ্র বৎসর। আর ওদের একেকটা বৎসর একেকটা রাশির প্রতীক। ১২ বছর পর পর রাশিগুলো ঘুরে ঘুরে আসে।  ,,,,,
এটি বসন্ত উৎসব হিসাবেও পরিচিত। পুরনো বছরকে বিদায় দিয়ে নতুন বছরকে স্বাগত জানানোর মধ্যে দিয়ে সৌভাগ্য ও সমৃদ্ধি কামনাই সাধারণত নববর্ষ উদযাপনের রীতি। চীনারা তাদের ক্যালেন্ডার ষাঁড়ের বছরকে বিদায় দিয়ে আজ বাঘের বছরকে স্বাগত জানাচ্ছে।,,,,,
"সুশি সাধারণত মাছ, শাকসবজি, ডিম, ভাত এবং সামদ্রিক শ্যাওলা দ্বারা তৈরী করা হয়। এটা জাপানের খুবই জনপ্রিয় খাবার।",,,,,
"জাপানিদের খাবারে সামুদ্রিক খাবার, সয়াবিন,  ফারমেন্টেড ফুড, চা এবং মাছের মতো জিনিস বেশি দেখা যায়। তাঁরা মাংস, চিনি, আলু, দুগ্ধজাত দ্রব্য এবং এমনকি ফলের দিকে খুব কম মনোযোগ দেন। জাপানি খাদ্য বিশ্বের সবচেয়ে সুষম খাদ্য হিসাবে বিবেচিত হয়। তাদের ত্বকের মানও ভালো।",,,,,
"নুডুলস, স্যুপ, ভাত হচ্ছে জাপানের প্রধান খাবার।তবে নুডুলসের মধ্যে অনেক প্রকার ভেদ আছে। যেমন: Udon Noodles এবং Soba Noodles । আর জাপানিরা এসব খাবারের সাথে প্রচুর আচার এবং সয়া সস মিশিয়ে খায়।",,,,,
"জাপানিরা তাদের খাবার পুঙ্খানুপুঙ্খভাবে চিবিয়ে খেতে পছন্দ করেন। এখানকার মানুষ খুব ধীরে ধীরে খাবার খান। সেই কারণে, তারা রাতের খাবার টেবিলে পরিবারের সদস্য এবং বন্ধুদের সাথে কথা বলার জন্য সময় পান, যা সম্পর্ককে শক্তিশালী করে এবং তাদের পারিবারিক শান্তি দেয়। খাবার ভালোভাবে চিবিয়ে খেলে আমাদের হজমশক্তিও ঠিক থাকে।",,,,,
"জাপানকে ' চা প্রেমিক দেশ'ও বলা হয়। এখানকার মানুষ প্রচুর চা পান করেন। জাপানিরা তাদের ঐতিহ্যবাহী ম্যাচা চা পান করতে পছন্দ করে, যার অনেক পুষ্টিগুণ রয়েছে যা শরীরের উপকার করে।",,,,,
"দিনের খাদ্যতালিকায় সকালের ব্রেকফাস্ট  সবচেয়ে গুরুত্বপূর্ণ। জাপানিরা কখনই ব্রেকফাস্ট  করতে ভুলবেন না। সেদ্ধ ভাত, পোরিজ বা সেদ্ধ মাছের মতো স্বাস্থ্যকর জিনিস তাদের সকালের ব্রেকফাস্টে দেখা যায়। এই ধরনের খাবার তাদের খিদে  নিবারণ করে এবং অস্বাস্থ্যকর জিনিস খাওয়া থেকে বিরত রাখে।",,,,,
"জাপানে একটা জিনিস খুব বিখ্যাত। অর্থাৎ, 'পাকস্থলী ৮০  শতাংশ পর্যন্ত না ভরা পর্যন্ত খাবার খান'। এটি জাপানে কঠোরভাবে অনুসরণ করা হয়।",,,,,
"জাপানের লোকেরা চিনি বা মিষ্টি জাতীয় খাবার থেকে দূরে থাকতে পছন্দ করেন। জাপানেও অনেক জনপ্রিয় ডেজার্ট আছে, তবে এখানকার মানুষ নোনতা খাবারের দিকে বেশি ঝুঁকে থাকেন।",,,,,
জাপানিরা কম রান্না করা খাবার খেতে পছন্দ করেন। এখানে মানুষ বেশি করে  সিদ্ধ ও অল্প ভাজা খাবার খান। আরেকটি বিশেষ বিষয় হলো জাপানিরা রান্নার সময় খুব কম তেল ব্যবহার করেন।,,,,,
"আপনি কি জানেন যে জাপানি হোটেলের সমস্ত প্রধান খাবারে রুটি বা রুটির পরিবর্তে ভাত পরিবেশন করা হয়। এখানকার মানুষ রুটি বা রুটির চেয়ে ভাত খেতে বেশি পছন্দ করেন। রুটি বা ব্রেড মিহি ময়দা দিয়ে তৈরি, যা জাপানিরা খাওয়া এড়িয়ে চলেন।",,,,,
"যেসব মানুষের খাবারের তালিকায় ঘনঘন থাকে সাদা ভাত, মিসো স্যুপ, সয়াবিনজাত খাবার, রান্না করা শাকসবজি, সামুদ্রিক শৈবাল, মাছ ও গ্রিন টি—তাদের মধ্যে হতাশার লক্ষণ দেখা যাওয়ার হার তুলনামূলকভাবে কম।",,,,,
"গবেষকরা প্রত্যেক অংশগ্রহণকারীর খাদ্যাভ্যাস, ঘুম, মদ্যপান ও মানসিক অবস্থার ওপর একটি বিস্তৃত প্রশ্নমালা তৈরি করেন। এর ভিত্তিতে তারা তৈরি করেন ‘ট্র্যাডিশনাল জাপানিজ ফুড স্কোর’। যাদের খাদ্যতালিকায় নিয়মিত ছিল সাদা ভাত, মিসো স্যুপ, সয়াবিনজাত খাবার, রান্না করা সবজি, মাশরুম, সামুদ্রিক শৈবাল, মাছ এবং গ্রিন টি, তারা পেয়েছেন বেশি স্কোর।",,,,,
"এটি কোনো একটি নির্দিষ্ট খাবারের গুণাগুণ বিশ্লেষণের বদলে পুরো খাদ্যধারাকেই প্রাধান্য দিয়েছে। আগে যেমন 'নাট্টো (গাঁজন করা সয়াবিন)' এককভাবে স্বাস্থ্যকর খাবার হিসেবে বিবেচিত হতো,",,,,,
"ঐতিহ্যবাহী জাপানি খাবার নিখুঁত নয়। সাদা ভাতে ফাইবার কম, দুধ বা কাঁচা শাকসবজি ও ফলমূলও কম থাকে এই খাদ্যধারায়। আবার আচারজাত খাবার ও শুকনা মাছে সোডিয়াম থাকে অনেক বেশি।",,,,,
জাপানে আসার পর বেশ কিছু অভিজ্ঞতা কাঁধে ঝুলেছে। তার মধ্যে অন্যতম হলো খাওয়া-দাওয়া। দেশটির মানুষগুলোকে বলা চলে এক ধরণের ভোজন বিলাসী। ,,,,,
"বাহারি খাবার দেখলে যে কারও মন খেতে চাইবে। আর চাইবে না কেন, এরা তো বাসায় রান্না করে না। সকালের নাস্তা থেকে শুরু করে রাতের খাবার পর্যন্ত এরা বারো মাসই কিনে খায়। ",,,,,
সুসি আর কিছু সব্জির খাবার (জাপানিরা বলে ন্যাবে) ছাড়া অন্য কোন খাবার না খেলেও ল্যাবমেটদের কাছ থেকে চিনে নেয়া খাদ্য তালিকাও দীর্ঘ হয়েছে। তাই এই খাবারের কিছু বর্ণনা দেয়া প্রয়োজন বটে। জাপানের খাবারের তালিকা কত তা তারা নিজেরাও জানে না।,,,,,
সুসি জাপানের একটি মৌলিক খাবার। সুসির প্রকারভেদ রয়েছে। জাপানের ঐতিহ্যবাহী আঁঠালো ভাতের ওপর জড়ানো থাকে এধরনের গাঢ় সবুজ শুকনো সামুদ্রিক শৈবাল। ,,,,,
"কাঁচা মাছের টুকরার ভেতর লুকানো আঁঠালো ভাত হয়ে যায় ফিস সুসি, যাকে জাপানিরা ওনেগিরিও বলে থাকে। এছাড়া এক ধরণের মাছের ডিম যা দেখতে আমাদের দেশে তেলে ভাজা বুইন্দার মতো। এই ডিম দিয়ে করা হয় গুনকানজুসি।",,,,,
ওকোনেমিয়াকিতে বাঁধাকপির ওপর ময়দা আর বাটারের পলেপের মধ্যে লুকিয়ে রাখা হয় অর্ধসেদ্ধ মাংশ টুকরা। এরপর আগুনে সেকে পেয়াজের সস দিয়ে পরিবেশন করা হয়। জাপানের সর্বত্র জনপ্রিয় এই খাবার।,,,,,
জাপানের আঞ্চলিক খাবারও রয়েছে। দেশটির অন্তত ৮টি অঞ্চল খাবারের জন্য প্রসিদ্ধ। এই খাবারের জন্য জাপানিরা হন্তদন্ত হয়ে ছুটির দিনগুলোতে ছুটাছুটি করে।,,,,,
সাধারণত এপ্রিলের শেষ দিকে জাপানে বাঁশ খাওয়ার উৎসব হয়ে যায়। প্রথমবার নিজেও বাঁশ বাগান থেকে কচি বাঁশ সংগ্রহ করেছিলাম ল্যাবমেটদের সাথে। এই কচি বাঁশ বিশেষ প্রক্রিয়ায় কয়েকদিন রেখে দেয়ার পর টুকরো টুকরো করে কাটা হয়। ,,,,,
দেশে থাকতে এক আলুসেদ্ধ ভাত ছাড়া কিছু রান্না করতে পারতাম না। কিন্তু জাপানি খাবার না খেতে পারায় শীতের এই দেশে এসে ধীরে ধীরে বার্বুচির খেতাব পাওয়া শুরু করেছি। সব কিছু ছাপিয়ে বাঙালি খাবারের যে কতটা কদর টের পেয়েছি। ,,,,,
"জাপানের জাতীয় খাবার অত্যধিক নিখুঁত ও  স্বাস্থ্যকর খাবার।জাপানের সমস্ত ঐতিহ্যবাহী খাবারগুলি সুন্দরভাবে সজ্জিত করা হয়।জাপানিরা বলে ""খাদ্য একজন ব্যক্তির মতো।ব্যক্তির মতো খাবারও একটি শালীন সমাজে নগ্ন অবস্থায় উপস্থিত হতে পারে না।""",,,,,
"ওসাকার ইবারাকি মসজিদে প্রতি শনিবার রাতের খাবারের আয়োজন থাকে। মাসে একবার বাঙালিদের খাবার পরিবেশন করতে হয়। ওই দিন ইয়েমন, মিশর, মালয়েশিয়া, ইন্দোনেশিয়ার মুসলিমরা যে পরিমাণ ভিড় জমায় তা অন্য দিনগুলোকে হার মানায়।",,,,,
"জাপানের ভৌগোলিক বৈশিষ্ট্য, সমুদ্র এবং মহাসাগর দ্বারা পরিবেষ্টিত কারণে, মাছ এবং সীফুড খাবার খুব জনপ্রিয়। অবশ্য জাপানিরা মাংস খায় তবে ইউরোপের তুলনায় অনেক কম। ",,,,,
"দেশের সর্বত্র আদিবাসীদের দ্বারা তৈরি সবচেয়ে সাধারণ ডিশ রামেন।এ ডিশের মিশ্রণ খুব সহজ। রামেন রান্না করতে লাগে  মাংস,মাছ,ডিম, বিভিন্ন প্রকারের শস্য এবং গম নুডলস।রামেন রান্না করার সময় সুগন্ধি করার জন্য বিভিন্ন শাক-সব্জি বা শিকড় ব্যবহার করে।এটি খুব সুস্বাদু।",,,,,
"জাপানের প্রধান জাতীয় খাবারের মধ্যে  সুশি একটি।  ডিশটি একটি ছোট বল বা রোল। রোল করা হয় যা বিভিন্ন ধরনের মাছ, শাকসবজি, ভাত, ডিম, শেত্তলা দিয়ে। সাথে সয়া সস ব্যবহৃত হয় খাওয়ার সময়।",,,,,
"চালের তৈরি জনপ্রিয় একটি খাবার তাহান। তাহান শুয়োরের মাংস, মুরগির, এবং সীফুড দিয়ে রান্না করা হয়।",,,,,
"টেম্পুরা সবজি বা সীফুড খাবার। এই  খাবারটির  মধ্যে ভাজা পিঁয়াজ ব্যবহার করে জাপানিরা। এই খাবারটি  তৈরি করা সহজ তাই, এটি প্রায়ই জাপানি মেনুতে পাওয়া যায়।টেম্পুরাতে চিংড়ি, বাঁশ, মরিচ বা পেঁয়াজ ব্যবহার করা হয়।",,,,,
মাছ বা পাকা বরই সঙ্গে একটি বাটি চাল দিয়ে বানানো হয় ওনিগিরি।ওনিগিরিকে জাপানের ব্যবসায়ের খাদ্য হিসেবে উল্লেখ করা হয়।,,,,,
" মাংস,সবজি, মাশরুম, পেঁয়াজ এবং একটি বিশেষ ধরনের নুডলস যোগ করে রান্না করা হয় সুকিয়াকি।সুকিয়াকি যে পাত্রে রান্না করা হয় সে পাত্রেই  পরিবেশন করা হয়।",,,,,
১৯ শতকের  সময় থেকে জাপানী খাবারে ব্যবহৃত হয় ফুগু।ফুগু একটি বিপজ্জনক মাছ। ফুগু সব রেস্তোরাঁতে পাওয়া যায় না কারণ মাছটি খুব ব্যয়বহুল। রেস্তোরাঁতে ফুগু রাখতে একটি বিশেষ লাইসেন্স এবং অভিজ্ঞতা প্রয়োজন।ফুগু রান্না নিয়ম সঠিকভাবে অনুসরণ না করলে  ডিশটি মারাত্মক হতে পারে।ফুগু খুব বিষাক্ত একটি মাছ। ,,,,,
"দীর্ঘ জীবন সবারই কাম্য। আর সেই জীবন যেন হয় সচল ও সুস্থ, সে চেষ্টা বিশ্বজুড়ে আমরা সবাই করি। আর এদিক থেকে অন্যান্য দেশের তুলনায় জাপান অনেকটা এগিয়ে। সম্প্রতি সিএনবিসির এক প্রতিবেদনে জাপানি পুষ্টিবিদ আশিকো মিয়াসিতা জানিয়েছেন দীর্ঘ জীবনের মূলমন্ত্র। এটা মূলত খাদ্যাভ্যাসের সঙ্গেই ওতপ্রোতভাবে জড়িত বলে তিনি মনে করেন।",,,,,
"মিয়াসিতা বলেন, জাপানে খাবারকে ওষুধের মতোই ভাবা হয় শরীর সুস্থ রাখতে। আর এ জন্যই আসলে বিশ্বের সবচেয়ে দীর্ঘায়ু জনগোষ্ঠীর বাস এ দেশেই। বর্তমানে এক লাখের কাছাকাছি শতবর্ষী মানুষের বাস সেখানে।",,,,,
"জাপানি ভাষায় ইমো নামে পরিচিত এই মিষ্টি আলু। স্ন্যাক অথবা মিষ্টি খাবার হিসেবে জনপ্রিয় এখানে এটি। এতে জটিল শর্করা থাকায়, খেলে অনেকক্ষণ ক্ষুধা পায় না। আবার অ্যান্থোসায়ানিন গ্রুপের অ্যান্টি–অক্সিডেন্ট থাকায় মিষ্টি আলু জরার প্রভাব কমায়। গবেষণায় এ–ও দেখা গেছে, মিষ্টি আলু ডায়াবেটিস ও হৃদ্‌রোগের প্রকোপ কমাতে পারে।",,,,,
জাপানে ফার্মেন্ট করা বা গাঁজানো খাবারের যথেষ্ট কদর রয়েছে। এর মধ্যে জাপানি খাবারের রোজকার উপকরণ মিসো অন্যতম। সয়া ও অন্যান্য শস্যদানা গাঁজিয়ে মিসো বানানো হয়।,,,,,
"ফার্মেন্ট করা খাবারের প্রোবায়োটিক, লাইভ কালচারড ব্যাকটেরিয়া আর ইস্ট পরিপাকতন্ত্র ভালো রাখে, ইমিউন সিস্টেমকে করে শক্তিশালী। একটি নির্ভরযোগ্য গবেষণা বলে, যাঁরা নিয়মিত এমন ফার্মেন্টেড খাবার খান, তাঁদের অকালমৃত্যুর হার ১০ শতাংশ পর্যন্ত কম হয়।",,,,,
ঢাউস আকারের ডাইকন মুলা খুবই জনপ্রিয় জাপানে। এই মুলা সর্দিকাশি থেকে দূরে রাখে আর রোগ প্রতিরোধক্ষমতা বাড়ায়। এই মুলা একটি খেলে দিনের ভিটামিন সির চাহিদা ১২৪ শতাংশ পূরণ হয়।,,,,,
"সুশি আর রামেনের মতো জনপ্রিয় জাপানি খাবারের কল্যাণে আমরা সবাই সি-উইড বা সামুদ্রিক শেওলা চিনি। এই খাবার আয়রন, ক্যালসিয়াম, ফোলেট আর ম্যাগনেশিয়ামে ঠাসা। জাপানিদের প্রতিদিনের খাদ্যতালিকায় থাকবেই বিভিন্ন কায়দায় ব্যবহৃত এই সি-উইড। ",,,,,
"জাপানে প্রোটিনের মূল উৎসই মাছ। স্যামন আর টুনার মতো মাছ সেখানে সাশিমি আর সুশিতে কাঁচাই খাওয়া হয়। আরও সব মাছ থাকে প্রতিদিনের মেনুতে। এই মাছের ওমেগা-থ্রি ফ্যাট রক্তচাপ কমায়, রক্তের ট্রাইগ্লিসারাইড কমায় আর প্রদাহ প্রশমন করে।",,,,,
"জাপানের ঐতিহ্যবাহী রন্ধনপ্রণালী 和食 বা ওয়াশোকু চালের উপর ভিত্তি করে তৈরী হয়। এখানে মৌসুমী উপাদানগুলোর বেশ প্রভাব আছে। খাবারে সহযোগী পদে প্রায়ই মাছ, শাকসব্জীর আচার এবং ঝোলওয়ালা শাকসব্জির তরকারি থাকে। ",,,,,
মপুরার মত পাতলা গোলায় মাখিয়ে সামুদ্রিক খাবার এবং শাকসব্জি প্রায়ই কড়া ভাজা করা হয়। সামুদ্রিক খাবার প্রায়ই ভাজা হয় আবার অনেক ক্ষেত্রে সাশিমি হিসেবে কাঁচা বা সুশীতে পরিবেশিত হয়।,,,,,
ভাত ছাড়াও নুডলস যেমন সোবা ও উডন ইত্যাদি প্রধান খাবার হিসেবে পরিবেশিত হয়। জাপানে অনেক মজাদার খাবার রয়েছে যেমন মাছের ঝোল ওডেন এবং সুকিয়াকি ও নিকুঞ্জাগায় গোমাংস। ,,,,,
"বৈদেশিক খাদ্য দ্বারা অনুপ্রাণিত খাবার - বিশেষ করে চীনা খাবার যেমন র‌্যামেন, ফ্রাইং ডাম্পলিংস এবং গয়জা জাপানে গৃহীত হয়েছে।",,,,,
তবে জাপানী স্বাদ ও উপাদান ব্যবহৃত হয়ে এগুলোতেও আলাদা বৈচিত্র এসেছে। ঐতিহাসিকভাবে জাপানিরা কম মাংস গ্রহণ করতো। ,,,,,
জাপান হচ্ছে একটি দ্বীপদেশ যা মহাসাগর দ্বারা পরিবেষ্টিত। এখানকার মানুষ সবসময় প্রচুর সীফুড খাওয়ার সুবিধা গ্রহণ করেছে।,,,,,
"জাপানি খাবার বলতে বাঙালি সমাজে অনেকেই চেনে ‘সুশি’, ‘রামেন’, ‘টেম্পুরা প্রন’, ‘তোফু’ ইত্যাদি। আর ঝাঁঝের জন্যে মনে করিয়ে দেয় ‘ওয়াসাবি’র কথা।",,,,,
কিন্তু উদিত সূর্যের দেশ জাপানের খাদ্য সম্ভার কি আদপেই এতো সীমিত? চলুন জেনে নেয়া যাক দ্বীপরাষ্ট্রটির অসম্ভব জনপ্রিয় এক ‘সুপার ফুড’ সম্পর্কে। নাম যার নাত্তো। যে খাবারের উদ্ভব ও বিস্তারের সঙ্গে জড়িয়ে আছে সামুরাইদের বীরত্বের গল্প। জাপানে জেন বৌদ্ধ ধর্মের বিস্তার এবং খাদ্য ব্যবস্থাপনার সঙ্গে সংশ্লিষ্ট জাপানি কিছু সংস্কার।,,,,,
"এইসব লোক গল্পের প্রত্যেকটিই, ‘নাত্তো’ নামের খাবারটিকে জাপানের ইতিহাসের জনপ্রিয় বীরদের সাথে সম্পৃক্ত করে। এই সম্পৃক্তকরণ প্রমাণ করে যে নাত্তো, জাপানের অন্যতম জনপ্রিয় খাবার।",,,,,
"তবে এটা নিশ্চিত যে, নাত্তো বহুদিন ধরে ‘ওয়াশোকু’ এর এক অবিচ্ছেদ্য অংশ। ওয়াশোকু শব্দটির অর্থ হচ্ছে, ‘জাপানি খাবার’।",,,,,
জাপানের একান্ত নিজস্ব যে খাবার তাই ওয়াশোকু। আর জাপানি এবং পাশ্চাত্যের ফিউশনে যে খাবার মানুষের পাতে উঠেছে তাকে বলে ‘ইয়োশোকু’।,,,,,
"জাপানি খাদ্য সংস্কৃতির অবিচ্ছেদ্য অঙ্গ, নাত্তো পরিবেশন করা হয় টারে সস, কারাসি মাস্টার্ড অথবা সোয়া সস দিয়ে। বেশিরভাগ ক্ষেত্রেই সঙ্গে থাকে ভাত। নানা সিজনিংও থাকে সঙ্গে।",,,,,
"নাত্তো গাঁজানো বলে একটা উগ্র স্বাদ আছে এর, কিন্তু তা উগ্রবাদী নয়। তবে হ্যাঁ, সবার নাকের ক্ষমতাতো এক রকম নয়। পুরনো চিজের গন্ধের সাথে নাত্তোর মিল পাওয়া যায় অনেকটা।",,,,,
"স্বাস্থ্যকর খাবার হিসেবেও নাত্তোর জনপ্রিয়তা রয়েছে জাপান ও জাপানি অধ্যুষিত এলাকাগুলোতে। পটাশিয়াম, প্রোটিন, ভিটামিন সি ছাড়াও অনেকগুলো পুষ্টিকর উপাদান রয়েছে নাত্তোতে। একারণেই নাত্তোকে বলা হয় জাপানের ‘আদি ও আসল’ সুপার ফুড।",,,,,
"জাপানি খাবারও আর সব দেশ ও তাদের কালচারের তুলনায় বেশ চটকদার ও উদ্ভট। জাপানি শেফরা তাদের ফিউশন রন্ধনপ্রণালির জন্য কুখ্যাত, এরা নিজেদের রন্ধনশিল্পের সঙ্গে বিশ্বের অন্য সব খাবারের সমন্বয় সাধন করে চলেছেন। আসুন, পরিচিত হই এমনই কিছু জাপানি খাবারের সাথে।",,,,,
"জাপানের অন্যতম জনপ্রিয় ডিশ। দেখে মনে হবে স্কুইড এখনো জীবিত আছে কিন্তু আপনি নিশ্চিত থাকতে পারেন যে স্কুইড আগেই মারা গেছে। যখন আপনি স্কুইডের উপর সয়া সস ঢালবেন, সাথে সাথেই স্কুইড লাফাতে শুরু করবে। কারণ স্কুইড মারা গেছে বেশিক্ষণ হয়নি।",,,,,
"হাবুসু হচ্ছে সেই পানীয় যার বোতলে আস্ত বিষাক্ত ভাইপার সাপ ছেড়ে দেওয়া হয়। বিষের ব্যাপার নিয়ে চিন্তিত হবেন না, পানীয়ের অ্যালকোহল সাপের বিষ নিষ্ক্রিয় করে দেয়। এই উদ্ভট পানীয়ের জনপ্রিয়তা জাপান ছাড়িয়ে চীন, ফিলিপাইনস এবং দক্ষিণ কোরিয়া জুড়ে দাবানলের মতো ছড়িয়ে পড়েছে।",,,,,
একে অনেকে আবার ‘গ্রিন ক্যাভিয়ার’ নামেও চেনে। এরা আসলে এক প্রকার সী উইড। জাপানে এটি ইউমিবুদো নামেই পরিচিত। জাপানের দক্ষিণে ওকিনাওয়া আইল্যান্ডের অগভীর পানিতে সবুজ গোলাকৃতির শাওলা উৎপন্ন হয়। ,,,,,
"এই সী গ্রেপসে উচ্চ পুষ্টিমানও আছে। কার্বোহাইড্রেট, প্রোটিন, ফাইবার, ওমেগা -3, অ্যান্টিঅক্সিডেন্ট এবং খনিজ পদার্থ। তবে কিছু গবেষণায় জানানো হয়, সী গ্রেপসে উল্লেখযোগ্য মাত্রায় ক্যাডমিয়াম থাকে। যা সম্ভাব্য বিষাক্ততার দিকে ইঙ্গিত করে।",,,,,
জাপানের বার-গুলোর অন্যতম জনপ্রিয় স্ন্যাক্স হচ্ছে হাচিনোকো। হাচিনোকো হচ্ছে তেলে ভাজা মুড়মুড়ে মৌমাছির শূককীট। শূককীট হলো মৌমাছির বাচ্চা। দারুণ মুড়মুড়ে ও মজাদার স্বাদের জন্য মৌমাছির শূককীট সয়া সস ও চিনি দিয়ে ভাজা হয়। ,,,,,
"খাবারের মেন্যুতে ফুগু যুক্ত করা যে সে ব্যাপার নয়। যদি কোনো শেফ ফুগু পরিবেশন করতে চান, তাহলে তাকে সবার আগে এই খাবার বানানো ও পরিবেশনের জন্য লাইসেন্স নিতে হবে। কারণ এটি টেট্রোডোটক্সিন (Tetrodotoxin) সমৃদ্ধ বিষাক্ত পাফার মাছ। সাইনাইডের তুলনায় ১২০০ গুণ মারাত্মক",,,,,
বাসাসি জাপানিদের মাঝে দারুণ জনপ্রিয়। তবে ঘোড়া প্রেমিদের এই খাবারটি থেকে দূরে থাকায় শ্রেয়।,,,,,
"জাপানিদের আরেকটি মোটামুটি উদ্ভট কিন্তু জনপ্রিয় খাবার হচ্ছে যাযামুসি, যা সমুদ্রের তীরবর্তী পোকামাকড় দিয়ে প্রস্তুত করা হয়। যাযামুসি নামটির আক্ষরিক অনুবাদ হচ্ছে, mushi অর্থাৎ  পোকামাকড়  এমন স্থানে বসবাস করে যেখানে zaazaa অর্থাৎ পানির প্রবাহের শব্দ হয়।",,,,,
জাপানিদের ডায়েটে থাকে মৌসুমি ফল ও তাজা খাবার। মাইন্ডফুল ইটিং টেকনিক ও পরিমিত পরিমাণে খাওয়াও তাদের সুস্থ থাকতে সাহায্য করে। ,,,,,
তাদের খাদ্য তালিকায় প্রচুর পরিমাণে শাকসবজি থাকে। এছাড়া সামুদ্রিক মাছ ও হোল গ্রেইনও নিয়মিত খায় জাপানিরা। ,,,,,
"জাপানিদের একটি স্বাস্থ্যকর অভ্যাস হচ্ছে নিয়মিত গ্রিন টি খাওয়া। অ্যান্টি-অক্সিডেন্ট সমৃদ্ধ গ্রিন টি মেটাবোলিজম বাড়ায়, হৃদরোগ থেকে দূরে রাখে ও দীর্ঘমেয়াদি রোগের ঝুঁকি কমায়।",,,,,
"জাপানিরা নিয়মিত ব্যায়াম করে। হাঁটা, সাইকেল চালানো, ইয়োগা ও আর্ট প্র্যাকটিস তাই চি জাপানিদের দীর্ঘজীবনের অন্যতম রহস্য। ",,,,,
জাপানি কালচারে প্রাধান্য পায় হাইড্রেশনের বিষয়টি। হজম শক্তি ঠিক রাখার পাশাপাশি শরীর থেকে দূষিত পদার্থ বের করে দিতে পর্যাপ্ত পানি খাওয়ার বিকল্প নেই। ,,,,,
"কৃতজ্ঞতা প্রকাশকে সংস্কৃতির অন্যতম গুরুত্বপূর্ণ অংশ হিসেবে ধরা হয় জাপানে। কৃতজ্ঞতা প্রকাশের এই অভ্যাসকে জাপানিতে বলা হয় কানসা। এর অর্থ কেবল প্রকাশ করাই নয়, মন থেকে কৃতজ্ঞ হওয়া। জীবনের সকল প্রাপ্তির জন্য সৃষ্টিকর্তার কাছে কৃতজ্ঞতা প্রকাশ করার মাধ্যমে স্ট্রেস থেকে দূরে থাকে তারা। এতে ইতিবাচক দৃষ্টিভঙ্গি লাভ করাও সম্ভব হয়।",,,,,
পর্যাপ্ত বিশ্রাম নেওয়া ও ঠিক মতো ঘুমানো জাপানিদের জন্য খুবই গুরুত্বপূর্ণ। এই অভ্যাস তাদের দীর্ঘদিন রোগমুক্ত থাকতে সাহায্য করে। ,,,,,
প্রকৃতির সঙ্গে সময় কাটাতে পছন্দ করে জাপানিরা। মানসিকভাবে প্রকৃতির সঙ্গে যোগাযোগকে জাপানি ভাষায় বলা হয় 'সিনরিন ইয়াকু।' একে ফরেস্ট বাথিংও বলা হয়। জাপানিরা বিশ্বাস করে প্রকৃতি তাদের মানসিক চাপ থেকে দূরে রাখতে পারে।  ,,,,,
"জাপানের অধিবাসীদের খাদ্যাভ্যাস উল্লেখযোগ্য কিছু নয়। বরং সাধারণ খাবারদাবারই তারা খেয়ে থাকেন। তারা সুষম ডায়েট মেনে খাবার খান। তাদের খাদ্য তালিকায় রয়েছে সামুদ্রিক খাবার, সয়াবিন, ফার্মেন্টেড খাবার, মাছ ইত্যাদি। ",,,,,
"জাপানের মানুষ খাবারের ব্যাপারে খুবই সংযমী, সুস্বাদু খাবার পেলেই গোগ্রাসে খেতে থাকেন না। তারা জিভের থেকেও বেশি গুরুত্ব দেন সুস্বাস্থ্যকে। তাদের খাবারের প্লেটও থাকে ছোট। এই দেশের লোকজন খাবার প্রয়োজনের অতিরিক্ত খান না।",,,,,
"দেশটির মানুষ চা পান করতে খুবই ভালোবাসেন। তবে শুধু স্বাদের জন্য তারা চা পান করেন না। তারা জানেন, চায়ের মধ্যে রয়েছে ভালো পরিমাণ অন্টি-অক্সিডেন্ট। এই উপকারী উপাদানটি তাদের জীবনযাত্রার মান বাড়ায়, স্বাস্থ্য থাকে রাখে।",,,,,
"এই দেশের মানুষ সকালের খাবারের ব্যাপারে খুব সচেতন। তাদের ব্রেকফাস্টে থাকে ভাত, সবজির সালাদ, সিদ্ধ মাছ ইত্যাদি। এই খাবারগুলো তাদের পেট ভালো রাখতেও সাহায্য করে।",,,,,
"জাপানিরা নিজের খাবারের প্লেট নিয়ে খুব সংযত। হাতের সামনে খাবার রয়েছে বলেই তা খেয়ে নেন না। তারা জানেন, শরীরের যতটা প্রয়োজন ঠিক ততটা খেতে পারলেই সুস্থ থাকা সম্ভব। অতিরিক্ত খেলে বা কম খেলে সমস্যা আরও বাড়বে।",,,,,
"খাওয়ার পর মিষ্টি খাওয়ার অভ্যাস আমাদের অনেকেরই রয়েছে। তবে জাপানের লোকেরা এই বিষয়টি সম্পূর্ণ এড়িয়ে চলেন। তারা জানেন, খাবার পর মিষ্টি খাওয়ার অর্থ হলো বেশি ক্যালরি গ্রহণ করা। তাই তারা খাবার পর মিষ্টি খান না।",,,,,
আমাদের মতো তেল-মশলায় মাখামাখি করে রান্না করেন না তারা। জাপানিরা সিদ্ধ খাবার খেতেই বেশি পছন্দ করেন। এই ধরনের খাবার শরীর সহজেই হজম করতে পারে। ফলে পুষ্টির কোনও ঘাটতি তাদের মধ্যে থাকে না।,,,,,
"এই বিশেষ খাবারে থাকে ভালো পরিমাণে প্রোটিন ও কার্বোহাইড্রেট। তাই সয়াবিন থেকে তৈরি হওয়া নানান খাবার যেমন সয়াবিনের দুধ, টোফু ইত্যাদি খেতে জাপানির খুব ভালোবাসেন।",,,,,
"শতায়ু হওয়ার ইচ্ছে থাকলে জাপানিদের অনুকরণ করা ছাড়া আর কোনও উপায় নেই। বিশেষত, তাঁদের খাদ্যাভ্যাসের দিকে লক্ষ রাখাটা অত্যন্ত জরুরি। জাপানি ডায়েটের দিকে নজর ফেরালেই আপনি সহজে অনুমান করতে পারবেন যে, কেন এই দেশের অধিবাসীরা দীর্ঘায়ু পান।",,,,,
আসলে জাপানবাসীরা অত্যন্ত শৃঙ্খলাপরায়ণ। তাঁরা জীবনের প্রতি পদক্ষেপে নিয়ম মেনে চলেন। আর খাবারদাবারের ক্ষেত্রে তো তাঁরা একটুও নড়নচড়ন পছন্দ করেন না। আর এটাই হল তাঁদের দীর্ঘজীবন লাভের প্রধান রহস্য।,,,,,
"জাপানিদের খাবারের প্লেট মরশুমি নানা রঙের শাক, সবজিতে ঠাসা থাকে। আর এটাই তাঁদের সুস্বাস্থ্যের প্রথম রহস্য। তাঁদের কথায়, পাতে সবসময় একাধিক রঙের খাবার রাখা উচিত। এতেই সমস্ত ধরনের ভিটামিন ও খনিজের ঘাটতি পূরণ করা সম্ভব হবে। ",,,,,
একবারে অনেকটা পরিমাণে খাবার খেলে একাধিক সমস্যার খপ্পরে পড়ার আশঙ্কা থাকে। আর এই বিষয়টা খুব ভালো মতোই জানেন জাপানিরা। তাই তাঁরা একবারে অনেকটা পরিমাণে খাবার খাওয়ার পরিবর্তে কম পরিমাণে বারবারে খেয়ে থাকেন। আর এই নিয়মই তাঁদের সুস্বাস্থ্যের চাবিকাঠি। এতেই তাঁদের খাবার হজম হয়ে যায় খুব তাড়াতাড়ি। এমনকী তাঁরা খাবারের সমস্ত পুষ্টিগুণও পান।,,,,,
"বাঙালিদের সঙ্গে জাপানিদের এক জায়গায় বিশেষ মিল রয়েছে। আর তা হল, আমরা দুই দলই কিন্তু ভাত খেতে পছন্দ করি। আসলে ভাতের মতো কমপ্লেক্স কার্ব ডায়েটে রাখলে যে শরীরের এনাার্জির ঘাটতি সহজেই মিটিয়ে ফেলা সম্ভব হবে, এটা কিন্তু জাপানের অধিবাসীরা খুব ভালো মতো জানেন",,,,,
"জাপানিরা মনে করেন, প্রত্যেকের পাতে অন্তত ৫ রকমের শাক ও সবজি থাকা দরকার। এর মাধ্যমেই দেহে পুষ্টির ঘাটতি মেটানো সম্ভব হবে। তাই জাপানিদের মতো দীর্ঘজীবন পেতে চাইলে আপনিও পাতে ৫ রকমের শাক, সবজি রাখার চেষ্টা করুন। এইটুকু কাজ করলেই আপনার স্বাস্থ্যের হাল ফিরতে সময় লাগবে না।",,,,,
"জাপানি ডায়েট অনুসরণ করা নন-অ্যালকোহলযুক্ত ফ্যাটি লিভার ডিজিজ বা এনএএফএলডি-তে আক্রান্ত ব্যক্তিদের জন্য ভালো। এমডিপিআই-তে প্রকাশিত সমীক্ষায় পরামর্শ দেওয়া হয়েছে যে সয়া খাবার, সামুদ্রিক খাবার এবং সামুদ্রিক শৈবালযুক্ত জাপানি খাবারের সমন্বয়ে একটি খাদ্য লিভারে ফাইব্রোসিসের অগ্রগতি কমিয়ে দিতে সক্ষম । ",,,,,
"গবেষণার সময় অংশগ্রহণকারীদের 12টি উপাদান-সহ একটি জাপানি ডায়েট বক্স দেওয়া হয়েছিল । গবেষণা মূল্যায়নে দেখা গিয়েছে অংশগ্রহণকারীরা যারা বেশি পরিমাণে সয়া, সামুদ্রিক খাবার এবং সামুদ্রিক শৈবাল গ্রহণ করেছে তাদের পেশী ভর তৈরির সময় নন-অ্যালকোহলযুক্ত ফ্যাটি লিভার ডিজিজ-সহ লিভার ফাইব্রোসিসের একটি ধীর গতিতে বৃদ্ধি পেয়েছে ।",,,,,
"এছাড়াও জাপানি খাবারের স্বাস্থ্য উপকারিতা আরও অনেক গবেষণায় নিশ্চিত করা হয়েছে । আজকাল জাপানি ডায়েট সারা বিশ্বে বেশ প্রচলিত হয়ে উঠছে । সুশি, মিসো স্যুপ, সবজির আচার, তোফু দিয়ে তৈরি খাবার, জাপানি ধাঁচের মাছ এবং অন্যান্য জাপানি খাবার আজ সারা বিশ্বে খুব পছন্দ হয় ।",,,,,
জাপানি রন্ধনপ্রণালী এবং এর উপকারিতা সম্পর্কে আরও জানতে ইটিভি ভারত সুখীভব মুম্বাইয়ের একটি হোটেলে ডায়েটিশিয়ান ডক্টর দিব্যা শর্মা এবং জাপানি খাবারের শেফ মানব বিজলানির সঙ্গে কথা বলেছেন । ,,,,,
"সুশি, মিসো স্যুপ, সবজির আচার, তোফু দিয়ে তৈরি খাবার, জাপানি ধাঁচের মাছ এবং অন্যান্য জাপানি খাবার আজ সারা বিশ্বে খুব পছন্দ হয় । ",,,,,
"জাপানি ডায়েট, বিশেষ করে জাপানে খাওয়া প্রতিদিনের খাবার, স্বাদ অনুযায়ী সহজ, তাজা এবং সুষম । জাপানি খাবারে শাকসবজি প্রচুর এবং বিভিন্ন উপায়ে ব্যবহৃত হয় । সেই সঙ্গে তাদের রান্নার ক্ষেত্রেও বিশেষ যত্ন নেওয়া হয় ।",,,,,
"নিরামিষ হোক বা আমিষ, জাপানি খাবারে বেশিরভাগ টাটকাই ব্যবহার করা হয় । একই সময়ে এগুলি বেশিরভাগই বাষ্পে ফুটানোর পরে বা রান্না এবং রোস্ট করার পরে ব্যবহৃত হয় । যার কারণে তাদের পুষ্টি উপাদান নষ্ট হয় না ।",,,,,
"তাদের খাদ্যের মধ্যে বেশিরভাগই সামুদ্রিক খাবার, সামুদ্রিক শৈবাল, সয়াবিন এবং এর পণ্য, গাঁজানো খাবার, শাকসবজি, বিশেষ ধরনের চাল এবং চা (সবুজ চা) এর মতো পণ্য অন্তর্ভুক্ত থাকে । কিন্তু জাপানি খাবারে মাংস, চিনি, আলু এবং দুগ্ধজাত খাবার কম ব্যবহার করা হয় ।",,,,,
"তাদের খাদ্যের মধ্যে বেশিরভাগই সামুদ্রিক খাবার, সামুদ্রিক শৈবাল, সয়াবিন এবং এর পণ্য, গাঁজানো খাবার, শাকসবজি, বিশেষ ধরনের চাল এবং চা (সবুজ চা) এর মতো পণ্য অন্তর্ভুক্ত থাকে । ",,,,,
জাপানের মহিলারা তাদের বলিরেখাহীন পোর্সেলিনের মতো মসৃণ ত্বকের জন্য সারা বিশ্বে প্রশংসিত। আর তাই সারা বিশ্বে জনপ্রিয় জাপানিজ বিউটি ট্রিটমেন্টও। ,,,,,
গ্রিন টি পাতা গুঁড়োকে বলা হয় মাচা। এই গুঁড়ো গ্রিন টি অ্যান্টিঅক্সিড্যান্টে পরিপূর্ণ। যা ত্বককে সূর্যের অতিবেগুনি রশ্মি থেকে রক্ষা করতে সাহায্য করে। জাপানে নিয়মিত মাচা গ্রিন টি খাওয়ার চল রয়েছে।,,,,,
এসেনশিয়াল অয়েল ইনফিউজড স্টিম বাথ জাপানিদের নিয়মিত রুটিনের মধ্যে পড়ে। রাতে ঘুমোতে যাওয়ার আগে এই স্টিম বাথ ত্বক আর্দ্র রাখতে সাহায্য করে। ,,,,,
জাপানের মহিলারা কোনও দিন সানস্ক্রিন ছাড়া বাড়ির বাইরে যান না। যে কোনও ঋতুতেই সানস্ত্রিন ব্যবহার করেন তাঁরা।,,,,,
উজ্জ্বল ত্বকের জন্য ভিটামিন সি অত্যন্ত প্রয়োজনীয়। তাই জাপানে প্রতি দিন কমলালেবু খাওয়ার নিয়ম।,,,,,
অ্যাকনে সারাতে খুবই কার্যকর হলুদ ও টি ট্রি অয়েল। এই টোটকাও জাপান থেকেই শেখা।,,,,,
জাপানিরা নিয়মিত ভেজা ত্বকে ক্যামেলিয়া তেল মাসাজ করেন। যা ত্বকের আর্দ্রতা বজায় রেখে বলিরেখা দূরে রাখতে সাহায্য করে।,,,,,
"জাপানের বাচ্চারা অনেক চমৎকার। তারা নম্র, ভদ্র এবং বন্ধুসুলভ হয়ে থাকে এবং তারা তাদের আবেগটাকে হিংস্র হতে দেয় না। জাপানে, আপনি এমন এক বাচ্চাকে খুব কমই দেখবেন, যে বাচ্চা সুপারমার্কেটে কান্না করছে। ",,,,,
জাপানে একজন মা এবং সন্তানের বন্ধন সত্যিই দৃঢ়। তারা একসাথে ঘুমায় এবং মা যেখানেই যায় সেখানে সবসময় তাদের বাচ্চাদের সাথে করে নিয়ে যায়। মা-সন্তানের বন্ধন গভীরভাবে আবেগপূর্ণঃ মা তাদের সন্তানদের জন্য সবকিছু করতে প্রস্তুত থাকে এবং তাদের সন্তান তাদের চোখে পারফেক্ট।,,,,,
"বিখ্যাত জাপানি প্রতিপালনের পদ্ধতি অনুসারে, শিশুরা ৫ বছর বয়সের আগে পারফেক্ট থাকে। ৫ থেকে ১৫ বছর বয়স পর্যন্ত দাসের মতো থাকে এবং ১৫ বছর বয়সে তাদের পিতামাতা এবং অন্যান্য ব্যক্তিদের সমান বলে বিবেচনা করে। তবে, অনেক বিদেশীই এটা বুঝতে পারে না এবং  এটিকে ভুলভাবে ব্যাখ্যা করে।",,,,,
"জাপানিরা মনে করে যে, শিশুদের ৩ বছর বয়সের আগে কিন্ডারগার্টেনে পাঠানো উচিৎ নয়। তারা সাধারণত দাদা-দাদী বা নানা-নানীদেরকে বাচ্চা দেখাশুনা করতে বলে না এবং বেবিসিটার নেয় না।",,,,,
"জাপান এবং ইউরোপের মায়েদের নিয়ে একটি গবেষণা পরিচালিত হয়েছিল। তাদেরকে একটি পিরামিড নির্মাণ করতে বলা হয়েছিল। জাপানি মায়েরা পিরামিড তৈরি করে এবং পরে তাদের সন্তানদের এটি পুনরাবৃত্তি করতে বলা হয়। শিশুরা যতবার এটি তৈরি করতে ব্যর্থ হয়, তারা ততবার সেটি নতুন করে তৈরি করতে শুরু করে।",,,,,
"জাপানের মায়েরা এই নিয়ম অনুসরণ করে, ‘আমি যেভাবে করেছি সেভাবে কর’। অন্যদিকে ইউরোপের মায়েরা তাদের সন্তানদের কিছু করার জন্য বলা হয় ঠিকই, কিন্তু উদাহরণ প্রদর্শন করে না",,,,,
"জাপানি মায়েরা তাদের সন্তানদের অনুভূতির প্রতি সম্মান দেখায়। তারা ছেলেমেয়েদেরকে কোন কিছুতে জোর করে না বা লজ্জিত বা বিব্রত অনুভব করতে দেয় না। তারা বাচ্চাদেরকে অন্য লোকেদের আবেগ, এমনকি অজানা বিষয়গুলো বুঝার জন্য শিক্ষা দেয়।",,,,,
"জাপানের মানুষেরা তাদের পদ্ধতিকে শ্রেষ্ঠ বলে দাবী করে না। বর্তমানে, পশ্চিমাদের নীতি তাদের ঐতিহ্যে প্রভাবিত হচ্ছে। কিন্তু জাপানের প্রধান ধারনাগুলো, যেমন- শিশুদের প্রতি শান্ত ও প্রেমময় মনোভাব অপরিবর্তিত রয়েছে।",,,,,
"অর্থ সঞ্চয়ের শতবর্ষী জাপানি পদ্ধতি ‘কাকেবো’। এটি আবিষ্কার করেছিলেন ১৯০৪ সালে হানি মটোকো, যিনি জাপানের প্রথম নারী সাংবাদিক হিসেবেও পরিচিত। উদ্দেশ ছিল  নিজের আয় ও ব্যয়ের সম্পর্কটা ভালোভাবে বোঝা, এবং সচেতনভাবে সিদ্ধান্ত নেয়া। ",,,,,
"কাকেবো আমাকে শুধু খরচ কমাতে সাহায্য করেনি, বরং অর্থের সঙ্গে সম্পর্ককে আরও সচেতন ও মানবিক করে তুলেছে। এই পদ্ধতি কখনোই বলে না যে জীবনের আনন্দ কেটে ফেলতে হবে। বরং শেখায় ছোট ছোট পরিবর্তন আনা, নিজের অভ্যাস বুঝে ধীরে ধীরে বদলানো। ",,,,,
"জাপানিদের ত্বকের যত্নের প্রথম এবং সবচেয়ে গুরুত্বপূর্ণ দিক হলো—তাদের খাবার। তারা মনে করে, ত্বকের আসল যত্ন শুরু হয় ভেতর থেকে। প্রতিদিনের খাদ্যতালিকায় থাকে স্যামন, টুনা, সারডিনের মতো ওমেগা-৩ ফ্যাটি অ্যাসিডসমৃদ্ধ মাছ, যা ত্বকে কোলাজেন উৎপাদন বাড়ায় এবং বলিরেখা প্রতিরোধ করে।",,,,,
"জাপানিরা দিনের শুরু করে এক কাপ উষ্ণ গ্রিন টি দিয়ে। এটি শুধুমাত্র শরীর ডিটক্স করে না, বরং ত্বককেও পরিষ্কার রাখে। গ্রিন টি-তে রয়েছে পলিফেনলস ও ক্যাটেচিনস, যা কোষের বার্ধক্য রোধ করে এবং ত্বকে আনে তারুণ্য। ",,,,,
মিওর মতো প্রতিটি জাপানি নারীর দৈনন্দিন স্কিন কেয়ার রুটিনে একটি সাধারণ বৈশিষ্ট্য থাকে—নিয়মিততা এবং ধাপে ধাপে যত্ন। তারা ত্বক পরিষ্কারে কোনো শর্টকাট নেয় না।,,,,,
"জাপানি জীবনধারার একটি বিশাল অংশ হলো মানসিক প্রশান্তি ও “mindfulness”। তারা মনে করে, শরীরের সঙ্গে মনের সম্পর্ক সরাসরি ত্বকের উপর প্রভাব ফেলে। ",,,,,
"জাপানি নারীরা “Less is More” নীতিতে বিশ্বাস করে। তারা মনে করে, স্কিন কেয়ারে কম পণ্য ব্যবহার করাই ভালো—তবে সেই পণ্যগুলো যেন প্রাকৃতিক ও কার্যকর হয়।",,,,,
দ্য জাপানিজ সিক্রেট টু আ লং অ্যান্ড হ্যাপি লাইফ বইয়ে জীবনের এ বিষয়ই তুলে ধরেছেন হেক্টর গার্সিয়া। ২০১৬ সালে প্রকাশিত বইটি এখন পর্যন্ত ৩০ লাখ কপি বিক্রি হয়েছে।,,,,,
"খুব ছোটবেলা থেকেই ইকিগাই অনুসরণ করা উচিত। ইকিগাইয়ে চারটি বিষয় খুব গুরুত্বপূর্ণ—আপনি কী ভালোবাসেন, আপনি কোন কাজের পারদর্শী, আপনার আশপাশে বা পৃথিবীতে মানুষের চাহিদা কী এবং আপনার পেশা কী।",,,,,
"পাশাপাশি দীর্ঘমেয়াদি সুস্থ জীবনযাপনের জন্য জাপানিরা আরও কিছু বিষয়কে প্রাধান্য দিয়ে থাকে। যেমন ধীরে খাওয়া, নিয়মিত হাঁটা, প্রকৃতির প্রতি শ্রদ্ধা জানানোর মতো ক্ষুদ্র বিষয়গুলোকে বেশ গুরুত্ব দেয় তারা।",,,,,
"এ ছাড়া জীবনযাপনে অল্পে তুষ্ট থাকায় অভ্যস্ত জাপানিরা। জাপানিদের জীবনযাপনে এমন আরও কিছু অভ্যাস আছে, যার চর্চা আপনার জীবনকেও করে তুলতে পারে সহজ সুন্দর।",,,,,
জাপানিরা মসলাদার ভারী খাবার একেবারেই খায় না। তার বদলে সেদ্ধ খাবার খেতে ভালোবাসে। তারা পেট ভরে খায় না। পেটের অন্তত ২৫ শতাংশ জায়গা খালি রাখে। এ পদ্ধতিকে বলে হারা হাচি বু।,,,,,
নিয়মিত শরীরচর্চা জাপানিদের দৈনন্দিন জীবনের অংশ। ঘুম থেকে উঠেই জাপানিরা স্ট্রেচিং করতে ভালোবাসে। এটাকে তারা বলে ‘রাজিও তাইসো’।,,,,,
রাজিও মানে রেডিও আর তাইসো মানে ব্যায়াম। ১৯২৯ সাল থেকে রেডিওর মাধ্যমে সম্প্রচারিত হচ্ছে বলে এই নাম। ৩ মিনিটের এই ওয়ার্ম-আপ রুটিন ১৩টি সহজ নড়াচড়ার মাধ্যমে শরীরকে সচল রাখতে সাহায্য করে।,,,,,
চা পানের এই রীতি ‘চানোয়ু’ ধৈর্য ও মনোযোগ ধরে রাখতে সহায়তা করে। এ পদ্ধতি মেনে চললে মানসিক প্রশান্তি আসে এবং বর্তমান মুহূর্তের সঙ্গে তৈরি হয় গভীর সংযোগ। আর গ্রিন টির স্বাস্থ্যগুণ তো বাড়তি পাওনা।,,,,,
ত্বকের যত্নে জাপানিরা গোসলকে বেশ প্রাধান্য দিয়ে থাকে। দীর্ঘক্ষণ ধরে তারা শাওয়ারের পানির ধারায় থাকে। ত্বকের যত্নে ব্যবহার করে বিভিন্ন ধরনের উদ্ভিজ্জ সুবাস।,,,,,
"জাপানিরা তাদের দৈনন্দিন জীবনে হাঁটাকে বেশ প্রাধান্য দিয়ে থাকে। নিয়মিত হাঁটা একধরনের প্রাকৃতিক শরীরচর্চা, যাতে আলাদা কোনো খরচ বা যন্ত্রপাতির প্রয়োজন নেই।",,,,,
জাপানিরা দিনের আলোর সংস্পর্শে থাকতে খুব ভালোবাসে। মন ও শরীরকে সুস্থ রাখতে দিনের আলো ও বাইরের সতেজ বাতাসকে কাজে লাগায়।,,,,,
"জাপানিরা মনে করে, ভালো ঘুম শরীর ও মনকে পুনর্জীবিত করতে সহায়তা করে। এতে পরের দিন পূর্ণ শক্তিতে কাজ শুরু করা সম্ভব হয়। তাই ঘুমকে অলসতা বা বিশ্রাম হিসেবে নয়, বরং আত্মযত্ন হিসেবে বিবেচনা করা হয়। জাপানে দিনের বেলায় একটু ঘুমিয়ে নেওয়া বা ‘ইনেমুরি’ও সামাজিকভাবে স্বীকৃত।",,,,,
"জাপানিরা অন্দরকে ছিমছাম রাখতে পছন্দ করে। অপ্রয়োজনীয় জিনিস ফেলে দেয়। এ ছাড়া বসবাসের জিনিসপত্র, বিশেষ করে ওয়ার্ডরোব বা আলমারির প্রতিটি জিনিস ‘কনমারি মেথড’ অনুসরণ করে নির্দিষ্ট জায়গায় এমনভাবে সাজিয়ে রাখে, যাতে সহজে খুঁজে পাওয়া যায়, কখনো অগোছালো না থাকে।",,,,,
"‘আরিগাতো’ বা ‘ধন্যবাদ’ বলা জাপানি সংস্কৃতিতে শুধু সামাজিক ভদ্রতা নয়, বরং এক গভীর জীবনবোধ। এই ‘আরিগাতো’ শব্দ খাবার, মানুষ ও প্রতিটি ছোট ছোট মুহূর্তের জন্য কৃতজ্ঞতা প্রকাশে ব্যবহৃত হয়। ",,,,,
"এ বছরের সেপ্টেম্বর মাস পর্যন্ত ৯৯ হাজার ৭৬৩ জন শতবর্ষী ছিলেন, যার মধ্যে ৮৮ শতাংশ নারী। জাপানের মানুষ সাধারণত দীর্ঘজীবী হয়। এর অন্যতম কারণ হিসেবে জীবনযাপনের এই রীতিগুলো সহায়তা করে নিশ্চয়ই।",,,,,
"বাঁচা মানে সুস্থ শরীরে, আনন্দের সঙ্গে জীবনযাপন। সেই কৌশল শেখায় ইকিগাই। ‘ইকিগাই: দ্য জাপানিজ় সিক্রেট টু আ জয়ফুল লাইফ’ বইটি বিশ্ব জুড়ে এতটা আলোচিত যে ৬৩টি ভাষায় তা অনুবাদ হয়েছে। ",,,,,
"‘ইকিগাই’-এর ইংরেজি করলে দাঁড়ায় ‘বেঁচে থাকার উদ্দেশ্য সন্ধান’। এই জীবনদর্শন  জীবনে সেই কাজের দিক নির্দেশ করে, যা আনন্দ দেয়, জীবনকে এগিয়ে নিয়ে যেতে সাহায্য করে।",,,,,
"একঘেয়ে জীবন নয়, বরং সুস্থ শরীরে দীর্ঘজীবী হওয়ার পথ সুগম করে ইকিগাই। জাপানের ওগিমি গ্রামের শতায়ু মানুষজনের জীবনযাপনের উৎস সন্ধান করে বইটি লেখা হয়েছিল। ",,,,,
"কাইজ়েন বলে, ছোট ছোট বদল এবং ধারাবাহিক প্রচেষ্টাই জীবনে সাফল্য এনে দিতে পারে। জাপানি শব্দ ‘কাইজ়েন’ বলতে বোঝায় ‘ভালোর জন্য বদল’। ",,,,,
"বেঁচে থাকাই শুধু নয়, আনন্দের সঙ্গে সুস্থ শরীরে বাঁচাও জরুরি। ‘হারা হাচি বু’ এমন এক জীবনদর্শন, যা শরীর সুস্থ রাখতে নির্দিষ্ট খাদ্যাভ্যাসের কথা বলে। ",,,,,
"বেশিরভাগ জাপানিরা পেট ৮০ শতাংশ ভরে গেলেই খাওয়া বন্ধ করে দিতে হবে, এই পদ্ধতি মেনে চলেন। অনেকেই মনে করেন, জাপানিদের সুস্থ এবং সুন্দর জীবনের রহস্য লুকিয়ে তাদের খাদ্যাভ্যাসে।",,,,,
হজমশক্তি বৃদ্ধিতে এবং ওজন কমাতে সাহায্য করে হারা হাচি বু। পেট খালি থাকলে অনেকেরই আরও কিছু খাওয়ার ইচ্ছা হতে পারে। সে কারণেই বলা হয়েছে এমন খাদ্যাভ্যাস রপ্ত করতে হলে ধীরে ধীরে খেতে হবে। ,,,,,
ধনী দেশ হিসেবে পরিচিত জাপানে স্পষ্ট হয়ে উঠেছে অর্থনৈতিক মন্দার ছাপ। দেশটির ভোক্তা বাজারেও পড়েছে এর প্রভাব। এখন সস্তা পণ্যের দিকে ঝুঁকছেন ক্রেতারা। ,,,,,
জাপানি সমাজে প্রত্যেকের প্রতি প্রত্যেকের রয়েছে সম্মান ও সমীহ। তারা পারতপক্ষে বিবাদ সৃষ্টি পছন্দ করে না। রবীন্দ্রনাথ ‘জাপান যাত্রীর পত্রে’  আজ থেকে ১০৪ বছর আগে যেমনটি লিখেছিলেন ‘‘জাপানিরা বাজে চেঁচামেচি ঝগড়াঝাটি করে নিজের বলক্ষয় করে না।,,,,,
জাপানে প্রতিদিন সকালে পার্ক বা অফিসে অনেককে একসঙ্গে হালকা ব্যায়াম বা স্ট্রেচিং করতে দেখা যায়। এই ব্যায়ামকে বলা হয় ‘রাজিও তাইসো’।,,,,,
‘রাজিও’ মানে রেডিও আর ‘তাইসো’ মানে ব্যায়াম। অর্থাৎ স্ট্রেচিংটি রেডিওতে সকালে সম্প্রচার করা হয়। এটি খুবই অল্প সময়ের জন্য করা হয়। ,,,,,
"জাপানি ঘরগুলো সাধারণত আয়তনে ছোট হলেও সেখানে থাকে পরিপাটি, শান্তিপূর্ণ ও খোলামেলা পরিবেশ। এর পেছনে আছে ‘দান শারি’।",,,,,
"জাপানে গোসল শুধু শারীরিক পরিচ্ছন্নতার বিষয় নয়, বরং এটি একপ্রকার মানসিক প্রশান্তির রীতি।",,,,,
‘ওফুরো’ নামের একটি প্রথা মেনে গোসলের পর পরিষ্কার শরীরকে গরম পানিতে ডুবিয়ে রাখা হয়। দিনের পরিশ্রম ও মানসিক চাপ দূর করতে এটি অত্যন্ত কার্যকর। ,,,,,
"জাপানে গণপরিবহন অত্যন্ত আধুনিক ও সময়নিষ্ঠ হওয়া সত্ত্বেও অনেকেই দৈনন্দিন চলাফেরায় হাঁটাকে প্রাধান্য দেন। নিয়মিত হাঁটা একধরনের সহজ, কার্যকর ও প্রাকৃতিক শরীরচর্চা। ",,,,,
"জাপানে লোকজনকে দেখা যায় পার্ক পরিষ্কার রাখতে, কিংবা চেরি ফুলের সৌন্দর্যে মুগ্ধ হয়ে তাকিয়ে থাকতে। তাদের কাছে প্রকৃতি শুধু দৃশ্য নয়, বরং একটি সম্পর্ক।",,,,,
"জাপানে পাতার খসখস শব্দ কিংবা পাখির ডাকের মতো ছোট ছোট বিষয়ও গভীরভাবে উপভোগ করা হয়। এমন অভ্যাস আপনার মধ্যে পরিবেশসচেতনতা জাগিয়ে তুলবে, পাশাপাশি এনে দেবে মানসিক প্রশান্তি।",,,,,
জাপানে চা পান মানে তাড়াহুড়ো করে গিলে ফেলা নয়। আস্তেধীরে প্রতিটি চুমুকের উপভোগ। জাপানি এই চা-সংস্কৃতির নাম ‘চানোয়ু’। ,,,,,
"জাপানে ঘুমকে অলসতা হিসেবে নয়, বরং আত্মযত্ন হিসেবে বিবেচনা করা হয়। দিনের বেলায় একটু ঘুমিয়ে নেওয়া বা ‘ইনেমুরি’ও সামাজিকভাবে স্বীকৃত। ",,,,,
আধুনিক জাপানে লিভিং কস্ট বা জীবনযাত্রার ব্যয় অত্যন্ত বেশি। বাংলাদেশি ৭২ টাকা দিলে জাপানি ১০০ ইয়েন পাবেন আপনি। আন্তর্জাতিকভাবে বললে ১০০ ইউএস ডলারে বাংলাদেশি টাকা পাবেন ৮ হাজার অন্যদিকে জাপানি ইয়েন হলে পাবেন ১০ হাজারের সামান্য বেশি। ,,,,,
"শুধু কি পানির দাম। না সব কিছুই এখানে বেশি বেশি। ঘরভাড়া, খাওয়া-দাওয়া, বিদ্যুৎ বিল, সার্ভিস চার্জ, গাড়িভাড়া সবই। তারপরও সবকিছু ঠিকঠাকভাবে চলছে কীভাবে? হ্যাঁ, বেতন বা আয়ও বেশি জাপানে।",,,,,
"আমাদের জীবনমান বেশি বলে জীবনযাত্রার ব্যয়ও বেশি। তবে এখানকার নাগরিকরা, কাজ বা পড়াশোনা সূত্রে থাকা বিদেশিরা এসব বিষয়ে অভ্যস্ত হয়ে পড়েন। কারণ আয়ও বেশি। গড় আয় ৩৫ হাজার মার্কিন ডলার। এখানে টাইম ইজ মানি।",,,,,
ন্যাটোর কথার সত্যতা দেখা গেল জাপানি ট্রেন আর রাস্তায়। নারিতা বিমানবন্দর থেকে টোকিওর প্রিন্স হোটেলে আসার পথে দেড় ঘণ্টায় আমরা প্রাইভেট কারের চাপ দেখিনি। রাস্তায় জনজটও দেখিনি তেমন। ,,,,,
"জাপানে একজনের মাথাপিছু খরচ প্রায় এক লাখ ইয়েন। তারপরও জাপানের প্রতি মানুষের অনেক আগ্রহ। কারণ এটি টয়োটা গাড়ির দেশ, এটি ইলেকট্রনিকস সামগ্রীর জগতে অদ্বিতীয়।",,,,,
"টোকিওর ইন্ডিয়ান রেস্টুরেন্ট ‘মহারাজা’র মহাব্যবস্থাপক রমেশ কুমার জাপানের জীবনযাত্রার ব্যয় প্রসঙ্গে বলেন, জাপান হচ্ছে ছিমছাম, গোছানো, পরিচ্ছন্ন একটি দেশ। ",,,,,
IKI অর্থ জীবন এবং GAI অর্থ মূল্য। অর্থাৎ ইকিগাই মানে জীবনের মূল্য। এ কথাটিকে অন্যভাবেও বলা যায়। যেমন বেঁচে থাকার কারণ।,,,,,
"আপনার জীবনের কতটুকু মূল্য, কী কী করলে আপনি ভালো থাকবেন, সেটা নির্ধারণ করতে হবে আপনাকেই। আর এটা আপনি তখনই পারবেন, যখন জানবেন আপনার জীবনের মূল্য কতটুকু। ",,,,,
"আপনি যা কিছু উন্নতি করতে চাচ্ছেন, বদলাতে চাচ্ছেন, নতুন কিছু শেখার চেষ্টা করছেন, এর সবকিছুকেই বলা হয় নতুন জীবনে প্রবেশ। অর্থাৎ আপনার মস্তিষ্ক নতুন নতুন দিকে আগ্রহ তৈরি করছে। আর এই নতুন শুরুকে বলে সোশিন। ",,,,,
"জাপানি ভাষায় শিনরিন অর্থ বন, ইয়োকু অর্থ গোসল। অর্থাৎ এই শব্দটির অর্থ বনস্নান। এটি এক ধরনের ইকোথেরাপি। সবুজ ছায়াঘেরা কোনো জায়গায় গিয়ে মনোযোগ দিয়ে খেয়াল করলে বাতাসের শব্দ, পাখির কিচিরমিচির, গাছের পাতা নড়ার শব্দ শুনতে পাবেন। ",,,,,
"স্পর্শ করবেন রোদের কোমল স্পর্শ, দেখবেন ঘাসের নানা রং। এগুলোর মাধ্যমে আপনি প্রকৃতির সঙ্গে বিলীন হতে থাকবেন ধীরে ধীরে। এই পদ্ধতির নামই শিনরিন ইয়োকু।",,,,,
"সমুদ্র মেখলা হাজার দ্বীপের দেশ জাপান প্রাকৃতিক সৌন্দর্যে, কর্মঠ মানুষের পদচারণায়, প্রথাবদ্ধ সমাজে প্রাচ্য ও পাশ্চাত্য সংস্কৃতির সাজুয্যসাধনায় নিমগ্ন, আবেগরহিত অর্থনৈতিক কর্মতৎপরতায় প্রাণপাতকারী জনগণের অভূতপূর্ব সঞ্চয় বিনিয়োগ উৎপাদন-উদ্ভাবনে সেরা কর্মকুশলতায় অর্থনৈতিক পরাশক্তির প্রতিভূ প্রাণচঞ্চল এক দেশ। ",,,,,
এশিয়ার মূল ভূখণ্ড থেকে হাজার হাজার বছর বিচ্ছিন্ন দ্বীপময় দেশটির অধিবাসীরা নিজেদের ব্যতীত আর কারও কথা ভাবার অবকাশ কিংবা কারও সংস্পর্শে আসার সুযোগ পায়নি ঊনবিংশ শতাব্দীর সাত দশকের আগ পর্যন্ত। ,,,,,
"বিদেশিদের ব্যাপারে জাপানিরা বৈষম্যবাদী কি-না এমন একটা অনুসন্ধান প্রয়াসে জাপানের দ্বিভাষিক পত্রিকা হিবাগানা টাইমস ১৯৯২ সালে জাপানে বসবাসরত বিদেশিদের মধ্যে একটা মতামত জরিপ চালায়। এ সমীক্ষায় দেখা যায়, উত্তরদাতাদের মধ্যে শতকরা ৬৬ ভাগের অভিমত ছিল 'জাপানে আমি বৈষম্যের শিকার হয়েছি এবং এটা অসহ্য'। ",,,,,
"বিদেশিদের প্রতি জাপানিদের আচরণে বিভিন্নতা অনুসন্ধানে গিয়ে পত্রিকাটি সে সময় লিখেছিল যে, পশ্চিমা দেশীয়দের অর্থনৈতিক অগ্রগতি, শিল্প ও বাণিজ্যে প্রাগ্রসরতায় ও সাহিত্য-সাংস্কৃতিক অগ্রযাত্রায় জাপানিরা মুগ্ধ এবং তাদের দৈহিক গঠন, গায়ের রঙ ইত্যাদিতে জাপানিরা আকৃষ্ট। ",,,,,
জাপান এশিয়ার একটি দেশ হওয়া সত্ত্বেও নিজেদের এশীয়দের গোত্রভুক্ত ভাবতে নারাজ। তার দৃষ্টি এখন প্রশান্ত পেরিয়ে মার্কিন মুলুকে। ,,,,,
"এশিয়ায় তার অতীত পরিচয় বড় বিরক্তিকর, আগ্রাসীর। কোরীয়, চীনা, ইন্দোনেশীয় ও মালয়েশীয় জনগণের ইতিহাসে জাপানি আধিপত্যবাদের কাহিনী বড় বেদনার।",,,,,
থাইল্যান্ড-মিয়ানমার পর্যন্ত অঞ্চলের জনগণের সঙ্গে জাপানিদের দৈহিক গঠন ও নৃতাত্ত্বিক সমিল ও সখ্য আছে। অনিচ্ছা সত্ত্বেও বড়জোর মিয়ানমার পর্যন্ত অঞ্চলকে জাপান এশিয়া হিসেবে স্বীকৃতি দিতে চায়।,,,,,
জাপানি জনগণ অবশ্য কোরিয়া ও চীনের কাছাকাছি থাকায় জাপানিদের সাংস্কৃতিক নিকট সখ্যের আওতায় হলেও তাদের সঙ্গে বিগত শতাব্দীতে সম্পর্কটা মোটেই সুখকর ছিল না।,,,,,
প্রাচীনকালে জাপানিরা চীন ও কোরিয়ার জনগণকে উন্নত বিশ্বের মানুষ হিসেবে সমীহ করত। কিন্তু সময়ের প্রেক্ষাপটে ক্রমান্বয়ে আগ্রাসী মনোভাব উৎসারিত বৈষম্যবোধ এসে এই শ্রদ্ধাবোধ যায় হারিয়ে।,,,,,
ব্যক্তিস্বাতন্ত্র্য বোধের প্রতি এই অভিন্ন দৃষ্টিভঙ্গির কারণেই জাপানিরা বিদেশিদের কাছে ভিন্নভাবে ধরা পড়ে এবং হয় ভুল বোঝাবুঝির শিকার। জাপানিরা ব্যক্তিস্বতন্ত্র্যের সামষ্টিকতায় নিজেদের ঐক্যবদ্ধ বা গ্রুপভুক্ত ভাবে। ,,,,,
"বিদেশিদের তারা গাইজিন (অপরিচিত) ভাবে। অর্থাৎ, জাপানিদের নিজস্ব রঙ যদি নীল সাব্যস্ত হয়, তাহলে সাদা, কাল, নীল, সবুজসহ অন্য সব রঙই 'গাইজিন' রঙ। ",,,,,
"জাপান একটি দ্বীপ। এই দ্বীপে যাদের জন্ম তাদের ভাষা, দৈহিক আকৃতি, আবেগ-অনুভূতি সবই এক এবং অভিন্ন। সে কারণে তারা বহিরাগতদের থেকে নিজেদের স্বাতন্ত্র্যকে সহজে শনাক্ত করতে পারে।",,,,,
গ্রুপভুক্ত সংস্কৃতিতে বিশ্বাসী জাপানি সমাজে ব্যক্তিস্বাতন্ত্র্যের স্বীকৃতি ও ব্যক্তিকল্যাণ নিশ্চিত করতেই তারা গ্রুপভুক্ত হয়ে থাকে। এটি জাপানি কোম্পানির মধ্যে দেখা যায়। ,,,,,
কোম্পানি প্রত্যেক কর্মচারীর কল্যাণের দিকটিকেই বেশি দেখে। সবাই ঐকান্তিক পরিশ্রম করে কোম্পানির স্বার্থেই। কোম্পানিও প্রত্যেক কর্মচারীর কল্যাণ বৃদ্ধিতে থাকে সচেষ্ট।,,,,,
"সাম্প্রতিককালে প্রচণ্ড ভূমিকম্পে ধরাশায়ী হয়েও জাপান রেকর্ডতম স্বল্পসময়ে উঠে দাঁড়াতে সক্ষম হয়েছে এই মূল্যবোধ ও বিশ্বাস এবং কর্মতৎপরতা, সমঝোতাসিদ্ধ জাতীয় সাধনার কারণে।",,,,,
অ-জাপানিরা নিজেদের স্বতন্ত্রকে কিছুটা বিসর্জন দিয়ে হলেও জাপানি সমাজে মিশতে চাইবে। কিন্তু জাপানিরা নিজেদের স্বকীয় বৈশিষ্ট্যকে বিসর্জন দিয়ে অন্যত্র মিশতে চাইবে না।,,,,,
"এ ক্ষেত্রেও জাপানিদের বৈষম্যবাদী ভাবার অবকাশ সৃষ্টি হয়। এক সমীক্ষায় জানা যায়, ৬৩ শতাংশ 'গাইজিন' শব্দটি বৈষম্যমূলক আচরণের ইঙ্গিতবাহী মনে করে।",,,,,
জাপানিরা সহজে কোনো বিষয়ে 'না' বলতে চায় না। এমনকি কোনো কিছু নামঞ্জুর করার আগেও অনেক পজিটিভ বাক্য তারা আওড়িয়ে থাকে। ,,,,,
"জাপানিদের না জাতীয় জবাবের মধ্যে তিনটি শব্দের উপস্থিতি লক্ষণীয় 'হ্যাঁ' 'কিন্তু' এবং 'যদি'। 'হ্যাঁ' প্রথমে ব্যবহার করা হয় যা অপরের পক্ষের বক্তব্যের প্রতি সরাসরি সমর্থন, এরপর কিন্তু ব্যবহারের দ্বারা অসম্মতির প্রকৃত ধারণাটা দেওয়া হয়। ",,,,,
"জাপানিদের এই হ্যাঁ ব্যবহারের দ্বারা না বোঝানোর প্রক্রিয়ায় বিদেশিরা প্রায়ই বিব্রতবোধ করেন। আমি যদি ফোনে জানতে চাই- সুজুকি সান কি আছেন? ঘুরিয়ে-ফিরিয়ে বলা হয় তিনি নাই। বিষয়টির সাফ সাফ জবাব নিশ্চিত করতে যদি জিজ্ঞেস করি সুজুকি সাহেব নাই? উত্তর আসবে হ্যাঁ, অর্থাৎ তিনি নাই।",,,,,
"জাপানিরা কেন মনের কথা সরাসরি ব্যক্ত করে না? এর প্রচ্ছন্ন কারণ হলো জাপানিরা গ্রুপ বা দলগত সৌজন্যে বিশ্বাসী। কাউকে মনোকষ্ট দেওয়ার দ্বারা, অসৌজন্যমূলক আচরণের দ্বারা আহত করাকে সামাজিক দৃষ্টিতে অমার্জনীয় অপরাধ মনে করে তারা। ",,,,,
"জাপানিরা এ জন্য কথা বলে বেশ মেপে জুকে। আবার তাদের এ জাতীয় ভনিতা বিদেশিদের কাছে হেঁয়ালি বলে মনে হতে পারে। নেগোশিয়েশনের সময় আমরা দেখেছি সারাদিন জাপানিদের একটা বিষয় বোঝানোর চেষ্টা করে এবং তাদের তাতে সম্মত করতে কসরত করার পর তারা হয়তো বলবে, 'আপনাদের যুক্তি গুরুত্বপূর্ণ, বক্তব্য স্পষ্ট এবং প্রশংসনীয়- আমরা এটা পুরোপুরি বুঝতেও সক্ষম হয়েছি, আমরা নিজেরাও হয়তো এত সুন্দর যুক্তি তুলে ধরতে পারতাম না, কিন্তু আমরা এটাকে গ্রহণ করতে পারলে সব চেয়ে খুশি হতাম, কিন্তু এর সমর্থনে সমর্থন পাচ্ছি না। অ",,,,,
"জাপানে কেন তাকাকুরা নামে এক স্বনামধন্য অভিনেতা ছিলেন। ছায়াছবিতে তিনি এমন চরিত্রে অভিনয় করতেন, যেখানে কথা কম। এমনকি টিভি কমার্শিয়ালে অংশ নিয়েও তিনি কথা কম বলেন। তিনি ধ্রুপদী জাপানি চরিত্রের প্রতিনিধি- অনাবশ্যক কথা বলাকে তিনি পছন্দ করেন না। ",,,,,
"জাপানিদের মধ্যে যারা কথা কম বলে- ক্ষমা চাওয়ার কারণ যার কাছে যত কম, সে তত বিজ্ঞ এবং প্রাজ্ঞ। ",,,,,
"অনেক দিন আগে 'সাপ্পরো বিয়ার' এর একটা বিজ্ঞাপন বেশ জনপ্রিয় হয়েছিল- তার মূল বাণী ছিল- নীরবতা পালন কর আর সাপ্পারো বিয়ার পান কর (ওতোকো ওয়া দামাতে, সাপ্পারো বারু)। ",,,,,
"জাপানে 'ইশিন দেনশিন' নামে একটা বাগধারা আছে, যার অর্থ বাক্যবিহীন যোগাযোগ- কোনো শব্দ ব্যবহার ব্যতিরেকে মনোভাবের প্রকাশ। ",,,,,
আমেরিকায় নিজেকে অন্যের কাছে বোধগম্য করে তুলতে অনেক কথা বলার প্রয়োজন পড়ে। জাপানে যে কোনো সংবাদ সম্মেলনে প্রশ্ন আসে সংক্ষিপ্ত এবং স্বল্প সংখ্যায়। কিন্তু আমেরিকায় প্রত্যেকেই কিছু না কিছু জানতে চায়।,,,,,
"মেগা-3 ফ্যাটি অ্যাসিড, ভিটামিন যেমন ডি এবং বি2 (রাইবোফ্লাভিন), ক্যালসিয়াম এবং খনিজ পদার্থ যেমন ফসফরাস, আয়রন, জিঙ্ক, আয়োডিন, ম্যাগনেসিয়াম এবং পটাসিয়াম প্রচুর পরিমাণে সামুদ্রিক খাবারে, বিশেষ করে মাছে পাওয়া যায় ।",,,,,
বিশ্বে জাপানের মানুষ দীর্ঘায়ূ হয় এর কারন হল জাপানিদের কঠোর পরিশ্রমি জীবন যাপন এবং সুশৃঙ্খল পরিমিত খাদ্যাভ্যাস। তারা যেমন শারিরিক ভাবে পরিশ্রমী তেমনই পরিমিত খাদ্য গ্রহনেও তারা অভ্যস্ত। ,,,,,
জাতি হিসাবে জাপানিরা অনেক সফল আর এর নানাবিধ কারনের মধ্যে সর্ব প্রথম হল নিয়ম তান্ত্রিক জীবন যাপন। ,,,,,
"আমাদের মত জাপানিরাও ভাত খেতে ভালোবাসে। ভাত হচ্ছে জাপানিদের নিয়মিত খাবার। তবে তারা সাধারণত বাদামি চালের ভাত খেতে পছন্দ করে। এটি উচ্চ
ম্যাগনেসিয়াম সমৃদ্ধ যা হার্ট ভাল রাখতে সহায়তা করে। ",,,,,
"যদিও জাপানিরা প্রক্রিয়াজাত খাবার খুব কম খায়, তবে নুডুলস জাপানিদের খাদ্য তালিকায় অতি সাধারণ একটি খাবার। জাপানিরা সাধারনত স্বাস্থ্যকর গম থেকে তৈরি নিম্ন কার্বোহাইড্রেড সমৃদ্ধ নুডুলস খেয়ে থাকে।",,,,,
সাধারণত সব ধরনের ফল মূল শরীর ও স্বাস্থ্য ঠিক রাখতে সহায়তা করে। তবে ফুজি আপেল জাপানিদের প্রিয় ফল। তারা তাদের অঞ্চলের পেরসিমন ও মান্দারিন নামের বিশেষ ধরনের কমলা ও খেতে পছন্দ করে যা স্বাদে অনন্য।,,,,,
আমাদের দেশের সাথে জাপানিদের খাবারের অনেক পার্থক্য বিদ্যমান যেমন তারা কাঁচা মাছ খায় যা আমাদের পক্ষে খাওয়া সম্ভব নয় এবং তা একেবারেই আমাদের খাদ্যাভ্যাসের বিপরীত।,,,,,
আরো একটি সমস্যা হলো অনেক ধরনের খাবার তারা খায় যা আমাদের দেশে যোগার করা কষ্টসাধ্য। তবে পুষ্টি উপাদান এর সাথে মিলিয়ে আমরা তাদের ডায়েটের সাথে আমাদের খাবার তালিকা তৈরি করে নিতে পারি খুব সহজেই যা আমাদেরকে জাপানিদের মতো সুন্দর স্বাস্থ্য ও আমাদের দেহ্কে দীর্ঘদিন বেচে থাকার রসদ যোগাতে সহায়তা করবে।,,,,,
জাপানিদের সবচেয়ে গুরুত্বপূর্ন খাবারের সময় হলো সকালের নাস্তা। তারা প্রতিদিন সকালের নাস্তাকে খুব প্রাধন্য দেয়। ,,,,,
"সাধারনত তারা সকালে মিশো সুপ, একটি মান্দারিন আর এক কাপ গ্রিন টি পান করে। বিশেষ করে তারা সকালে মিশো সুপ খায় কারন এটা কম চর্বিযুক্ত। এখানে আপনি তিনটি লাল আটার রুটি খেতে পারেন শাক সবজি দিয়ে।",,,,,
"জাপানিদের রাতের খাবার তালিকায় থাকে এক বাটি ভাত, একটি কমলা ও সসিমি যা বিভিন্ন মাছের সমন্নয়ে তৈরি একটি ঐতিহ্যবাহি জাপানি খাবার। আর প্রতিবেলা খাবারের পর তারা এক কাপ গ্রিন টি পান করতে পছন্দ করে । ",,,,,
আমাদের জন্য জাপানিদের খাদ্যাভ্যাসে অনুকরণীয় হলো খাবার না খেয়ে স্বাস্থ্য ঠিক রাখা বা ওজন কমানো নয় বরং পুষ্টিকর খাদ্য অল্প পরিমানে খেয়ে ও জীবন ধারায় পরিবর্তন এনে তাদের মত দীর্ঘায়ূ লাভকরা,,,,,
"সামুদ্রিক খাবার বা সি ফুড- জাপানি খাবারে প্রচুর পরিমাণে সামুদ্রিক খাবার ব্যবহার করা হয়। মাছ, সামুদ্রিক শৈবাল এবং অন্যান্য সামুদ্রিক পণ্য ওমেগা -3 ফ্যাটি অ্যাসিড সমৃদ্ধ, যা হার্টের স্বাস্থ্যের জন্য দুর্দান্ত। এছাড়াও, সমুদ্র দ্বারা বেষ্টিত, সামুদ্রিক খাবার তাদের প্রধান খাদ্য।",,,,,
"এটি ১৯ শতকের মাঝামাঝি থেকে জাপানের জাতীয় পোষাক হিসাবে বিবেচিত হয়েছে। প্রাথমিকভাবে, নারীরা কিমোনো পরতেন।এটি ছিল একটি মিখো এবং গাইশা ইউনিফর্ম। ",,,,,
"কিমোনো কোমর থেকে কোমর দ্বারা আবদ্ধ হয়, কিমোনোর দৈর্ঘ্য পরিবর্তনশীল। কিমোনো পরতে খুব আরামদায়ক।",,,,,
"টেক্সটাইলগুলি দীর্ঘদিন ধরে জাপানিদের জীবনে গুরুত্বপূর্ণ ভূমিকা পালন করেছে জাপানীরা টেক্সটাইল তৈরির জন্য সিল্ক, শণ, রামি এবং বিভিন্ন ধরণের তাঁত এবং আলংকারিক চিকিত্সা ব্যবহার করতে পছন্দ করে।",,,,,
"এই টেক্সটাইলগুলি অনেকগুলি বিভিন্ন ব্যবহারে স্পষ্টতই কাপড়, ব্যানার, ঝুলন্ত ইত্যাদি ব্যবহৃত হয়েছিল জাপানী টেক্সটাইলগুলি ঐতিহাসিকভাবে একটি মিথস্ক্রিয়তার মাধ্যমে বিকশিত হয়েছে । বাহ্যিক প্রভাব এবং দেশীয় কৌশল এবং নকশা পছন্দ, এবং উভয় প্রযুক্তি এবং নান্দনিকতা উন্নততর একটি উচ্চতর ডিগ্রী বিকাশ।",,,,,
"আমরা জানি কিমনো খুব সুন্দর। কাপড় এবং কিমনো কেবল ঐতিহ্যবাহী জাপানি পোশাক নয় যা লোকেরা আজও পরেন। এটি সবচেয়ে আইকনিক এবং সমস্ত ঐতিহ্যবাহী জাপানি পোশাকগুলি সহজেই স্বীকৃত, এটি এখনও অনেক জাপানি মানুষের কাছে প্রধান টুকরা এবং আন্তর্জাতিক আবেদনেও বাড়ছে।",,,,,
"ইউকেটা কিমনোর খুব হালকা সংক্ষিপ্ত সংস্করণ। সুতির মতো নরম হালকা ওজনের ফ্যাব্রিক থেকে তৈরি, পোশাকের নামটি স্নানের কাপড়ে অনুবাদ করে, যার জন্য এটি মূলত তৈরি পুরুষ এবং মহিলা উভয়ই এটি পরতে পছন্দ করেন।",,,,,
ইউকাতাটি একটি কাটা (ওবিআই) দ্বারা দৃষ্টি যুক্ত করা হয় এবং এটি পরিধান করা খুব সহজ এটি গ্রীষ্মের সময়ে সবচেয়ে জনপ্রিয়ভাবে পরা হয়। তবে ইউকাতার একটি কনস আছে এবং এটিও রয়েছে জাপানিজ অবজেক্টস স্টোরে লোকেরা সহজে এটি খুঁজে পাবে না।,,,,,
"সামিউ একটি অবিশ্বাস্যরকম সরল পোশাক যা মূলত জাপানী জেন বৌদ্ধ ধর্মযাজকরা পরেছিলেন, তারা সামু নামে পরিচিত শারীরিক, মননশীল কাজে পার্কিং করছে। সামুর অধীনে ক্রিয়াকলাপ ছাতার মধ্যে রান্না করা, পরিষ্কার করা, আউটডোর শ্রম এবং আরও অনেক কিছু অন্তর্ভুক্ত। ",,,,,
"‘হোরেনসো’ হল জাপানের ব্যবসায়িক মন্ত্র, যার মূলে তিনটি ভিত্তি রয়েছে। ‘হোকুকু’ বা রিপোর্ট করা, ‘রেনরাকু’ বা তথ্য দেওয়া কিংবা জানানো এবং ‘সোদান’ বা আলোচনা করে পদক্ষেপ করা।",,,,,
"‘হোরেনসো’- অনুযায়ী যে কোনও সংস্থায় উপর থেকে নীচের তলা— প্রতিটি ধাপের কর্মীরা সমান গুরুত্বপূর্ণ। এর মধ্যে কোনও একটি দলকে বা ব্যক্তি বিশেষকে অবহেলা করলেই, ফাঁক রয়ে যেতে পারে তথ্য সংক্রান্ত আদান-প্রদানে। ",,,,,
"হোকুকু বলে, যে কোনও সংস্থার কর্মীদের কাজ সম্পর্কিত বিষয় নিয়ে নিয়মমাফিক ঊর্ধ্বতনকে রিপোর্ট করা উচিত। তাতে যদি ফাঁক থাকে, জ্ঞাপনের একটি অংশ দুর্বল হয়ে পড়তে পারে। ",,,,,
"‘রেনরাকু’-বলে, কাজ সংক্রান্ত কোনও গুরুত্বপূর্ণ তথ্য যেমন— সময়সূচি পরিবর্তন, সমস্যার উদ্ভব, বা প্রাসঙ্গিক তথ্য দ্রুত এবং সঠিক ভাবে সহকর্মী ও সংশ্লিষ্ট দলের সদস্যদের জানানো উচিত।",,,,,
"‘সোদান’- বলে, কোনও সমস্যা দেখা দিলে বা সিদ্ধান্ত নেওয়ার আগে সংশ্লিষ্ট সহকর্মী বা ঊর্ধ্বতনের সঙ্গে আলোচনা করা এবং পরামর্শ চাওয়ার কথা।",,,,,
"‘হোরেনসো’-র তিন ধাপ স্পষ্ট করে, জ্ঞাপনের প্রক্রিয়াটি আসলে দ্বিমুখী। ঊর্ধ্বতন কর্তৃপক্ষ শুধু মাত্র নির্দেশ দিয়ে যেমন দায় ঝেড়ে ফেলতে পারেন না, তেমনই বিভিন্ন স্তরে থাকা কর্মীদেরও কাজ সম্পাদনের প্রতিটি ধাপ নিয়ে আলোচনা জরুরি। মোদ্দা কথা হল, বিভিন্ন স্তরের কর্মীদের মধ্যে সঠিক সমন্বয়ই সাফল্যের চাবিকাঠি।",,,,,
"উদীয়মান সূর্যোদয়ের দেশ! প্রযুক্তিগত উন্নয়নের রোল মডেল! পৃথিবীর সব চাইতে সভ্য জাতি! এমন অনেক ভূষণে ভূষিত বাংলাদেশের পরীক্ষিত বন্ধু দেশ জাপান। জাতিগত ভাবেই জাপানীরা ভীষণ সুশৃঙ্খল, সৌন্দর্য প্রিয়। ",,,,,
"জ্ঞান ও উন্নত প্রযুক্তির শীর্ষে থাকা এই দেশকে নিয়ে আমাদের আগ্রহের শেষ নেই। শৈশব থেকে তাদের কে কঠিন কঠোর নিয়মতান্ত্রিক ভাবে গড়ে তোলা হয়,যা আমাদের পাঠ্য বইতে জাপানি শিশুদের নম্রতা ভদ্রতা, জাপানী শিক্ষা ব্যবস্থার উৎকর্ষতার উদহারন দেয়া আছে। ",,,,,
"শৈশবে জাপানী মেয়েদের পায়ের সৌন্দর্য রক্ষায় লোহার জুতা পায়ে দিতে হত সে ইতিহাস ও আমরা জেনেছি। আধুনিক জাপান এই চূড়ান্ত আধুনিকতার যাত্রাপথে নিজেদের স্বকীয়তার অনেককিছু বিসর্জন দিতে হয়েছে, প্রদীপের নিচে অন্ধকারের মত জাপানী জীবন যাত্রা যত' না মানবিক তারচেয়ে বেশি যান্ত্রিক "" অনুভূতি শূন্য জীবন ব্যবস্থা হয়ে উঠেছে।",,,,,
"কি আশ্চর্য এই মানব জীবন! এই সভ্যতা ! নিজেদের সভ্য মানুষ হিসেবে প্রমাণ করতে বেছে নিতে হচ্ছে যন্ত্রণা দায়ক যন্ত্র জীবন। জাপানি' রা কাঁদতে ভুলে গেছেন, কাজের চাপের ক্লান্তিতে পারিবারিক আড্ডা ভাবের আদান প্রদানের অনীহা বাড়ছে।",,,,,
"জাপানের শিক্ষা মন্ত্রণালয় বলেছে, এরা হচ্ছে এমন শিশু যারা স্বাস্থ্য বা অর্থনৈতিক কারণে ৩০দিনের বেশি স্কুলে যেতে চায় না। এই শব্দটি অনেক সময় 'অনুপস্থিত, গরহাজির, স্কুলের প্রতি ভয় অথবা স্কুলকে প্রত্যাখ্যান - ইত্যাদি শব্দে বর্ণনা করা হয়।",,,,,
"হিকিকোমারি হচ্ছে সামাজিক সকল কার্যক্রমে থেকে নিজেকে গুটিয়ে নেয়া, কঠিন ভাবে নিজেকে প্রত্যাহার বলা চলে। ​​​​জাপানে এই শব্দটি প্রায়শই উচ্চারিত হয় পরিবারের অভিভাবকদের মাঝে, যেখানে একজন কিশোর বা সদ্য তরুণ নিজেকে নিজেদের গৃহবন্দী করে একাকী জীবন বেছে নেয় ",,,,,
"আকিহিতো বর্তমানে বিয়ে করেছেন ""হাসতুন মিকু"" কে । সফল হও, বিয়ে কর, বাচ্চা নাও, পরিবার গঠন কর, এবং সুখি মানুষ হিসেবে মারা যাও! সমাজের যে সেট করা সুখি হবার মানদণ্ড আকিহিতোর কাছে তা অকার্যকর। আকিহিতো বাস্তবে নারীদের প্রতি আকর্ষণ বোধ করেন না, কারন হচ্ছে উনি কখনোই নারীদের ভালোবাসা পান নাই। ",,,,,
জাপানের অনেক পুরুষ তাদের মানুষরূপী সঙ্গীদের নিয়ে অনেক খুশী এবং অনেকে বলছেন তারা আর কখনো কোনো মানুষের কাছে ফিরে যাবেন না।,,,,,
"মাসায়ুকি নামে আরেকজন জাপানী সিলিকন ডল ক্রেতা তার মায়ূ ডল কে নিয়ে সুখী। ""জাপানি মেয়েরা নির্মম হৃদয়ের, স্বার্থপর। পুরুষেরা চায় এমন কেউ তার পাশে থাকুক যে তার পাশে থাকুক, কাজ থেকেআসার পর যার সাথে সুন্দর সময় কাটানো যায় এমন কেউ।",,,,,
"মি: তোশিও বলেন ""আমি এখন পেনশনের উপর নির্ভরশীল। আমার অর্থ ফুরিয়ে গেছে। সেজন্য আমি ভাবলাম যদি কারাগারে থাকি তাহলে হয়তো বিনা খরচায় থাকতে পারবো,।",,,,,
"নাম প্রকাশে অনিচ্ছুক ৭০ বছর বয়সী এক নারী বলেন, "" আমি আমার স্বামীর সাথে থাকতে পারিনি। আমার এখন কোথাও থাকার জায়গা নেই। সুতরাং আমার একমাত্র উপায় ছিল কোন কিছু চুরি করে কারাগারে যাওয়া।",,,,,
জাপানী রুই- কাৎসু শব্দের মানে হচ্ছে কান্না আনা! প্রথাগতভাবে জাপানীরা কাঁদেন না। কাঁদা জাপানী সংস্কৃতিতে নিষিদ্ধ।রুই-কাৎসু পদ্ধতি ব্যবহার করে মানুষকে নিজের নিরাপদ আবহে কাঁদতে শেখাচ্ছেন হিদেফুমি ইওশিদা। ,,,,,
"ঐতিহাসিক ভাবেই আত্মহত্যার সূচকে এগিয়ে আছেন জাপানীরা, জাপানী নারী পুরুষ নির্বিশেষে আত্মহত্যা প্রবণ। ",,,,,
"টোকিও'র টেম্পল বিশ্ববিদ্যালয়ের মনোবিজ্ঞানী ওয়াতুরু নিশিদা বলেন, ""বিষণ্ণতা এবং আত্মহত্যার অন্যতম প্রধান কারণ বিচ্ছিন্নতা বা একা থাকার প্রবণতা।"" ""জাপানে একসময় বৃদ্ধ অভিভাবকদের দেখাশোনা করতো তাদের সন্তানরা, তবে বর্তমানে সেরকমটা হয় না বললেই চলে।",,,,,
অন্যেরা কী মনে করে জাপানিরা সেটা নিয়ে খুব বেশি উদ্বিগ্ন থাকে। জাপানি সংস্কৃতি অতিথিপরায়ণ। অন্যের মতামত ও মূল্যবোধকে খুব গুরুত্ব দেওয়া হয়।,,,,,
জাপানে রাজধানী টোকিওর উপকন্ঠে উরায়াসু শহরের নারীরা যাতে নিজেদের সময় ও সুবিধামত বাচ্চা নিতে পারে তার জন্য নগর কর্তৃপক্ষ অভিনব এক সরকারি উদ্যোগে তাদের ডিম্বানু হিমঘরে জমিয়ে রাখার ব্যাপারে অর্থসাহায্যের প্রতিশ্রুতি দিয়েছে,,,,,
"বিশ্বে যেসব দেশে জন্ম হার সবচেয়ে কম, জাপান তার একটি। সেখানে জন্ম হার কমছে বহু বছর ধরে, ফলে এখন জাপান মূলত প্রবীণদের দেশে পরিণত হয়েছে। ",,,,,
জাপানে বিবাহ বিচ্ছেদের হার খুব কম ছিল। ফলে অনেকেই ডিভোর্সের আনুষ্ঠানিক প্রক্রিয়ার ভেতর দিয়ে যাওয়ার পরিবর্তে একদিন হঠাৎ করেই তাদের স্বামী বা স্ত্রীকে ছেড়ে চলে যায়।,,,,,
দ্বিতীয় বিশ্বযুদ্ধে জাপানে নিহত হয় ২ দশমিক ৫ মিলিয়ন থেকে ৩ দশমিক ১ মিলিয়ন মানুষ। এত বড় একটি বিপর্যয়ের পরও জাপানের মানুষ তাদের কঠিন অধ্যবসায় ও সঠিক নিয়মচর্চার মাধ্যমে ঘুরে দাঁড়িয়েছে।,,,,,
জাপানের প্রায় ২০ লাখ মানুষের বয়স ৯০ বছরের ওপরে। তাদের মধ্যে প্রায় ৭০ হাজারের বয়স ১০০ বছরেরও বেশি। জাপানের গড় আয়ু ৮৪ দশমিক ২ বছর। পুরুষরা গড়ে ৮১ দশমিক ১ বছর বাঁচেন। নারীদের গড় আয়ু বেশি- ৮৭ দশমিক ১ বছর।,,,,,
জাপানের প্রায় ২০ লাখ মানুষের বয়স ৯০ বছরের ওপরে। তাদের মধ্যে প্রায় ৭০ হাজারের বয়স ১০০ বছরেরও বেশি। জাপানের গড় আয়ু ৮৪ দশমিক ২ বছর। পুরুষরা গড়ে ৮১ দশমিক ১ বছর বাঁচেন। নারীদের গড় আয়ু বেশি- ৮৭ দশমিক ১ বছর।,,,,,
এখানে সামুদ্রিক খাবার খুবই প্রিয় ও মাংসের চাহিদা বেশ কম। প্রকৃতপক্ষে জাপান পৃথিবীর সবচেয়ে বেশি মাছ খাওয়া জাতিদের একটি। মাছে কোলেস্টেরল ও ক্ষতিকারক চর্বির পরিমাণ খুবই কম। ফলে জাপানে হৃদরোগের ঝুঁকি ৩৬ শতাংশ কম। ,,,,,
জাপানিরা প্রচুর সয়া ও সমুদ্র শৈবাল খান। এক কাপ সমুদ্র শৈবালে ২ থেকে ৯ গ্রাম প্রোটিন থাকে। এটিতে প্রাকৃতিক আয়োডিন থাকে। তা থাইরয়েডের জন্য অত্যন্ত উপকারী।,,,,,
"আমরা দৈনিক যে খাবারগুলো খাই, এর কতটা ফ্রেশ হয় ভাবুন তো একবার! এদিক থেকে জাপানের মানুষ খুব কড়া নিয়ম মেনে চলে। তাদের প্রতিটি খাবার একদম ফ্রেশ উপাদানে তৈরি হওয়া চায়।",,,,,
খাবারের পরিমাণ নিয়ন্ত্রণের মধ্যে রাখা জাপানি সংস্কৃতির অনেক বড় একটি অংশ। তারা ছোট পাত্রে চপস্টিক ব্যবহারের মাধ্যমে খাবার খান এবং পাত্রে খাবারও নেন পরিমাণে কম।,,,,,
প্রায় ৮৫ শতাংশ জাপানি ঘুমানোর আগে গোসল করেন। গোসলে গরম পানির ব্যবহার ঘামের দূষণ থেকে রক্ষা করে। পানির উষ্ণতা শরীরের প্রদাহ ও মানসিক চাপ কমায়। গরম পানি রক্ত সঞ্চালন ও রোগ প্রতিরোধ ক্ষমতা বৃদ্ধি করে।,,,,,
জাপানিরা কর্মময় জীবন পার করেন। বেশিরভাগ জাপানি নিকটতম বাসস্টেশনে হেঁটে যান। এর পর ট্রেনে উঠে দাঁড়িয়ে ভ্রমণ করেন এবং ট্রেন থেকে নেমে হেঁটে গন্তব্যে যান। ,,,,,
জাপানের চিকিৎসাব্যবস্থা পৃথিবীর সবচেয়ে কার্যকর। রাষ্ট্র চিকিৎসার ক্ষেত্রে ৯০ শতাংশ পর্যন্ত ব্যয় বহন করে। জাপানের নাগরিকরা নিয়মিত ডাক্তারের কাছে স্বাস্থ্য পরীক্ষা করান। এ নিয়মে কোনো হেরফের হয় না। ,,,,,
"বিজ্ঞানীদের মতে- সুন্দর এ পৃথিবীতে মানুষ যদি তার লক্ষ্য ঠিক করতে পারে, তা হলে তিনি আরও কয়েক বছর বেশি বাঁচবেন। সম্প্রতি এক গবেষণায় জানা গেছে, উদ্দেশ্য ও লক্ষ্যহীন মানুষের তুলনায় জীবনে লক্ষ্য-উদ্দেশ্য রয়েছে- এমন মানুষ দীর্ঘায়ু হয়।",,,,,
"জাপানের মানুষ প্রায় ঘরোয়া খাবার খায়। ফলে জাপানে স্থূলতার হার মাত্র ৩ দশমিক ৬ শতাংশ। তা পৃথিবীতে সর্বনিম্ন। সাধারণত জাপানিদের খাবার তৈরির প্রক্রিয়ার মধ্যে থাকে স্টিমিং (ভাপে রান্না), ফার্মেন্টিং (গাঁজন), স্লো কুকিং, প্যান গ্রিলিং ও স্টির ফ্রাইং।",,,,,
"জাপানিদের দীর্ঘ জীবন বেঁচে থাকতে সহায়তা করে বৃদ্ধদের মানসিক চাপ কম থাকা। দেখা গেছে, জাপানি বুড়া-বুড়িরা তাদের সন্তানদের কল্যাণে বৃদ্ধ বয়সে মানসিক শান্তিতে থাকেন। তাদের সাধারণত আয়-ব্যয়, বিভিন্ন বিল ইত্যাদি নিয়ে চিন্তা করতে হয় না।",,,,,
জাপানিরা ঐতিহ্যগতভাবেই বয়স্কদের যথেষ্ট যত্ন নেন। আর বয়স্করাও নাতি-নাতনিদের সঙ্গে সময় কাটাতে অভ্যস্ত। জাপানে বয়স্ক ব্যক্তিদের জীবন্ত সম্পদ হিসেবে আখ্যায়িত করা হয়। সামাজিকভাবে দেওয়া হয় সর্বোচ্চ সম্মান। ,,,,,
বাংলাদেশও মুক্তিযুদ্ধের পর পরিণত হয়েছিল ধ্বংসস্তূপে। জাপান রূপকথার ফিনিক্স পাখির মতো ভস্ম থেকে উড়াল দেওয়ার কৃতিত্ব দেখিয়েছে। জাপানের কাছ থেকে অনেক কিছুই শেখার আছে বাংলাদেশের। ,,,,,
"শিরাই সানের দায়িত্ব সচেতনতা ও সযত্ন কর্মপ্রয়াসের মধ্যে জাপানিদের জাত্যভিমান আর ব্যক্তিত্বের পরিচয় যেমন পাই, তার সমন্বয়ধর্মী মানসিকতার মধ্যে অনুসন্ধান করি জাপানিদের জীবন বৈশিষ্ট্যের।",,,,,
জাপানি সমাজে প্রত্যেকের প্রতি প্রত্যেকের রয়েছে সম্মান ও সমীহ। তারা পারতপক্ষে বিবাদ সৃষ্টি পছন্দ করে না। রবীন্দ্রনাথ ‘জাপান যাত্রীর পত্রে’ আজ থেকে ১০৭ বছর আগে যেমনটি লিখেছিলেন- ‘জাপানি বাজে চেঁচামেচি ঝগড়াঝাটি করে নিজের বল ক্ষয় করে না।,,,,,
জাপানে অধিকাংশ লেনদেন বিশ্বাসের ভিত্তিতে হয়ে থাকে। এ বিশ্বাস যে কোনো মূল্যে রক্ষাও করা হয়ে থাকে। লেনদেনের পরিমাণ বেশি না হলে সাধারণত লেখালেখিতে যায় না কেউ।,,,,,
জাপানে কেউই তাদের বিবাদকে চূড়ান্তে নিয়ে যেতে দিতে চায় না। সব সময় চেষ্টা চলে সন্তোষজনক সমাধানে পৌঁছাতে-যাতে সবার মুখ রক্ষা হয়। এমন সিদ্ধান্তে সবাই উপনীত হতে চায় যা বিবাদের সময় সব পক্ষের কাছে গ্রহণযোগ্য বা সবাই সম্মত হয়।,,,,,
ব্যক্তির মর্যাদাকে জাপানিরা সম্মান ও সমীহ করতে জানে। তারা কাউকে চূড়ান্তভাবে বৈরী ভাবতে চায় না।,,,,,
বৌদ্ধ ধর্মের অনুসারী জাপানিরা সব ব্যাপারে সমন্বয় ও সহনশীলতাকে গুরুত্বপূর্ণ মনে করে এবং আচার-আচরণে এমন ভাব বজায় রাখে যাতে সবাই তার নিজের অবস্থানে আস্থাবান থাকতে পারে। ,,,,,
জাপানের প্রত্যেক ব্যক্তির জানা আছে প্রতিদিন তার কত ক্যালরির খাবার খাওয়া উচিত। এটা যাতে সে নিয়মিত মেনে চলতে পারে সে জন্য তারা সেট মেনু বা প্যাকেজ খাবার গ্রহণ করে থাকে।,,,,,
"জাপানিরা অধিকাংশ ক্ষেত্রে বাইরের খাবার খেয়ে থাকে। ঘরে খাবার তৈরিতে সময়, স্পেস ও ইউটিলিটি খরচকে তারা তুলনামূলকভাবে নন-ইকোনমিক মনে করে। প্রতি বেলার মানসম্মত ও মান নিয়ন্ত্রিত খাবার সরবরাহের দোকান যত্রতত্র রয়েছে।",,,,,
"জাপানি শব্দ ‘শু’-এর অর্থ শিক্ষা অথবা অভ্যাস। ‘কান’ হল হল অভ্যস্ত হয়ে ওঠা। ‘শুকান’ বলতে বোঝায়, ক্রমাগত একই কাজ করার মাধ্যমে অভ্যাস গঠন। ",,,,,
"জাপানের সমাজে ব্যক্তিবিশেষকে সুস্বাস্থ্য রক্ষা, কর্মক্ষমতা বৃদ্ধি এবং নিয়মানুবর্তী জীবনযাপনে উদ্বুদ্ধ করে ‘শুকান’। কর্মক্ষেত্রে স্বল্প সময়ে নির্ভুল ভাবে কর্ম সম্পাদনের জন্য কঠোর অভ্যাসের দরকার হয়। কোনও কর্মী কতটা সফল ভাবে তা করতে পারছেন, তার উপর নির্ভর করে কর্মজগতের সাফল্য।",,,,,
জাপানের স্কুলপড়ুয়াদের বাধ্যতামূলক ভাবে পরিচ্ছন্নতার পাঠ দেওয়া হয় এবং তা তাদের পালন করতেও হয়। নিয়মিত একই কাজ করার ফলে ছোট থেকে পরিচ্ছন্নতার অভ্যাস তৈরি হয় শিশুদের মধ্যে।,,,,,
"‘শুকান’-এর সঙ্গে জড়িয়ে রয়েছে জাপানিদের প্রথা, বিশ্বাস, ভাবনা-দর্শন। সঠিক অভ্যাসের গুরুত্ব ভারতীয় দর্শনেও রয়েছে। এ ভাবেই ছোট ছোট অথচ ভাল অভ্যাস দিয়ে জীবনে বদল আনা যায়। উন্নতি করা যায় পড়াশোনা থেকে পেশাগত ক্ষেত্রে।",,,,,
"পূর্ব এশিয়ার এ দেশটি বিস্তৃত উপাসনালয়, ঐতিহ্যবাহী রাজকীয় ভবন আর সমৃদ্ধ ইতিহাসের জন্য পরিচিত। ইতিহাসে পেছনে ফিরে তাকালে দেখা যাবে, জাপানীরা সবসময়ই নিজেদের সংস্কৃতি ও স্বকীয়তা ধরে রাখার চেষ্টা করেছে।",,,,,
মধ্যযুগের একটা বিশেষ সময় তাদের সে স্বকীয়তা যথেষ্ট প্রভাবিত হয়েছে বৌদ্ধ সন্ন্যাসী ও চীনাদের দ্বারা। এই বিশেষ সময়টাতে জাপান শিল্প-সাহিত্যে ব্যাপকভাবে সমৃদ্ধ হয়। ,,,,,
"জাপানের ইতিহাসের সেই বিশেষ সময়টি ৭৯৪-১১৮৫ খ্রিস্টাব্দ পর্যন্ত টিকেছিল। পুরো মধ্যযুগ জুড়েই জাপানের রাজধানী ছিল হেয়ান কিয়ো, তথা বর্তমান কিয়োটো শহর।",,,,,
"জাপানের ইতিহাস আলোচনায় অধিকাংশ ক্ষেত্রেই চলে আসে নিনজা আর সামুরাইদের কথা, যা টকুগাওয়া সময়ের অন্তর্ভুক্ত। ",,,,,
"কিন্তু জাপানের শিল্প-সংস্কৃতির ভিত্তি স্থাপিত হয় যে সময়ে, সেটি হলো হেয়ান পর্ব। এ সময়ের মূল প্রাপ্তিই ছিল সমৃদ্ধ শিল্প ও সাহিত্যিক ভাবধারা। তাই হেয়ান আমলের আলোচনা মানেই সাংস্কৃতিক আলোচনা। ",,,,,
তবে অধিকার কর্মী কিংবা উদারবাদী ভাবধারার মানুষের জন্য এই আমলের আলোচনা বেশ বৈষম্যমূলক ঠেকবে। কারণ হেয়ান পর্বের আলোচনার সিংহভাগ জুড়েই আছে সমাজের উঁচু শ্রেণী। আরো নির্দিষ্ট করে বললে সমাজের উপরতলার মানুষের অভিজাত সংস্কৃতিই হেয়ান সংস্কৃতি।,,,,,
হেয়ান আমলের ইতিহাস পুরোটাই রচিত হয়েছে এলিট তথা অভিজাতদের হাতেই। আর স্বাভাবিকভাবেই অভিজাতরা নিজেদের নিয়েই মাথা ঘামিয়েছে বেশি।,,,,,
সাংস্কৃতিক আলোচনায় যাবার পূর্বে সে সময়কার জাপানের সরকার ও প্রশাসনিক ব্যবস্থার উপর সংক্ষেপে আলোকপাত করা প্রয়োজন। হেয়ান আমলের সরকার ছিল অতিমাত্রায় আমলাতান্ত্রিক এবং পুরোটাই কিয়ো শহর কেন্দ্রিক। ,,,,,
"হেয়ান আমলের সংস্কৃতিও ধর্ম দ্বারা, নির্দিষ্ট করে বললে বৌদ্ধ ধর্ম দ্বারা প্রভাবিত ছিল। চীনের বৌদ্ধ সন্ন্যাসী কুকাই এবং সাইচো জাপানে এসেছিলেন ধর্ম প্রচার করতে।",,,,,
"তাদের হাত ধরেই জাপানে আসে ‘লোটাস সূত্র’, যা পুণ্য ও আলোর পথে নতুন দিশা দিয়েছিল জাপানীদের। এই লোটাস সূত্রই জাপানের অভিজাতদের বাহ্যিক কাজকর্ম কমিয়ে সাহিত্য ও আধ্যাত্মবাদে ডুবে থাকতে অনুপ্রাণিত করে। ",,,,,
"তবে, বৌদ্ধ সন্ন্যাসীদের অতিরিক্ত জনপ্রিয়তা দেখে সম্রাটগণ কিছুটা চিন্তাগ্রস্তও হয়েছিলেন বটে। যে কারণে প্রত্যেক সম্রাটই নিজেদের শাসনকালে বৌদ্ধ সন্ন্যাসীদের জন্য ব্যাপক পরিমাণ অর্থ বরাদ্দ করতেন, মঠ তৈরি করে দিতেন, যাতে করে সন্ন্যাসীরা মঠের মধ্যেই ধর্ম-কর্মে আবদ্ধ থাকেন।",,,,,
"কিন্তু সম্রাটদের এরূপ ভাবনা ছিল নিজের পায়ে কুড়াল মারার মতো। কারণ, স্বয়ং সম্রাটের পৃষ্ঠপোষকতায় তখন সন্ন্যাসীগণ নিজেদের সংখ্যা ও প্রভাব দুটোই বৃদ্ধি করার সুযোগ পায় এবং ধীরে সরকারি জমিজমা, চাকরি দখল করতে থাকে।",,,,,
"হেয়ান পর্বের সাহিত্যে নারী আধিপত্য ছিল। সে সময়কার সবচেয়ে বিখ্যাত দুজন সাহিত্যিকই ছিলেন নারী। মুরাসাকি শিকিবু এবং সেই শোনাগন, হেয়ান আমলের সাহিত্যের ধারা ঠিক হয় এ দুজনের হাত ধরেই। ",,,,,
"‘দ্য টেল অব দ্য গেঞ্জি’কে বলা হয় জাপানের এবং পৃথিবীর প্রথম পূর্ণাঙ্গ উপন্যাস। এ উপন্যাসটি লিখেছিলেন সম্ভ্রান্ত পরিবারের রমণী মুরাসাকি শিকিবুই। এই উপন্যাসটি হেয়ান আমলের সমাজ সংস্কৃতির একটি গুরুত্বপূর্ণ দলিল। এই উপন্যাসে সে সময়কার সমাজের অভিজাত মানুষদের অসার, অলস বলে উল্লেখ করা হয়েছে। কারণ অধিকাংশ অভিজাত শ্রেণীর জাপানী মানুষ তখন কাব্যচর্চায় মগ্ন থাকতেই নাকি ভালোবাসতো",,,,,
"শোনাগনের লেখা উপন্যাস ‘দ্য পিলো বুক’ থেকে জানা যায়, অভিজাত শ্রেণীর হাত ধরেই জাপানে শিল্প সাহিত্যে পরিবর্তনের ধারা সূচীত হয়। তারা প্রতিনিয়ত নিজেদেরকে ছাড়িয়ে যাবার চেষ্টায় চীনাদের অনুকরণ করতে শুরু করে। এই অনুকরণের কারণটাও বেশ মজার।",,,,,
"তখন জাপানে প্রচুর পরিমাণ চীনা পর্যটক যাতায়াত করতো। তারা নানা কারণে জাপান ও জাপানের মানুষদের তুচ্ছজ্ঞান করতো। উদাহরণস্বরূপ, জাপানে চীনা বৌদ্ধ সন্ন্যাসীদের বেশ প্রসার ছিল। জাপানের স্থানীয় সংস্কৃতির সাথে মিশে যাচ্ছিল সন্ন্যাসীদের অনেক কার্যক্রম। ",,,,,
"যেহেতু জাপানীরা নিজেদের স্বকীয়তা ধরে রাখতে ব্যর্থ হচ্ছিলো, তাই তাদেরকে নিচু শ্রেণীর মনে করা হতো। সবচেয়ে বড় কারণ ছিল জাপানী অভিজাতদের রুচি বিশেষ করে অতিমাত্রায় রঙচটা, উজ্জ্বল পোশাক-পরিচ্ছদ আর ধর্মীয় রীতিনীতিতে বৌদ্ধ সন্ন্যাসীদের অনুকরণ। ",,,,,
"হেয়ান কিয়ো শহরটি ছিল জনসংখ্যায় তৎকালীন বিশ্বের অন্যতম বৃহত্তম শহর, বর্তমান পৃথিবীর মেগাসিটিগুলোর মতো। ধারণা করা হয়, এ শহরে এক লক্ষাধিক মানুষের বসবাস ছিল। ",,,,,
রাজধানী শহর সহ প্রতিটি শহরে সাধারণ মানুষ থেকে শুরু করে অভিজাত শ্রেণী পর্যন্ত সকলেরই নির্ধারিত ৩০টি শ্রেণীর একটির অন্তর্গত ছিল। এটা জন্মসূত্রেই নির্ধারিত হয়ে যেত। এই শ্রেণীগুলোর মাঝে প্রথম চারটি কেবল রাজপরিবার ও তাদের আত্মীয়স্বজনদের জন্য নির্ধারিত ছিল।,,,,,
হেয়ান আমলে জাপানের শাসন ক্ষমতার কেন্দ্রে থাকা অভিজাত শ্রেণীর মানুষেরা শিল্প-সাহিত্য চর্চা ছাড়া আর কোনো কিছুর প্রতিই আকর্ষণ বোধ করতো না। ফলে প্রশাসনিক কাজ পরিচালনাও চলতো ঢিমেতালে। ,,,,,
"হেয়ান আমলের অভিজাতদের সংস্কৃতি। তখন আভিজাত্যের প্রধান লক্ষণগুলোর একটি ছিল অধিকমাত্রায় সংবেদনশীল হওয়া, বিশেষ করে সাহিত্যের প্রতি। অভিজাত শ্রেণীর মাঝে সর্বদা একপ্রকার মনমরা ভাব থাকতো। অর্থনৈতিক কিংবা সামাজিক কোনো কারণে নয়, তারা আসলে বিষাদ আর হতাশায় নিমজ্জিত থাকতে ভালোবাসতো।",,,,,
"বৌদ্ধদের একটি প্রচলিত নীতিবাক্য হচ্ছে- “সৌন্দর্যের চর্চা করতে হবে, কারণ সৌন্দর্য অস্থায়ী!” একটি গোলাপ ফুটন্ত অবস্থায়ই এর সৌন্দর্য উপভোগ করে নিতে হবে, কারণ তা স্থায়ী নয়।",,,,,
বিষাদময়তার ব্যাপারটা ছিল হেয়ান পর্বের অভিজাত শ্রেণীর মনের আভ্যন্তরীণ ব্যাপার। কিন্তু আদতে তারা আনন্দ উল্লাস করতে ভালোবাসতো। বিশেষত অবসর সময়টা তারা বিভিন্ন খেলাধুলা এবং উৎসবের মাধ্যমে কাটিয়ে দিতো।,,,,,
"হেয়ান আমলের সাহিত্যে নারীদের প্রভাব বেশি ছিল, তা আগেই বলা হয়েছে। প্রভাব এতটাই বেশি ছিল যে একসময় পুরুষগণ (রাজদরবারের কবি বাদে) সাহিত্যচর্চা করলে ছদ্মনামে কিংবা কোনো নারীর নামে সেগুলো প্রকাশ করতো।",,,,,
"কি সুরায়িকি নামক এক কবি তার এই ভ্রমণকাহিনীতে লেখকের নামের স্থলে একজন মহিলার নাম লিখে দিয়েছিলেন কোনো এক অজানা কারণে। কিন্তু পরে দেখা যায়, সম্রাটের প্রত্যক্ষ পৃষ্ঠপোষকতায় সুরায়িকিই সে সময়ের সবচেয়ে বড় কাব্যগ্রন্থ ‘কোকিনশু’ সংকলন করেন। কোকিনশু শব্দের অর্থ ‘অতীত এবং বর্তমানের সঞ্চয়’। এই গ্রন্থে হেয়ান আমলের পূর্বের কয়েকশ বছরের বিখ্যাত সব কবিতা সংকলিত হয়।",,,,,
"সাহিত্যের পাশাপাশি হেয়ান আমলে জাপানীদের পোশাকের রুচিও বদলে যায়, বিশেষত নারীদের। অভিজাত নারীরা ভূমি পর্যন্ত দীর্ঘ চুল রাখতো আর চেহারা ফর্সা করার জন্য নানা প্রকার ভেষজ দ্রব্যাদি ব্যবহার করতো। সিল্কের মসৃণ কাপড় ছিল তাদের পছন্দের চূড়ায়। ",,,,,
আর চীনা পর্যটকদের কল্যাণে জাপানে আমদানি হতে থাকা বাহারি রঙের জরি প্রায় সবরকমের বস্ত্রেই ব্যবহার করা হতো। অভিজাত নারীদের বস্ত্রে জরির ব্যবহার কিছুটা নিয়ন্ত্রিত হলেও সাধারণ নারীদের পোশাক জরির ভারে ভারি হয়ে উঠতো। পুরুষদের পোশাকে জরির ব্যবহার খুব একটা দেখা যেত না। ,,,,,
গৃহসজ্জার প্রচলনটাও হেয়ান আমলেই হয়। চমৎকার সব চিত্রকর্ম আর ‘ই-মাকি’ নামে পরিচিত একধরনের শোভাবর্ধকে নিজেদের বসবাসের ঘরের চেহারা বদলে দিতে পছন্দ করতো তারা।,,,,,
"ভালো দিক হচ্ছে, রাজপরিবারের সদস্যদের পাশাপাশি বিখ্যাত সব দার্শনিক আর কবি সাহিত্যিকদের মূর্তিও তৈরি করা হতো। এর পাশাপাশি রং কিংবা কয়লা ব্যবহার করে আঁকা হতো ছবিও। তবে সবচেয়ে নান্দনিক হতো বুদ্ধমূর্তিগুলো, যেগুলো সাদা মার্বেল পাথর কিংবা ব্রোঞ্জ দ্বারা তৈরি করা হতো। ",,,,,
অভিজাত শ্রেণীর লোকজন এ ধরনের চিত্রকর্ম আর ভাস্কর্যের কদর করতো বিধায় সে সময় জাপানে চিত্রশিল্পী আর ভাস্করদের স্বতন্ত্র সম্মানজনক পেশা তৈরি হয়। তাদের মধ্য থেকেই উঠে আসে জাপানের অনেক ইতিহাসখ্যাত শিল্পী।,,,,,
"জাপানের দীর্ঘ ইতিহাসের একটা সংক্ষিপ্ত পর্যায় হলো হেয়ান পর্ব। অথচ এই সংক্ষিপ্ত সময়টাই জাপানের শিল্প সাহিত্যের পুনর্জন্ম ঘটিয়ে দিয়ে গেছে, জাপানী সাহিত্যকে আধুনিকতার পথে পা বাড়াতে সহায়তা করেছে। ",,,,,
"ভ্রমণের জন্য জাপান এশিয়ার মধ্যে সবচেয়ে নিরাপদ একটি রাষ্ট্র। নিজেদের  ইতিহাস আর ঐতিহ্য বেশ যত্ন সহকারে সংরক্ষণ করছে এ দেশটি। এ কারণে এখানকার বিভিন্ন প্রদেশে হাজারো বছরের পুরনো মন্দির, ভবন দেখা যায় আজও।",,,,,
"বর্তমানে কিমোনো নারীদের কেই পরতে দেখা যায় বিশেষ অনুষ্ঠানে।অবিবাহিত মেয়েরা ঐতিহ্যগতভাবে বিশেষ অনুষ্ঠানে ফুরিসোদে কিমোনো পড়ে থাকে ।পুরুষেরা সাধারণত বিয়ে,চা অনুষ্ঠান এবং অন্যান্য অধিক গুরুত্বপূর্ণ আর আনুষ্ঠানিক উপলক্ষ্যে পড়ে থাকে",,,,,
জাপানের আরাশিয়ামার বাঁশ বাগানের খ্যাতি রয়েছে বিশ্ব জোড়া। দেশটির কিয়াটো শহরের উপকন্ঠে গড়ে উঠেছে এ বাগান। একে আরও আকর্ষণীয় করে তুলতে বাঁশ বাগানের মাঝখানে তৈরি করা হয়ে পায়ে চলা পথ। গোটা বিশ্ব থেকে অনেক পযর্টকই এ বাগান দেখতে ছুটে আসেন।   ,,,,,
"যারা বৈচিত্রময় খাবার পছন্দ করেন তাদের জন্য জাপান আদর্শ একটি স্থান। ভাত থেকে শুরু করে এখানে বিভিন্ন স্বাদের খাবার পাওয়া যায়। বিশেষ করে সামুদ্রিক মাছ, সবজি, নানারকম ফল আর ভিনেগার দেওয়া ভাত দিয়ে তৈরি খাবার 'সুশি' অনেক দেশের মানুষের কাছেই প্রিয়।",,,,,
গোটা জাপান জুড়েই এপ্রিল থেকে মে মাসে চেরি ফুল ফোটে। এসময় পথ ছেয়ে যায় এ ফুলে। যারা ফুল ভালোবাসেন তারা এ সময়ে যেতে পারেন জাপানে। তখন জাপান সেজে ওঠে অনন্য এক সাজে।,,,,,
বন আর প্রকৃতির জন্য জাপানের আলাদা সুখ্যাতি আছে। গোটা দেশে ৬২ টি বন রয়েছে। প্রকৃতির সান্নিধ্য পেতে কিংবা মেডিটেশন করতে নিশ্চিন্তে যেতে পারেন এসব বনে।জাপানে হাজারো বছরের পুরনো সব বাগান রয়েছে।বর্তমানে সে গুলোতে আধুনিকতার ছাপ আনা হয়েছে। ,,,,,
জাপানে সবচেয়ে বেশি চাষ হয় ধানের। ওই দেশের প্রায় সব প্রদেশে ধানের চাষ হয়। এছাড়া উচ্চ ফলনশীল ফল এবং মাংসও উৎপাদন হয় বিভিন্ন ফার্মে। এ কারণে জাপানে কৃষিভিত্তিক পর্যটন কেন্দ্র গড়ে উঠেছে বিভিন্ন স্থানে। ,,,,,
"জাপানে স্থানীয়ভাবে বিভিন্ন ধরনের উৎসবের আয়োজন করা হয। প্রায় সারা বছরই স্থানীয়রা নানা ধরনের উৎসবে মেতে থাকে।  কোনো দেব-দেবীর উদ্দেশে, বিভিন্ন মৌসুমে. কখনও বা ঐতিহাসিক কোনো কারণে তারা উৎসব উদযাপন করে। কোনো কোনো উৎসব কয়েকদিন ধরে চলে।  ",,,,,
"জাপান ভ্রমণের সবচেয়ে সেরা সময় মার্চ থেকে মে কিংবা সেপ্টেম্বর থেকে নভেম্বর। কারণ এই সময়ে জাপানের তাপমাত্রা মাঝারি থাকে, বৃষ্টিপাতও কম হয়।  ",,,,,
"জাপানের আবহাওয়ায় বাংলাদেশের মতো ফাগুনের সেই ফুরফুরে বাতাসটা গায়ে লাগে না। তাই বলে ওদের ঋতুতে যে বসন্ত নেই তা নয়। ওদেরও আছে বসন্ত, গ্রীষ্ম, শরৎ ও শীত। বর্ষা ওদের ঋতুতে না থাকলেও বৃষ্টির ঝামেলায় অহরহ পড়তে হয়। ",,,,,
"গ্রীষ্মকালটা জাপানিজদের জন্য ভয়ংকর একটা ঋতু। এই সময়টা আসলেই আকাশে বাতাসে একই ধ্বনি উচ্চারিত হয়, আর সেটা হলো আতসুই! আতসুই! (গরম-গরম)। এই সময় কাঁঠাল পাকা গরম পড়ে। জাপানে কাঁঠাল নাই তাই আমরাই একটু পাকি।",,,,,
"গরমে ওদের হা-হুতাশ দেখলে বোঝা যায় কতটা বিরক্ত ওরা গ্রীষ্মকালটার প্রতি। ঠিকমতো মুখে বুলি আসেনি যে বাচ্চাটির, সেও গরমে অস্থির হয়ে বলে ওঠে, আতসুই (গরম!)।",,,,,
"গ্রিটিংসে পরিবর্তন আসে গরমের সময়। ওহাইও গোদাইমাস (সকালের গ্রিটিংস, শুভ সকাল) হয়ে যায় আতসুই দেসনে! (খুব গরম পড়েছে, তাই না!)। এসি রুমে বসে থেকেও মনের অজান্তেই হাতপাখাটা নাড়াতে থাকবে।",,,,,
জাপানে আসার অনেক বছর হয়ে গেল। অনেক হাড় কাঁপানো শীতকাল পার করেছি সঙ্গে পিঠ পুড়ে যাওয়া গ্রীষ্মকালও। জাপানিরা অবশ্য গ্রীষ্মকালের চেয়ে শীতকালটাকে বেশি পছন্দ করে। বাংলাদেশে শীতকাল বেশি বয়স্কদের জন্য যেমন ভয়ংকর তেমনি এখানে গ্রীষ্মকালটা জাপানে সব বয়সীদের জন্যই বিপজ্জনক।,,,,,
গ্রীষ্মকালে জাপানিরা একটা খেলা খেলতে পছন্দ করে আর সেটা হলো তরমুজ ফাটানো খেলা। ওরা এটাকে সুইকা ওয়ারী বলে। গ্রীষ্মের ছুটিতে শহরে থাকা নাতি নাতনিরা যখন দাদা-দাদি কিংবা নানা-নানির বাড়ি বেড়াতে আসে তখন সবাই মিলে এই খেলাটা খেলে।,,,,,
আতসুই আতসুই করেও এরা গ্রীষ্মকালের ইভেন্টগুলোকে মিস করতে চায় না। হাত পাখা হাতে নিয়েও এরা হানামি তাইকাই (fireworks) দেখতে যায়। হানা মানে হলো ফুল আর বি হলো আগুন। সাদামাটা বঙ্গানুবাদ করলে অর্থ দাঁড়ায় ফুলের আগুন। পটকাগুলো আকাশে আগুনের ফুল সৃষ্টি করে বলেই এ রকম নামকরণ করেছে।,,,,,
দেশের রথযাত্রার মতো এরাও কাঁধে ওদের কামিসামাকে (ওদের গডকে) নিয়ে দৌড়াদৌড়ি করে। তবে কমন ইভেন্ট হলো নাচানাচি করা। ছেলেমেয়ে সবাই একসঙ্গে রাস্তায় নেমে নাচানাচি শুরু করে।,,,,,
আমাদের এখানটার মাতসুরিটার নাম হলো শান শান মাতসুরি। হাতে রংবেরঙের ছাতা নিয়ে এরা নাচে। ছাতাতে ঝুনঝুনির মতো কিছু বাঁধানো থাকে। নাচের তালে তালে ঝুনঝুনিগুলোও শান শান শব্দ করে। মনে হয় নামটাও ওখান থেকে আসতে পারে। ,,,,,
"জাপানে আসার পর থেকে দেখেই চলেছি এই সব উৎসব ও আতশবাজি। আতশবাজির স্থানগুলো সব সিটিতেই একই রকম। এগুলো সাধারণত নদীর পাড়, লেকের ধারে, না হয় সমুদ্রের বিচগুলোতে হয়ে থাকে। তবে নদী কিংবা লেকগুলোই বেশি প্রিফার করে।",,,,,
"নাৎসু মাৎসুরির সঙ্গে সঙ্গে মশাগুলোরও ছোটখাট উৎসব হয়ে যায়। ওপরের দিকে দেখতে দেখতে ঘাড়ে ব্যথা হয়ে যায়। তারপরেও মিস করি না জাপানের আতশবাজি। কেননা রাত জেগে মশার কামড় সহ্য করে কিচ্ছা, কাওয়ালী গান শোনার স্মৃতিগুলোকে টেনে আনার চেষ্টা করি।",,,,,
"কথিত আছে, আকাশগঙ্গা (মিল্কি ওয়ে) নামের এক নক্ষত্রপুঞ্জ তারার এক ‘প্রেমিকযুগল’কে বহুকাল আগে আলাদা করে দিয়েছিল এবং তখন বছরে শুধু একটি মাত্র দিনে তাদেরকে দেখা করার অনুমতি দেয়া হয়। আর সেই দিনটি হল সপ্তম চন্দ্র মাসের সপ্তমদিন, যা তানাবাতা নামে পরিচিত।",,,,,
"জাপানের সকল অঞ্চলে অবশ্য তানাবাতা একই দিনে উদযাপন করা হয়না, তবে জুলাই মাসের ৭ তারিখ থেকেই শুরু হয় তানাবাতা উদযাপন। অগাস্ট মাসেও চলে এই উৎসব আয়োজন।",,,,,
"সেন্দাই শহর তানাবাতা উদযাপনের জন্য বিখ্যাত, এখানে সপ্তাহব্যাপী চলে অনুষ্ঠান। এ সময় সেন্দাই সেজে উঠে সম্পূর্ণ নতুন সাজে। পুরো শহরকে বাহারি রঙের কারুকাজ করা কাগজে মোড়ানো হয়। কারুকাজ করা রঙ্গিন কাগজে ঢাকা থাকে থাকে দোকানপাট, রাস্তাঘাটও।",,,,,
দিনগুলোকে জাপানি প্রেমিক যুগলরা ভালোবাসা দিবস হিসাবে উদযাপন করে। জাপানি ঐতিহ্যবাহী পোষাক পরে শপিং মল আর রেস্তোরাঁয় ঘুরে বেড়ায় অনেকে। একারণে এসব যায়গায় চোখে পড়ে উপচে পড়া ভিড়। দোকান ও রেস্তোরাঁগুলোতে আবার থাকে মূল্যছাড়।,,,,,
তানাবাতা  উৎসবের বিশেষ আকর্ষণ হচ্ছে ‘হানাবি’ বা আতশবাজি। অনুষ্ঠানের কোন একটি সন্ধ্যায় নদীর ধারে ২ ঘন্টা ধরে চলে আতশবাজির খেলা। আকাশ ছেয়ে যায় আলোকসজ্জায়। বজ্রপাতের মত প্রচন্ড শব্দের আতশবাজির সঙ্গে ছেলেবুড়ো সকলে মিলে চিৎকার চেচামেচি আর হৈ-হুল্লোড়ের মাঝে আনন্দ উদযাপন করে।,,,,,
"এবারও টোকিওতে সবার আগে ফুটতে শুরু করেছে ঐতিহ্যবাহী চেরি। জাপানের আবহাওয়া সংস্থা চেরি ফুলের মৌসুম শুরুর ঘোষণা করেছে, ফলে নগরবাসী চেরি গাছ ও ফুল সংক্রান্ত আইটেমগুলো নিয়ে মাতোয়ারা হয়ে উঠতে পারবেন।",,,,,
সৌভাগ্য লাভ ও মহামারি থেকে মুক্তির প্রার্থনা করতে হাজার হাজার ভক্ত এদিন জড়ো হন টোকিওর মেইজি মন্দিরে। করোনা সংক্রমণের কারণে সীমিত পরিসরে হলেও নববর্ষ বরণকে ঘিরে আয়োজনের কমতি ছিল না বিভিন্ন শহরে।,,,,,
নতুন বছরের সূর্য ওঠার আগেই জাপানিরা জড়ো হন টোকিওর মেইজি মন্দিরের সামনে। সবাই অপেক্ষা করেন নতুন বছরকে বরণ করে নিতে। বেশিরভাগই ব্যস্ত মুঠোফোনে নতুন সূর্যোদয়ের ছবি তুলতে। এর পরেই সবাই সমবেত হয়ে অংশ নেবেন প্রার্থনায়।,,,,,
জাপানে নতুন বছর উদযাপনের সবচেয়ে গুরুত্বপূর্ণ অংশ মন্দিরে মন্দিরে প্রার্থনায় সমবেত হওয়া। করোনা মহামারির মধ্যেই এদিন জাপানিরা মাস্ক পরে ও সামাজিক দূরত্ব বজায় রেখে প্রার্থনায় অংশ নেন।,,,,,
"নতুন বছর জাপানে শুধু ছুটির দিন নয়, এটি গুরুত্বপূর্ণ ছুটির দিন। পরিবার-পরিজন নিয়ে এদিন বেশির ভাগ দর্শনার্থী স্থানীয় মন্দিরে উপস্থিত হওয়া ছাড়াও বিভিন্ন স্থানে মিলিত হয়ে মেতে উঠেন আনন্দ উৎযাপনে।",,,,,
দেশটিতে নতুন বছর আগমন উপলক্ষে ভাত দিয়ে বিশেষভাবে তৈরি এক ধরনের আঠালো ধাঁচের পিঠাকে জাপানি ভাষায় মোচি বলে। বেশ পুরোনো ও ঐতিহ্যবাহী সুস্বাদু পিঠা এটি। রীতিমতো উৎসব করে বানানো ও খাওয়ানো হয় এই পিঠা। সাধারণত নতুন বছরকে স্বাগত জানিয়ে ভাতের তৈরি পিঠা বা কেকের উৎসবকে এখানে মোচিসুকি বলে।,,,,,
ছোট আকারের মিষ্টি জাতীয় মোচিগোম নামের একজাতীয় আঠালো চাল দিয়ে মোচি পিঠা–রাইস কেক–ভাতের পিঠা তৈরি করা হয়। এই চাল সারা রাত পানিতে ভিজিয়ে রাখতে হয়। সকালে পুরো পানি ভালোমতো ছেঁকে নিয়ে সেটা গরম পানির ভাপ দিয়ে সেদ্ধ করতে হয়।,,,,,
"জাপানে নতুন বছরকে স্বাগত জানাতে বিভিন্ন উৎসব আয়োজনের পাশাপাশি কিছু পুরোনো রীতি পালন করাও হয়ে থাকে। এর মধ্যে অন্যতম হলো শিমেনাওয়া নামক একটি গোলাকার রিং বানানো ও টাঙানো। এই রিংটি তারা বাড়ির সদর দরজার বাইরে ওপরে দরজার ঠিক মাঝখানে টাঙিয়ে রাখে। জাপানিরা বিশ্বাস করে এই রিং বাসায় বাইরে টাঙালে সব অমঙ্গল, মন্দ কিছুই বাসার ভেতরে প্রবেশ করতে পারবে না।",,,,,
এভাবে তৈরি হয় জাপানের নতুন বছরের আরেক ঐতিহ্যবাহী হাতে বানানো মঙ্গলের বার্তাবাহক শিমেনাওয়া। নববর্ষের প্রাক্কালে জিনিসটি একে অন্যকে উপহার দেওয়া এখানে একটা সম্মানিত রীতি হিসেবেও জানা হয়।,,,,,
"রেস্তোরাগুলোর প্রবেশ পথের বৈশিষ্ট্য লম্বা করিডোর অতিথিদের অভ্যর্থনা জানাতে এ ধরনের করিডোর রাখা এখানকার ঐতিহ্য । খাবার আইটেম হলো কাঁচা মাছ , পানিও ,কয়েক প্রকার সূপ , চিটচিটে ভাতের সাথে চিংড়ির লার্ভা ভাঁজি, সালাদ আর শুশি। ",,,,,
ধর্ম-কর্মে জাপানিরা তেমন সময় ব্যয় করে না  জাপানীদের কাছে ধর্ম  হয়ত নৈবেত্তিক ব্যপার তাদের আসল ধর্ম সিস্টেম যা তারা শ্রদ্ধার সাথে পালন করে তবে মজার ব্যাপার হলো স্মার্ট হতে জাপানিরা গরুকে পূজা করে ,,,,,
জাপানের ঐতিহ্যবাহী সংস্কৃতির একটি অংশ হচ্ছে আগুন উৎসব। জাপানের তিনটি বৃহত্তম আগুন উৎসবের অন্যতম এক উৎসবের নাম ‘ওতোমাৎসুরি’।,,,,,
"১,৪০০ বছরের পুরনো ওয়াকামায়ার এই আগুন উৎসব। জাপানীরা এই উৎসবকে খুবই পবিত্র মনে করে। সবুজ পাহাড়ে ঘেরা আর প্রশান্ত মহাসাগরের খুব কাছেই অবস্থিত জাপানের ‘কী’ উপদ্বীপের শিঙ্গু শহরের কুমানো নামক অঞ্চলে আয়োজিত হয় এই উৎসব।",,,,,
মূলত দেবতাদের ‍উদ্দেশ্যে নিবেদিত হয় এই উৎসব। নতুন বছরকে স্বাগত জানানো এবং নিজেদেরকে শুদ্ধ করে নিতেই স্থানীয়রা প্রতি বছর ৬ ফেব্রুয়ারি প্রবল জাঁকজমকের সাথে পালন করে এই উৎসব।,,,,,
"অঞ্চলটি বিভিন্ন শিল্প ও মৎস্যজীবীদের মূল বাণিজ্যিক কেন্দ্র হিসেবে পরিচিত। এখানেই রয়েছে জাপানের সবচেয়ে প্রাচীন কামিকুরা মঠ। আর এই মঠকে কেন্দ্র করে আয়োজিত হয় জাপানের ঐতিহ্যবাহী অনন্য এক উৎসব, জাপানী ভাষায় যাকে বলা হয় ‘ওতোমাৎসুরি’ বা আগুন উৎসব।",,,,,
"প্রাচীনকাল থেকেই পাহাড়ের এই জায়গাটিকে পূজা করে আসছে এখানকার মানুষ। তাদের বিশ্বাস, স্থানটি ধর্মবিশ্বাসী মানুষদের কাছে বড়ই পবিত্র। কারণ, দেবতা বাস করেন এখানে।",,,,,
"জলস্রোতের গা ঘেঁষে রয়েছে নিস্তব্ধতায় মোড়া পর্বতমালা। পাহাড়ের এই রহস্যময় সৌন্দর্য থেকেই বোধহয় বহু আগে জাপানীরা পর্বতকে পূজো করতে শুরু করেছিল। আর তা থেকেই জন্ম নিয়েছিল এক নতুন ধর্মের, যার নাম শুগেন্দো। জাপানীদের বিশ্বাস, মানুষ মারা যাওয়ার পর তাদের আত্মা চলে যায় কুমানো রেঞ্জের এই পর্বতের চূড়ায়।",,,,,
"তিনটি পবিত্র জায়গা রয়েছে অঞ্চলটিতে- হঙ্গু তাইসা, হায়াতমা তাইসা আর নাচি তাইসা। এই জায়গাগুলোতে ঘন ঘন যাতায়াত করতেন অভিজাত ব্যক্তি, পুরোহিত আর সামুরাই যোদ্ধারা। ",,,,,
"কুমানোর অধিবাসীরা মনে করেন, আগুন তাদের জীবনের সমস্ত শক্তির উৎস। তাই তারা শ্বাস-প্রশ্বাসের সঙ্গে আগুন থেকে সমস্ত শক্তি আহরণ করে নিতে চান। আগুন থেকে তারা পান প্রেরণা, জীবন সংগ্রামে জয়ী হওয়ার তীব্র আকাঙ্ক্ষা। ",,,,,
"স্থানীয় প্রথা অনুসারে, প্রত্যেক পরিবারের প্রতিটি ছেলেকে বড় হওয়ার আগেই অন্তত একবার পাহাড়ের ওপর এই পবিত্র স্থান দেখতে যেতেই হবে। এখানে গিয়ে সে ফসলের দেবতা থেকে শুরু করে অন্যান্য দেবতাদের শ্রদ্ধা জানাবে।",,,,,
"উৎসবে নারীদের যোগদানে বাধা রয়েছে, যা জাপানের অন্যান্য ঐতিহ্যবাহী উৎসবেও দেখতে পাওয়া যায়। ",,,,,
এই আগুন উৎসবে যারা যোগদান করে তাদের পবিত্রতার জন্য খেতে দেওয়া হয় সাদা রঙের খাবার।খাবার সাদা হওয়ার কারণ হলো সাদা শুভ্রতা ও বিশুদ্ধতার প্রতীক।,,,,,
"মশাল নিয়ে যাওয়ার সময় চারপাশের লোকজন সিঁড়ির পাশে দাঁড়িয়ে চিৎকার করে মশাল বাহকদের উৎসাহ দেয়। ক’দিন আগেও যে-জায়গাটা ছিল নিস্তব্ধতায় ঢাকা, কোলাহলবিহীন; সেখানে সেদিন যেন মানুষের চিৎকার আর উল্লাসের ধ্বনিতে কানপাতা দায়, চারদিকে থাকে ব্যস্ত কোলাহল। “আগুন জ্বালো, আগুন জ্বালো” এই প্রচণ্ড চিৎকার ছড়িয়ে পড়ে চারদিকে, জ্বলে ওঠে দু’হাজার মশাল।",,,,,
"উৎসব শেষ হয়ে যাওয়ার পর জ্বলন্ত মশাল হাতে দ্রুতবেগে খাড়াই বেয়ে সকলে নিচে নামতে থাকে। মশাল বহনকারী মিছিলটি এমনভাবে নিচে নামতে থাকে, তা দেখে কখনো মনে হয় কোনো ড্রাগনের মুখ থেকে আগুণের স্ফুলিঙ্গ বের হতে হতে পাহাড় দিয়ে নেমে আসছে, আবার কখনো বা মনে হয় যেন আগুনের নদীর স্রোত বয়ে চলেছে। ",,,,,
"এই উৎসব দেখার জন্য ছোট ছোট শিশুরা বাবার কাঁধে চেপে আসে, উৎসবের জোয়ারে যেন তারা কান্না করতেও ভুলে যায়। উৎসবের আবেদন তাদেরকেও মোহবিষ্ট করে রাখে।
",,,,,
জাপানিদের জীবনযাত্রায় বিশ্বের কাছে তারা হয়ে উঠেছে অসাধারণ। জাপানি মানুষ পরিশ্রমী ও  তারা পারিবারিকভাবে সুখী। তারা পরিবারকে সময় ও গুরুত্ব দেয়।,,,,,
তিদিন সকালে জাপানিরা কাপড় শুকায়। জাপানিরা এক কাপড় না ধুয়ে দুবার পড়ে না। জাপানিরা পরিচ্ছন্ন  পোশাক পরিধানে গুরুত্ব দেয়।,,,,,
"জাপানের মানুষ পরিষ্কার পরিচ্ছন্ন। পথিমধ্যে ময়লার ঝুড়ি  খুঁজে না পেলে তারা ব্যাগে করে ময়লা বাড়িতে নিয়ে যায়, তা হোক চিপসের প্যাকেট কিংবা তরমুজের খোসা। এ কারণে জাপানের রাস্তায় ময়লা আবর্জনা খুঁজে পাওয়া দুরূহ।",,,,,
গ্রীষ্ম কিংবা বর্ষা জাপানিদের সাথে ছাতা থাকবেই। তা গ্রীষ্মে যেমন রোদের থেকে সুরক্ষা দেয় তেমনি পথিমধ্যে হঠাৎ বৃষ্টি থেকেও বাঁচায়। ,,,,,
জাপানি গাড়ির ড্রাইভারদের বিশেষভাবে ট্রেনিং দিয়ে দক্ষ ও অভিজ্ঞ করা হয়। তাদের দেশের ট্রাফিক আইন মেনে চলা বাধ্যতামুলক এবং ড্রাইভাররাও অনেক বেশি সচেতন এবং মনোযোগী।,,,,,
জাপানিরা মিথ্যা ও ঠকবাজিতে শুন্য সহনশীলতা অনুসরন করে। জাপানে দরাদরি করে জিনিস কেনাবেচা হয়না। সব পণ্য নির্ধারিত ও সঠিক দামে বিক্রি হয়।,,,,,
জাপান বিশ্বের নিরাপদ দেশগুলোর মধ্যে অন্যতম। এ দেশের আইনশৃৃম্খলা খুবই উন্নত। পুলিশ যথেষ্ট বন্ধুসুলভ ও সহযোগী।,,,,,
ক্রিসমাস ডে উপলক্ষে জাপানের ছুটির ঐতিহ্য নেই। কিন্তু এ দিনটাকে জাপানে অনেকটা ভালোবাসা দিবস হিসেবে পালনে উদ্বুদ্ধ করা হয়।এ দিনে প্রিয়জনের সাথে ঘুরতে যাওয়া ও উপহার দেয়া তাদের ঐতিহ্য।,,,,,
"জাপানের অন্যতম প্রাচীন ও জনপ্রিয় ঐতিহ্যবাহী শিল্প হলো কাবুকি। এটি এক ধরনের নাট্যশিল্প, যেখানে অভিনয়, সঙ্গীত, নাচ, পোশাক ও মুখোশ—সব মিলিয়ে গড়ে ওঠে এক জাদুকরী পরিবেশ।",,,,,
আইনুদের দাস দাসী করতে বাধ্য করার এই মানসিকতাকে অনেক প্রগতিশীল জাপানিরাই অনেক সমালোচনা করেছে।যা কখন ও মানবিকতা কিংবা ন্যায় নীতি কে অনুসরণ করে না ।অনেক সমালোচনার পর ও কেন জানি এই জাতিরা মানুষেরা সব দিক দিয়ে নিগৃহীত ।,,,,,
"ইউকেটা কিমনোর খুব হালকা সংক্ষিপ্ত সংস্করণ। সুতির মতো নরম হালকা ওজনের ফ্যাব্রিক থেকে তৈরি, পোশাকের নামটি স্নানের কাপড়ে অনুবাদ করে, যার জন্য এটি মূলত
তৈরি পুরুষ এবং মহিলা উভয়ই এটি পরতে পছন্দ করেন।",,,,,
"
জাপানের ঐতিহ্যবাহী পোশাক কিমোনো পরে সহজে চলাফেরার প্রয়োজনে জন্ম নেয় ‘নানবা ওয়াক’ নামের এক বিশেষ হাঁটার শৈলী। এতে হাঁটার সময় ছোট ছোট কদম ফলতে হয়। ",,,,,
"নানবা ওয়াক পদ্ধতিতে হাঁটার ফলে দেহের ভারসাম্য বৃদ্ধি পায়, মাংসপেশি শক্তিশালী হয় এবং জয়েন্টের নমনীয়তা বজায় থাকে। এই অনুশীলন বিশেষভাবে কার্যকর প্রমাণিত হয়েছে আধুনিক ফিজিওথেরাপি ও বয়সভিত্তিক ব্যায়ামে।",,,,,
"জাপানে হাঁটা মানেই প্রকৃতির মাঝে নিজেকে হারিয়ে ফেলা। দেশের প্রতিটি কোণে ছড়িয়ে থাকা শত শত হাইকিং ট্রেইল—যেমন গিয়োনইয়ামা, টেনেন রুট বা মাউন্ট তাকাও—শুধু শারীরিক ব্যায়ামের জন্য নয়, বরং ইতিহাস, প্রকৃতি ও আত্মিক চর্চার জন্যই জনপ্রিয়।",,,,,
"এই সব পথে হাঁটলে আপনি পেয়ে যাবেন পুরোনো বৌদ্ধ মন্দির, বয়ে চলা ঝরনা ধারা কিংবা প্রাচীন কোনো গ্রামের মাটির সোঁদা গন্ধ। এমন হাঁটা একান্তই নিজের সঙ্গে নিজেকে দেখা—একটা চলমান ধ্যান, যেখানে প্রকৃতি হয়ে ওঠে নীরব শিক্ষক।",,,,,
"‘ওয়াক জাপান’ নামের বিশেষ ভ্রমণ উদ্যোগগুলো হাঁটাকে পরিণত করেছে এক ব্যতিক্রমী অভিজ্ঞতায়। এই সফরগুলোতে অংশগ্রহণকারীরা কেবল পাহাড় বা উপত্যকা পেরিয়ে যান না, বরং শোনেন স্থানভিত্তিক লোককথা, জানতে পারেন গ্রামীণ ইতিহাস, স্বাদ নেন স্থানীয় খাবারের এবং এক ধরনের মননশীল পথচলার অংশ হয়ে ওঠেন।
",,,,,
জাপানের তুলনামূলক দুর্বল পারিবারিক জীবন ও অতি ব্যস্ত কর্মজীবনে সামান্য আনন্দ এনে দিতে ঐতিহ্যগতভাবেই সারা বছর বিভিন্ন ধরনের উৎসব লেগেই থাকে।,,,,,
সারা জাপানেই পুরো গ্রীষ্মকাল জুড়ে সাপ্তাহিক ছুটির দিনগুলিতে এলাকাভেদে এই আয়োজন চলে। তবে আতশবাজি মানে শুধু যে আতশবাজি তা কিন্তু নয়। এ উপলক্ষে রীতিমতো মেলার আয়োজন হয়।,,,,,
"বাচ্চারা দাদা-দাদি বা বাবা-মার সঙ্গে মেলায় আসে, বিভিন্ন খেলায় অংশ নেয়, খাবার কিনে খায়, আবার বিভিন্ন খেলনা কিনে নিয়ে যায়। পারিবারিক সম্পর্কগুলো কিছুটা হলেও প্রাণ লাভ করে। তরুণ-তরুণীরা বিশেষ করে জুটিরা ঐতিহ্যবাহী পোশাক ইউকাতা পরে অনুষ্ঠানে ",,,,,
"কাগোশিমার সামার নাইট প্রায় দেড় লাখ লোক উপভোগ করে থাকেন। শনিবার দুপুরের পর থেকেই বাস, ট্রামে উপচে পড়া ভিড়, যদিও মূল আকর্ষণ আতশবাজি শুরু হবে সন্ধ্যা সাড়ে সাতটায়। অনেকে তো ঝামেলা এড়াতে কয়েক কিলোমিটার পথ হেঁটেই রওনা দিয়েছেন। ",,,,,
"চারপাশে মানুষ আর মানুষ। জাপানে একসঙ্গে এত মানুষ কালেভদ্রে দেখা যায়। ভীষণ গরম। তবুও আগ্রহভরে অপেক্ষা করে রইলাম। আশপাশের সবাই খাবার পসরা নিয়ে বসে পড়েছেন। তাদের দেখে তীব্র ক্ষুধা অনুভব করছিলাম, এমন সময় সব ভাবিরা হরেকপদের খাবার বের করলেন। খুব মজা করে খেলাম।",,,,,
"খাওয়া শেষ করতে করতেই সময় এল আতশবাজির। একটার পর একটা, তারপর আরেকটা। এ সৌন্দর্য যেন বর্ণনা করার মতো নয়। হানাবি শব্দের আক্ষরিক অর্থ দাঁড়ায় আগুনের ফুল। রং–বেরঙের আতশবাজি সত্যিই যেন আগুনের ফুল",,,,,
"উন্নত দেশ আসলে শুধু অবকাঠামোর উন্নয়নের মধ্যেই সীমাবদ্ধ নয়, বরং জনগণের মানবীয় গুণাবলির বিকাশের মধ্যেও বিস্তৃত। ",,,,,
চোখ জুড়িয়ে গেল আইনুদের নিস্তব্ধ সুন্দর পরিকল্পিত ভাবে সাজানো গ্রাম দেখে ।আমাদের জাপানী দাদী বরাবর আমাদের তাঁর নিজের মতো গাইড করতে ভালোবাসে ।,,,,,
সবাই ভাল্লুক দেবতার সাথে ছবি তোলা শুরু করলাম । এখন ও ভাবলে মন ভাল হয়ে যায় । কিছু সুখের ভ্রমন প্রতিটি মানুষকে দুঃসময়েও সুখের স্মৃতি হয়ে আগলে রাখে । মন কে একাগ্রতা আর শক্তি দেয় । সেই সব সুখের স্মৃতি ভেবেই অনিশ্চিত জীবন পার করে দেওয়া যায় ।,,,,,
"বিগ হাউজ , নেক্সট হাউজ , ফোর হাউজ , ফুঁড স্টোরেজ , স্মল হাউজ সহ খুব সুন্দর সব নান্দনিক ডিজাইনের ঘর । এর সাথে আছে আইনু মিউজিয়াম , বাম পাশে বয়ে গেছে শিরাও পরতকান লেক । এই লেক ঘিরে আছে শিহরণ জাগানিয়া সব লোক কথা বা মিথ ।",,,,,
"চারপাশে মানুষ আর মানুষ। জাপানে একসঙ্গে এত মানুষ কালেভদ্রে দেখা যায়। ভীষণ গরম। তবুও আগ্রহভরে অপেক্ষা করে রইলাম। আশপাশের সবাই খাবার পসরা নিয়ে বসে পড়েছেন। তাদের দেখে তীব্র ক্ষুধা অনুভব করছিলাম, এমন সময় সব ভাবিরা হরেকপদের খাবার বের করলেন। খুব মজা করে খেলাম।",,,,,
আনন্দে মন ভরে গেল । যখন আইনু কন্যারা তাদের ঐতিহ্যবাহী পোশাক পড়ে এই ঘর থেকে অন্য ঘরে দৌড়ে বেড়াচ্ছিল । আমাদের দেখে কয়েকজন আইনু কন্যা হাসি মুখে খুব আন্তরিকতা নিয়ে অভ্যথনা জানাল । ,,,,,
"খুব সিরিয়াস ভঙ্গিতে চিয়ো সাইতো বলল ,' আইনুরা জাপানে লুকানো জাতি । তাঁরা জাপানে বসবাস করলেও তাদের জীবন এবং সুযোগ সুবিধা জাপানিদের মতো না । জাপান তাদের নাগরিক মনে করেনা ।""",,,,,
"আমার মনটা বিষণ্ণতায় আক্রান্ত হল । জাপান দেশটা কে ভাল জানতাম । এখানেও সংখ্যা লঘুদের সাথে বৈষম্যমুলক আচরন হয় । সকল মনের ভার কমিয়ে দেয় অনাবিল প্রাকৃতিক সৌন্দর্য ,আইনু কন্যাদের গায়ের রঙ্গিন সব পোশাক , মুখের উৎফুল্ল হাসি ।",,,,,
কিছুক্ষন পর একটা ভাল্লুক মেরে কাঁধে করে আগুনের সামনে নিয়ে এল । সবাই মুখে কি যেন বলে । যদিও আসল ভাল্লুক না । শুধু দর্শকদের তাদের সংস্কৃতি দেখানোর জন্য কৃত্রিম বানানো ভাল্লুক মেরে দুজন ব্যক্তি নিয়ে আসে । সেই ভাল্লুক কে ঘিরে এক দল আইনু কন্যা নিজেদের ভাষায় গান গেয়ে নেচে আনন্দ করল । ,,,,,
"আইনুরা আরও বিশ্বাস করে ভাল্লুকেরা তাদের মাছ শিকার , জমি চাষ আর কাপড় বুনতে শিখিয়েছে । তারা দেবতার সন্তুষ্টির জন্য ভাল্লুক হত্যা বা বলি দেওয়া হয় অনেক ধরনের ধর্মীয় আচার অনুষ্ঠান পালন করে ।",,,,,
আত্মাদের দেবতার কাছে পাঠানো হয় । শুধু ভাল্লুকই নয় শেয়াল আর প্যাঁচা সহ অন্য প্রাণীদেরও দেবতাদের দেশে পাঠানো হয় । ,,,,,
বিশ্ব জুড়ে জাপানের আরাশিয়ামার বাঁশ বাগান বেশ খ্যাতি অর্জন করেছে। এই বাঁশ বাগানটি দেশটির কিয়াটো শহরের উপকণ্ঠে গড়ে উঠেছে।,,,,,
"যারা বৈচিত্র্যময় খাবার পছন্দ করেন তাদের জন্য জাপান আদর্শ একটি স্থান। ভাত থেকে শুরু করে এখানে বিভিন্ন স্বাদের খাবার পাওয়া যায়। বিশেষ করে সামুদ্রিক মাছ, সবজি, নানারকম ফল আর ভিনেগার দেওয়া ভাত দিয়ে তৈরি খাবার 'সুশি' অনেক দেশের মানুষের কাছেই জনপ্রিয়। ",,,,,
গোটা জাপান জুড়েই এপ্রিল থেকে মে মাসে চেরি ফুল ফোটে। এসময় পথ ছেয়ে যায় এই ফুলে। যারা ফুল ভালোবাসেন তারা এ সময়ে জাপানে যেতে পারেন। তখন জাপান সেজে ওঠে অন্য এক সাজে।,,,,,
"জাপানে স্থানীয়ভাবে বিভিন্ন ধরনের উৎসবের আয়োজন করা হয়। প্রায় সারা বছরই জাপানের স্থানীয়রা নানা ধরনের উৎসবে মেতে থাকে। কোন দেব-দেবীর উদ্দেশে, বিভিন্ন মৌসুমে বা ঐতিহাসিক কোন কারণে তারা উৎসব উদযাপন করে। ",,,,,
"জাপান ভ্রমণের সবচেয়ে সেরা সময় মার্চ থেকে মে কিংবা সেপ্টেম্বর থেকে নভেম্বর। কারণ ওই সময়ে জাপানের তাপমাত্রা মাঝারি থাকে, বৃষ্টিপাতও কম হয়। সেই সঙ্গে মনোরম এক পরিবেশ বিরাজ করে।",,,,,
"জাপানের সবচেয়ে বড় ছুটির সময় হলো 'গোল্ডেন উইক', যা এপ্রিলের শেষ থেকে মে মাসের শুরু পর্যন্ত চলে। এই সময়ে দেশজুড়ে লোকজন ছুটিতে বের হয়, ফলে জনপ্রিয় পর্যটনস্থলে ভিড় বাড়ে এবং হোটেল খরচ অনেক বেড়ে যায়।",,,,,
চেরি ফুলের দেশ জাপান। ফুলে ঢাকা অপরূপ এক রাজ্য। মার্চের মাঝামাঝি থেকে এপ্রিল জুড়ে জাপানের সর্বত্র শুধু বিচিত্র চেরির সমাহার। এ দু’মাসে অন্য হাজারো ফুল ফুটলেও চেরি ফুল পুরো জাপানটাকে ঢেকে ফেলে। চলতি সপ্তাহে আনুষ্ঠানিকভাবে শুরু হলো জাপানের সবচেয়ে জনপ্রিয় চেরি ফুল উৎসব। ,,,,,
চেরি ফুল ঘিরে জাপানিদের ‘হানামি’ উৎসব দেখার জন্য প্রতি বছর মার্চ-এপ্রিল মাসে লাখো পর্যটক ভিড় জমান জাপানে। এবারও পর্যটক আসা শুরু হয়েছে। জাপানিরাও এ ফুল ঘিরে উৎসবের নানান প্রস্তুতি নিয়েছে। অনেক জায়গায় উৎসব শুরু হয়েছে। তবে চলতি সপ্তাহে টোকিও সিটির প্রায় সর্বত্রই চেরি ফুল ফুটবে। ,,,,,
"উৎসবটির উৎপত্তি বুদ্ধের একজন শিষ্য মহা মৌদগল্যায়নের (মোকুরেন) কিংবদন্তি থেকে, যিনি অলৌকিক শক্তি ব্যবহার করে তার মৃত মাকে দেখেছিলেন এবং জানতে পেরেছিলেন, তার মা ক্ষুধার্ত ভূতের রাজ্যে পতিত হয়েছেন এবং ভীষণ কষ্ট পাচ্ছেন।",,,,,
"যদিও এখন বিশ্বের নানা জায়গায় চেরি ব্লসম উৎসব উদ্‌যাপন করা হয়, কিন্তু জাপানেই এর আসল শিকড়। এই উৎসবের প্রধান আকর্ষণ হলো জাপানের স্বতঃস্ফূর্ত মনোভাব ও ঐতিহ্যের অটুট বন্ধন। ",,,,,
জাপান হলো এক অত্যন্ত উন্নত দেশ এবং প্রযুক্তির সঙ্গে হাত মিলিয়ে চলতে হয় বলে জাপানিদের জীবনও ভীষণ ব্যস্ততাময়। এ জন্য তাদের পক্ষে বাড়িতে খাবার বানানো সব সময় সম্ভব হয় না। ফলে গড়ে উঠেছে পথখাবারের সংস্কৃতি।,,,,,
"একটি দেশ ও তার মানুষের সঙ্গে ওতপ্রোতভাবে জড়িয়ে থাকে সেখানকার খাবার, অনুষ্ঠান ও রীতি-রেওয়াজ। সেটি পৃথিবীর যে দেশই হোক না কেন, তার নিজস্ব একটি পরিচয় থাকবে। এই একটা কারণে প্রতিটি দেশের এক আলাদা আভিজাত্য আছে।",,,,,
"জাপানের আরেক খুবই আকর্ষণীয় চিত্র হলো তার লোভনীয় খাবারদাবার। আগেই বলা হয়েছে, জাপানিদের রোজকার জীবন খুবই প্রযুক্তিময়। তাদের কাজের জীবন খুব গতিময় ও ব্যস্ত। ",,,,,
"জাপান দেশটি খুব বৈচিত্র্যময়। নানা প্রান্তে মেলে নানা স্বাদের খাবার। কিন্তু কিছু আছে জনপ্রিয়। এই যেমন ইয়াকিতরি, ডাম্পলিং কিংবা তাকেয়াকি। প্রথমে আসি তাকেয়াকির কথায়। ময়দার গোলাকার মণ্ডের ভেতর ভরা হয় নানা রকমের সামুদ্রিক জীব।",,,,,
"আর স্ট্রিট ফুড বলে ইয়াকিতরির কথা না বললে সেটা অবিচার হবে। চিকেন বা শূকরের মাংসের নানা অংশ দিয়ে সাধারণত বানানো হয় অত্যন্ত সুস্বাদু পদটি। এই ইয়াকিতরির সসও এক দুর্দান্ত সৃষ্টি। টক, ঝাল ও মিষ্টির সঠিক সমন্বয় রয়েছে এতে। সাধারণত ইয়াকিতরির মাংস কাঠকয়লার ওপর রেখে ঝলসাতে হয়, তাই এতে একটি খুব সুন্দর ধোঁয়ার সৌরভ পাওয়া যায়।",,,,,
শতাব্দী প্রাচীন সুমো কুস্তির ঐতিহ্য এবার পাঁচ দিনের ‌‘গ্র্যান্ড সুমো টুর্নামেন্ট’ এর মাধ্যমে ইউরোপের মাটিতে মুগ্ধ করছে দর্শকদের।,,,,,
সুমো—যার ইতিহাস ২৩ খ্রিষ্টপূর্বাব্দ পর্যন্ত বিস্তৃত—এ এমন এক খেলা যেখানে প্রতিযোগিতা শুরু হওয়ার আগে ৪৫ মিনিটের আচার-অনুষ্ঠানই দর্শকদের আবিষ্ট করে রাখে। ,,,,,
"লন্ডনের ভিক্টোরিয়ান যুগের এই কনসার্ট হলটি এখন সেজেছে একেবারে জাপানি মন্দিরের আদলে; ছয় টন ওজনের একটি মন্দিরের ছাদ ঝুলছে মঞ্চের ওপরে, আর তার নিচে ছোট্ট মাটির রিংয়ে হচ্ছে সুমোর যুদ্ধ।",,,,,
"কুস্তিগিররা, যাদের বলা হয় রিকিশি, লড়াইয়ের আগে পা ঠুকে অশুভ আত্মা তাড়ান, হাততালি দিয়ে দেবতাদের আহ্বান জানান এবং লবণ ছিটিয়ে রিং পরিশুদ্ধ করেন—সবই শতাব্দী পুরোনো রীতির অংশ। ",,,,,
"দুই বছর আগে এক এলোমেলো ভিডিওতেই প্রথম সুমো দেখেছিলাম। তারপর থেকেই আসক্ত হয়ে যাই। এবার সামনে থেকে দেখার সুযোগ, জীবনের সেরা অভিজ্ঞতা।",,,,,
"জাপানি রন্ধনশৈলী, যা ""ওয়াশোকু"" নামে পরিচিত, একটি সমৃদ্ধ সাংস্কৃতিক ঐতিহ্যের প্রমাণ হিসাবে দাঁড়িয়ে রয়েছে, ঐতিহ্য, শৃঙ্খলা এবং তাজা উপাদানগুলির প্রতি গভীর শ্রদ্ধার উপর জোর দেয়। ",,,,,
"এই রন্ধনশৈলী জাপানি সংস্কৃতির মূল নীতিগুলি প্রতিফলিত করে - ঐতিহ্যের প্রতি গভীর শ্রদ্ধা, বিশদে মনোযোগ এবং সম্প্রদায়ের একটি শক্তিশালী বোধ। জাপানে, খাদ্য নিছক জীবিকা অতিক্রম করে; এটি সাংস্কৃতিক মূল্যবোধ এবং নান্দনিকতার একটি প্রাণবন্ত প্রকাশ। ",,,,,
"কিয়োটো শহরের দর্শনীয় স্থানগুলো মূলত কেন্দ্রীয় কিয়োটো, পুর্ব কিয়োটো, দক্ষিণ কিয়োটো ও উত্তর কিয়োটো অঞ্চলে বিভক্ত। তবে পুরো কিয়োটো শহর জুড়ে রয়েছে অসংখ্য মন্দির এবং মঠ, যার প্রতিটার সৌন্দর্য ভিন্ন ভিন্ন।",,,,,
কিয়োটো স্টেশন থেকে মাত্র ১০ মিনিট দূরত্বে কিয়োটো ইম্পেরিয়াল পার্কে অবস্থিত এই প্যালেস। সেন্টো প্যালেস ভ্রমণের ক্ষেত্রে ইম্পেরিয়াল হাউজহোল্ড এজেন্সির ট্যুরে অংশগ্রহন করতে হবে। ১ ঘণ্টার ট্যুরে এখানের বিশেষ কিছু স্থাপনা ও সেইকাতেই টিহাউজ ঘুরে দেখানো হয়। তবে প্যালেসের ভিতরে ঢুকতে দেওয়া হয় না।,,,,,
"ছোটবেলায় শোনা জাপানের গল্প, আব্বার ব্যাবসায়িক জাপানী বন্ধুদের আমাদের বাসায় আশা যাওয়া, স্কুলে হিরোশিমার করুণ গল্প পড়া, শোকেসে রাখা জাপানী পুতুল, এমনকি আমার আলট্রাসাউন্ড (ultrasound) প্রফেশনের হাতেখড়ি জাপানী মেশিন Aloka তে – সেই দেশ জাপানে একবার তো যেতে হবেই। ",,,,,
হানেদা এয়ারপোর্ট থেকে সাবওয়েতে সোজা চলে গেলাম আমাদের প্রথম হোটেল মুজি গিনজার (Muji Ginza) একেবারে প্রাণকেন্দ্রে টোকিওর সবচেয়ে বিখ্যাত হোটেল মুজিতে। ছেলেদের পছন্দের হোটেল তৈরী জাপানের মিনিমালিস্টিক (minimalistic) স্টাইলে। ,,,,,
"অধিক আয়ুষ্কালের পেছনে মূলত হৃদরোগসহ সাধারণ ধরনের ক্যান্সার- বিশেষ করে স্তন ও প্রোস্টেট ক্যান্সারে মৃত্যু কম হওয়ার মতো কারণ থাকে। জাপানে স্থূলতার হারও কম, যা এসব রোগের একটি প্রধান কারণ।",,,,,
হাড়  কাঁপানো শীতের প্রকোপ কিছুটা কমলেই ফুটতে শুরু করে চেরি ফুলের কুড়ি। প্রতি বছর জানুয়ারি থেকে মে মাস পর্যন্ত জাপানের শহর ও গ্রামে পথের ধারে এই ফুল ফুটে থাকতে দেখা যায়,,,,,
"রেস্তোরাঁয় প্রবেশের মুখেই কয়েকজন একসঙ্গে আপনাকে জাপানি ভাষায় অভ্যর্থনা জানাবে। শুধু স্বাগত জানানোই নয়, এই রেস্তোরাঁর সব খাবারই জাপানি। ",,,,,
"জাপানে খাবার কাঁচা খাওয়ার একটি পদ্ধতির নাম সুশি তেই। সেখান থেকেই রেস্তোরাঁর এই নামকরণ’, জানালেন রেস্তোরাঁর পালা ব্যবস্থাপক আবু দারদা পিয়াস।",,,,,
"এখানে ২৫০ পদের বেশি জাপানি খাবার পাওয়া যায়। এর মধ্যে অন্যতম হলো সুলিক লোর, সাসিমি, নিগিরি সুশি, গুনকাম সুশি, তেমাকি, মাকিমুনো, ওয়ানমুনো, ইয়াকিমুনো, আগেমুনো, নাভেমুনো, ট্যাগপোরা, নুডলস, সালাদ, দনমুনো ইত্যাদি।",,,,,
রেস্তোরাঁটি তিনটি ভাগে ভাগ করা। কনভেয়ার বেল্টের আদলে রয়েছে একটি অংশ। এ অংশে বেল্টের ওপর সারাক্ষণ খাবার ঘুরতে থাকে। সেখান থেকে পছন্দের খাবারগুলো তুলে খেতে হয় অতিথিদের।,,,,,
সুশি তেই রেস্টুরেন্টের খাবার আইটেমগুলোর মধ্যে অন্যতম সুকিআকি। অতিথির টেবিলেই উপকরণটি রান্না করা হয়।,,,,,
"ইনোকি মাশরুম, তফু, সিতাকি মাশরুম, ব্রাউন অনিয়ন, স্পিন অনিয়ন, সিরাতাকি, লিক ও ক্যারট উপকরণগুলোর মধ্যে স্যুপ দিয়ে পাঁচ মিনিটের মতো গরম করতে হবে। এরপর চিকন করে কেটে রাখা বিফ ডিমের তরল অংশ লাগিয়ে আগে পাঁচ মিনিট গরম করা স্যুপের মধ্যে দিয়ে রং পরিবর্তন হওয়া পর্যন্ত রাখতে হবে। তারপর তুলে খেতে হবে।",,,,,
"এটি স্যালমন মাছের তিনটি অংশের রেসিপি। স্যালমন মাছ, পেটের অংশ ও ডিমের অংশ দিয়ে তৈরি করা হয়। এটি অতিথির কাছে পরিবেশন করা হয় দাইকন, ওভাললিফ, মুলা ও বরফ দিয়ে।",,,,,
"জাপানি গৃহিণী কিরিনা মোচিজুকির কাছে ‘ওকোনোমিয়াকি’ সবসময়ই ছিল প্রিয় খাবার। হিরোশিমার এই জনপ্রিয় প্যানকেক তার কাছে শুধু সুস্বাদুই নয়, বরং সহজলভ্য ও সাশ্রয়ী। কিন্তু এখন পরিচিত স্বাদের এই খাবার রান্না করা হয়ে উঠেছে চ্যালেঞ্জিং।",,,,,
"কারণ, মূল উপাদান বাঁধাকপির দাম সম্প্রতি তিনগুণ বেড়েছে। হিরোশিমার বাসিন্দা মোচিজুকি এখন প্রতিদিন সুপারমার্কেটে ছুটছেন ডিসকাউন্টের খোঁজে। অথবা বিকল্প হিসেবে শুকনো সামুদ্রিক শৈলী ব্যবহার করছেন।",,,,,
"‘কখনো ভাবিনি ওকোনোমিয়াকি বিলাসবহুল খাবার হয়ে উঠবে’, বলেন এই দুই সন্তানের মা। যিনি এখন পানির গ্লাসে পেঁয়াজের গোড়া পুনরায় জন্মানোর কৌশলও রপ্ত করেছেন খরচ কমাতে।",,,,,
জাপানে দীর্ঘদিন ধরে স্থিতিশীল মূল্যের পর এখন মূল্যস্ফীতি কঠোরভাবে আঘাত হেনেছে। মূল্যস্ফীতির এই ঢেউ সাধারণ মানুষের জীবনযাত্রাকে চ্যালেঞ্জের মুখে ফেলেছে।,,,,,
"টোকিওতে বাঁধাকপির গড় মূল্য গত বছরের তুলনায় তিনগুণ ছাড়িয়েছে, যা একজন শ্রমিকের ঘণ্টাপ্রতি আয়ের সমান। সরকারি তথ্য অনুযায়ী, নভেম্বরে জাপানি প্রাপ্তবয়স্কদের সবজি গ্রহণের পরিমাণ রেকর্ড পর্যায়ে নেমেছে।",,,,,
"অন্যদিকে, সস্তা ফুরিকাকে (শুকনো মশলা) রাতের খাবারের প্রধান উপাদান হিসেবে ব্যবহার বেড়েছে—গত বছর এর বিক্রি রেকর্ড ছুঁয়েছে।",,,,,
"নিত্যপণ্যের দাম অনেক পরিবারকে তাদের খাদ্যাভ্যাস বদলাতে বাধ্য করছে। শুধু বাঁধাকপি নয়, চালের দামও দ্রুত বাড়ছে। কেন্দ্রীয় ব্যাংক পূর্বাভাস দিয়েছে যে চালের দাম ২০২৬ সালের বসন্ত পর্যন্ত বেশিই থাকবে।",,,,,
"ইউটিউবার কাজুকি নাকাতা প্রথমে মহামারীকালে শখের বশে ঘরে সবজি চাষ শুরু করেছিলেন, কিন্তু এখন এটি তার পূর্ণকালীন পেশা। ২০২৩ সালে তিনি চাকরি ছেড়ে ঘরের মধ্যে প্লাস্টিকের বোতল, বিয়ারের ক্যান এমনকি সাইকেলের ঝুড়িতে ৪৭ ধরনের সবজি চাষ শুরু করেন। ",,,,,
"তবে এই চাষের পদ্ধতিতে চ্যালেঞ্জও রয়েছে। নাকাতার পরিবারকে গরমের রাতে শীতাতপ নিয়ন্ত্রিত ঘর ছাড়াই থাকতে হয়, কারণ বিদ্যুতের ব্যয় বাঁচাতে চান তিনি। ",,,,,
"মোচিজুকির কথায়, প্রতিদিনের জিনিসে ১০ ইয়েন বৃদ্ধিও কয়েক মাসে বিশাল অঙ্ক। ঘরোয়া কৃষি খাদ্য নিরাপত্তা দিচ্ছে। ",,,,,
"প্রাচীন জাপানের খাদ্যাভ্যাস একটি দ্বীপপুঞ্জ হিসাবে তার ভূগোল, মূল ভূখণ্ড এশিয়া থেকে আমদানি করা খাদ্যদ্রব্য এবং খাদ্যাভ্যাস, ধর্মীয় বিশ্বাস এবং খাবারের নান্দনিক চেহারার প্রশংসা দ্বারা ব্যাপকভাবে প্রভাবিত হয়েছিল। ",,,,,
"খ্রিস্টপূর্বাব্দ 300 সাল থেকে প্রধান প্রধান খাদ্য হিসাবে বাজরাকে চাল দ্বারা প্রতিস্থাপিত করা হয়েছিল এবং সামুদ্রিক খাবারকে মাংসের চেয়ে বেশি পছন্দ করা হয়েছিল, উভয়ই এর প্রাচুর্যের জন্য এবং বৌদ্ধধর্ম, খ্রিস্টীয় ষষ্ঠ শতাব্দীতে প্রবর্তিত হয়েছিল, মূলত প্রাণী ও পাখি হত্যা নিষিদ্ধ করেছিল। ",,,,,
"বিভিন্ন ধরণের ফল এবং শাকসব্জী পাওয়া যেত যখন চা এবং সেক জনপ্রিয় পানীয় ছিল, অন্তত অভিজাতদের জন্য।",,,,,
"হোনশু এবং শিকোকুর মধ্যে অভ্যন্তরীণ সমুদ্র অববাহিকা ক্রমবর্ধমান মরসুমে ভারী বৃষ্টিপাত এবং ফসল কাটার আগে উপক্রান্তীয় তাপমাত্রার রৌদ্রোজ্জ্বল, শুষ্ক দিনগুলি থেকে উপকৃত হয়, যখন প্রশান্ত মহাসাগরের বাতাস এবং হালকা শীতের সাথে শরৎকালের শেষের বৃষ্টিপাত শীতকালীন ফসলকে সহায়তা করে।",,,,,
"প্রকৃতির চঞ্চল ইচ্ছা এবং বিধ্বংসী আবহাওয়ার ঘটনাগুলির বাস্তব সম্ভাবনা যা ফসলকে নিশ্চিহ্ন করতে পারে, এটি আশ্চর্যজনক নয় যে প্রাচীন জাপানিরা তাদের স্বার্থ রক্ষার জন্য দেবতাদের জাদু করেছিল।",,,,,
খাদ্য (শোকুমোটসু) এর নিজস্ব দেবতা থাকতে পারে। ইস থেকে একটি সাধারণ এবং প্রাচীন খাদ্য দেবী ছিলেন এবং স্থানীয় ধানের দেবতারা ইতিমধ্যে কৃষকদের রক্ষা করেছিলেন এবং উপযুক্ত নৈবেদ্য পেলে তাদের ভাল ফসলের প্রতিশ্রুতি দেওয়ার অনেক পরে ইনারি জাতীয় ধানের দেবতা হিসাবে প্রতিষ্ঠিত হয়েছিল। ,,,,,
"এমনকি ধানের ক্ষেতগুলিও তাদের নিজস্ব প্রতিরক্ষামূলক শিন্টো আত্মা ছিল, তা নো কামি। ",,,,,
দুর্ভিক্ষকেও পৌরাণিক কাহিনীতে একজন বৃদ্ধ ক্রোন হিসাবে উপস্থাপন করা হয়েছিল যিনি স্যামন থেকে বঞ্চিত করার জন্য মাছের ফাঁদ স্থাপন করেছিলেন তবে শেষ পর্যন্ত নায়ক ওকিকুর্মি তাকে হত্যা করেছিলেন।,,,,,
"বৌদ্ধধর্মে খাদ্য সম্পর্কিত ব্যক্তিত্বগুলিও ছিল, বিশেষত আইওরিন, ক্যাননের একটি প্রকাশ, যিনি জেলেদের পৃষ্ঠপোষক, এবং ইডা-টেন, জেন সম্প্রদায়ের খাবারের দেবতা। ",,,,,
"প্রাচীন জাপানের কৃষি (নোগাকু), যেমন এটি আজও রয়েছে, মূলত সিরিয়াল এবং শাকসব্জী উত্পাদনের দিকে মনোনিবেশ করা হয়েছিল, মাংস কেবল তুলনামূলকভাবে সীমিত পরিমাণে উত্পাদিত হত। ",,,,,
"এখন পর্যন্ত সবচেয়ে গুরুত্বপূর্ণ প্রধান খাবার ছিল ভাত। খ্রিস্টপূর্ব 1250 খ্রিস্টপূর্বাব্দে জোমন পিরিয়ডের শেষের দিকে এশিয়ার মূল ভূখণ্ড থেকে অভিবাসীদের মাধ্যমে জাপানে প্রবর্তিত ধানের প্রমাণ রয়েছে, তবে এর চাষ সম্ভবত খ্রিস্টপূর্বাব্দ 800 সাল পর্যন্ত ছিল না।",,,,,
আর্দ্র ক্ষেতে ধান চাষের প্রথম প্রমাণ খ্রিস্টপূর্ব 600 সালে শুরু হয় যখন জোমন থেকে ইয়ায়োই যুগে রূপান্তরের সময় আবার এশিয়া থেকে অভিবাসীদের দ্বারা এই কৌশলটি চালু করা হয়েছিল।,,,,,
"ইয়ায়োই অভিবাসীরা আজুকি মটরশুটি, সয়াবিন, গম এবং চীন থেকেও নিয়ে এসেছিল, যা জাপানি খাবারে পরিণত হয়েছে, সুশি।",,,,,
"এমনকি নারা যুগে (710-794 খ্রিস্টাব্দ) কৃষি এখনও আদিম সরঞ্জামের উপর নির্ভরশীল ছিল, ফসলের জন্য পর্যাপ্ত জমি প্রস্তুত করা হয়নি এবং সেচ কৌশলগুলি ঘন ঘন ফসলের ব্যর্থতা এবং দুর্ভিক্ষের প্রাদুর্ভাব রোধ করার জন্য অপর্যাপ্ত ছিল (বিশেষত 730 খ্রিস্টাব্দ এবং 1180 খ্রিস্টাব্দে)। ",,,,,
"এই অনির্ভরযোগ্যতার কারণে, বেশিরভাগ ক্ষুদ্র কৃষকরা তাদের বড় এস্টেটে (শুয়েন) জমিদার অভিজাতদের জন্য কাজ করার বৃহত্তর সুরক্ষা পছন্দ করেছিলেন। কেবলমাত্র এই এস্টেটগুলি সঠিকভাবে সেচ করা হয়েছিল ",,,,,
"যেহেতু জাপান বিভিন্ন আকারের দ্বীপপুঞ্জের একটি সংগ্রহ, তাই সামুদ্রিক খাবার সহজেই অর্জিত হয়েছিল এবং মাংসের চেয়ে অনেক বেশি জনপ্রিয় ছিল, পশুপালন খাদ্যের আরও ব্যয়বহুল এবং সময়সাপেক্ষ উত্স।",,,,,
"খাওয়া সামুদ্রিক খাবারের উদাহরণগুলি হ'ল শেলফিশ, সামুদ্রিক শসা, বোনিটো, ব্রিম, সামুদ্রিক বাস, ইল, কার্প, ম্যাকেরেল, সার্ডিন, সালমন, ট্রাউট, হাঙ্গর, চিংড়ি, স্কুইড, জেলিফিশ এবং কাঁকড়া। ",,,,,
"যখন 6 ম শতাব্দীতে জাপানে বৌদ্ধধর্ম প্রবর্তিত হয়েছিল এবং তারপরে রাষ্ট্র দ্বারা আনুষ্ঠানিকভাবে গৃহীত এবং স্পনসর করা হয়েছিল, তখন ধর্মটি প্রাণী এবং পাখি হত্যা এড়ানোর সাথে সামুদ্রিক খাবার এবং শাকসব্জীর জাপানি ডায়েটে আধিপত্য বিস্তারের আরও একটি কারণ সরবরাহ করেছিল।",,,,,
"বৌদ্ধধর্ম সমস্ত ধরণের মাংস খাওয়া নিষিদ্ধ করেনি, বন্য শুয়োর এবং ভেনিসন এই নিয়মের ব্যতিক্রম ছিল। ",,,,,
জাপানি ডায়েট সম্পর্কিত সর্বাধিক পরিচিত সময়কাল হ'ল হেইয়ান পিরিয়ড (794-1185 খ্রিস্টাব্দ) যখন সাহিত্যের বিকাশ ঘটে এবং খাওয়ার অনুশীলনের রেফারেন্সগুলি আদালতের ষড়যন্ত্র এবং রোমান্টিক বিরতিগুলির মধ্যে পাওয়া যায়।,,,,,
আমাদের জ্ঞান মূলত অভিজাতদের মধ্যে সীমাবদ্ধ কারণ তারাই সাহিত্য রচনা করেছিল এবং তারা রাজধানী হেইয়াঙ্কিও (কিয়োটো) এর তাদের আনন্দ প্রাসাদে অনুষ্ঠিত তাদের নিজস্ব বিলাসবহুল ডিনার পার্টিতে মনোনিবেশ করেছিল।,,,,,
"আমরা কল্পনা করতে পারি যে সাধারণ জনগণের খাদ্যাভ্যাস অনেক কম সুস্বাদু ছিল, যদিও এটি স্বাস্থ্যকর হতে পারে কারণ অনেক সম্ভ্রান্ত দরবারের লেখক অপুষ্টির সাথে সম্পর্কিত ফোঁড়া এবং অন্যান্য রোগের কথা উল্লেখ করেছেন যা রাজকীয় দরবারকে জর্জরিত করেছিল।",,,,,
টেম্পুরা এবং সুকিয়াকির মতো চমৎকার জাপানি খাবারগুলি অনেক পরে দ্বীপপুঞ্জে প্রবর্তিত হয়েছিল - খ্রিস্টীয় 16 তম শতাব্দীতে পর্তুগিজদের মাধ্যমে টেম্পুরা এবং 20 শতকের গোড়ার দিকে সুকিয়াকি পশ্চিম ইউরোপীয়দের দ্বারা গরুর মাংসকে ফ্যাশনেবল করে তোলার পরে।,,,,,
চা (চা) চীন (খ্রিস্টীয় 6 ত-7 তম শতাব্দী) থেকে আরেকটি জনপ্রিয় প্রবর্তন ছিল এবং ঐতিহ্য অনুসারে এটি প্রথম একটি ঝোপ থেকে বেড়ে ওঠে যা জেন বৌদ্ধধর্মের প্রতিষ্ঠাতা ঋষি দারুমা (ওরফে বোধিধর্ম) এর পরিত্যক্ত চোখের পাতা থেকে বেড়ে ওঠে।,,,,,
এছাড়াও চীন থেকে আরও ভাল চা গাছ এবং এর প্রস্তুতির সাথে জড়িত বিস্তৃত অনুষ্ঠান (চানয়ু) এসেছিল। জেন বৌদ্ধ সন্ন্যাসীদের দ্বারা চা পান করা প্রথম গ্রহণ করেছিলেন কারণ এটি ধ্যানে সহায়তা করে এবং ঘুম থেকে বিরত থাকে বলে মনে করা হত।,,,,,
"অবশেষে, একটি গুরুত্বপূর্ণ পানীয় যা আবার, জাপানের একটি সর্বোত্তম প্রতীক হিসাবে রয়ে গেছে তা হ'ল সেক বা রাইস ওয়াইন। পৌরাণিক কাহিনীতে, পানীয়টি টোকিও থেকে আসে, জাদু এবং নিরাময়ের দেবতা সুকুনাবিকোনার কাছ থেকে একটি উপহার।",,,,,
"জাপানি খাবার সাধারণত পুষ্টিকর; তৃপ্তিদায়কও বটে। পুষ্টিকর খাবার পেটভরে খেলে পরে ‘জাঙ্ক ফুড’ খাওয়ার আকাঙ্ক্ষা আর থাকে না। তাই বলে আমাদের শিশুদের স্বাস্থ্যবান করে তুলতে জাপানি সিউইড, সুশি বা তোফুই যে খাওয়াতে হবে, তা নয়; দেশি পুষ্টিকর খাবার খাওয়ালেই চলবে। ",,,,,
"পশ্চিমাদের তুলনায় জাপানিরা স্ন্যাকস বা ভাজাপোড়া খুবই কম খায়। এ ক্ষেত্রে তারা মেনে চলে কঠোর পরিমিতবোধ। এ ছাড়া সাংসারিক বা পেশাগত কাজে যত ব্যস্তই থাকুন না কেন, দিনে অন্তত একবার আপনার শিশুর সঙ্গে একই টেবিলে বসে খাবার খাওয়ার চেষ্টা করুন। ",,,,,
"জাপানে শিশুদের সামনে খাবার দেওয়া হয় ছোট ছোট প্লেটে। ১০ থেকে ১৫ সেন্টিমিটার ব্যাসের প্লেটে ভাত এবং ২ দশমিক ৫ থেকে ৭ দশমিক ৫ সেন্টিমিটার ব্যাসের বাটিতে ডাল, শাকসবজি বা তরকারি পরিবেশন করতে পারলে সবচেয়ে ভালো।",,,,,
জাপানি বাবা–মায়েরা সন্তানের ওপর কর্তৃত্ববাদী আচরণের চেয়ে কর্তৃত্বপূর্ণ আচরণের মাধ্যমে অভিভাবকত্বের প্রয়োগ করতে বেশি পছন্দ করেন। ,,,,,
জাপান সরকার দেশের কৃষি পণ্য প্রচারে একদল খাদ্য উৎপাদনকারী এবং খুচরা বিক্রেতাদের একত্রে কাজ করার অনুমতি দিয়েছে।,,,,,
জাপান তার নাগরিকদের জন্য সর্বোত্তম খাবার পরিবেশনের জন্য ১৯৪৭ সালে ফুড স্যানিটেশন অ্যাক্ট প্রণয়ন করে। পিউর ফুড নিরাপদ খাদ্যে নিশ্চয়তার প্রধান চাবিকাঠি।,,,,,
খাবার খেয়ে জাপানি নাগরিকরা যেন অসুস্থ না হয় তা নিশ্চিত করতে ফুড প্রডাক্ট স্ট্যান্ডার্ড নির্ধারণ করা হয় এবং তা কঠোরভাবে মনিটরিং করা হয়। নিয়মের ব্যাঘাত হলে বিজনেস পারমিট বাতিল করা হয় বলেও উল্লেখ করেন তিনি। ,,,,,
"জাপানি খাবারে অক্টোপাস একটি খুবই জনপ্রিয় উপকরণ। জাপানিজরা সাধারণত অক্টোপাস সুশি, সাশিমি, কারাগে (ভাজা পদ), স্ট্যু, টক সালাদ, তাকোইয়াকি এবং আকাশিয়াকি সহ নানান রকম খাবারে ব্যবহার করে থাকে। ",,,,,
এর মধ্যে তাকোইয়াকি অন্যতম একটি জনপ্রিয় খাবার। যা গমের আটার ব্যাটারের মধ্যে ছোট ছোট টুকরা করা অক্টোপাস দিয়ে ছাচকৃত পাত্রে ভেজে তৈরি করে।,,,,,
পেঁয়াজ কুঁচি ও মেয়োনিজ এবং জাপানিজদের তৈরি বিশেষ ধরনের তাকোইয়াকি সস সঙ্গে আরও কিছু স্থানীয় উপকরণ দিয়ে পরিবেশন করা হয় এটি।,,,,,
এই তাকোইয়াকি জাপানের অন্যতম জনপ্রিয় স্ট্রিট ফুড। তাই তাকোইয়াকিকে জাপানিজ সংস্কৃতি অন্যতম অংশ বলা চলে।,,,,,
জাপানিরা সবচে পছন্দ করে যে ভাত খায় সেটা স্টিকি। মানে ভাতের দানা একটার সাথে আরেকটা লেগে থাকে। আমার ধারণা ছিল স্টিকি ভাত কাঠি দিয়ে সহজে খাওয়া যায় বলেই জাপানিরা এটা এত পছন্দ করে। ,,,,,
আমার সাত বছরের জাপান জীবনের শুরুর দিকে আমি এই ভাত খেতে একদমই পছন্দ করতাম না। ইন্টারেস্টিং বিষয় হলো জাপানের বাজারে জাপানি কৃষকদের উৎপাদিত এই বিশেষ ভাতের চালের দামই সবচেয়ে বেশি। ,,,,,
বাজার থেকে কয়েকবার বিভিন্ন ধরণের চাল কেনার পর বুঝলাম এই চাল যদি জাপানিরা নিজেরা উৎপাদন না করে আশেপাশের কোন দেশ থেকে আমদানি করতো তাহলে এর দাম বেশ কম পড়তো। ,,,,,
বাইরে থেকে কোন খাবার জাপানে আসতে পারবে? আমরা কি তখন এই ধরো টয়োটা গাড়ি খাব? কৃষক যদি না বেঁচে থাকে তাহলে ঐসময় আমরা বাঁচব?,,,,,
"শোনো, আমরা আসলে দ্বিতীয় বিশ্বযুদ্ধের কথা ভুলিনি। জাপান একটা দ্বীপরাষ্ট্র। ঐরকম একটা যুদ্ধ যদি আবার কখনো লাগে আর শত্রুরা যদি আমাদেরকে চারদিক থেকে ঘিরে ফেলে! তখন কী হবে ভেবেছ?",,,,,
"অথচ এই গ্রহেই জাপান নামক দেশটির মানুষ খুব স্বাভাবিকভাবেই চিকন স্বাস্থ্যের অধিকারী। কোনো বাড়তি চাপ নিয়ে নয়, ডায়েট কন্ট্রোল বা খাদ্য নিয়ন্ত্রণ করে নয়, আরোপিত ব্যায়াম বা অধিক হাঁটাহাঁটি করে নয়।",,,,,
তাহলে কী সেই জাদুর কাঠি বা কোন সেই পরশপাথর যার অভাবে বিশ্বের অন্য প্রান্তের মানুষ কাঙ্ক্ষিত ফিটনেস পাবার সংগ্রাম করে যাচ্ছে? জাপানিজরাই বা কীভাবে ফিট থাকছে?,,,,,
"জাপান ও জাপানিদের সফলতা শুরু হয় খাবার থেকে। যেখানে কার্বোহাইড্রেট বা শর্করার পরিমাণ কিন্তু বেশিই থাকে। সবজি, মাছ, মাংস, শস্যের সাথে দুধের তৈরি খাবার এবং ফলমূল খায় অল্প পরিমাণে।",,,,,
"সরকারের ঠিক করে দেয়া খাদ্যতালিকা মেনে চলে বেশিরভাগ জাপানিই। ফলে বাইরের তৈরি পিৎজ্জা, হটডগ বা ফ্রোজেন খাবারের চেয়ে বাড়ির তৈরি স্বাস্থ্যকর খাবারেই তাদের আগ্রহ বেশি।",,,,,
বিশ্বে জাপানেই জনপ্রতি সবচেয়ে বেশি ভেন্ডিং মেশিন রয়েছে। তবে সেগুলোতে স্ন্যাক্স থাকে না। কারণ জাপানিরা স্ন্যাক্স খায় না বললেই চলে। তিনবেলা পূর্ণ খাবারেই অটল তারা।,,,,,
"চা, জাপানিদের চা মানেই গ্রিন টি বা সবুজ চা। এটিই জাপানের সবচেয়ে বেশি পান করা পানীয়। অনেক জাপানিই দিনে এক কাপ গ্রিনটি পান করেন, আবার অনেকে কয়েক কাপ। '",,,,,
জাপানিদের চপস্টিক দিয়ে খাওয়া দেখে অনেকেই অবাক হন। মজার ব্যাপার হলো এই চপস্টিকই তাদেরকে অল্প অল্প করে সময় নিয়ে খাবারের অনুশীলনে রাখে।,,,,,
শান্তি প্রিয় জাপানিদের কাছে খুবই গুরুত্বপূর্ণ বিষয় তাদের শরীরে কি প্রবেশ করছে সেটা। ,,,,,
"জাপানিদের কাছে খাওয়া হলো জীবনের দারুণ এক অভিজ্ঞতা। তারা মন দিয়ে খায়, পুরো স্বাদ নিয়ে খায়, খাবারের সময় পুরো মনোযোগ থাকে খাবারের দিকেই। ",,,,,
খাবারকে সম্মানের সাথে দেখা হয় জাপানে। প্রতিটি খাদ্য কণাকে আলাদা করে মনোযোগ দেয়া হয়।,,,,,
জাপানিরা অনুভব করে নিরাপদ স্বাস্থ্যকর খাবার তাদের শরীরকে কতটা ভালো রাখছে। এই খাদ্যাভ্যাস ও জীবনধারা তাদের নিরোগ দীর্ঘ জীবন ও চিকন বা ফিট থাকার বড় নিয়ামক।,,,,,
"পেটের মেদ ঝরানো সবচেয়ে কঠিন কাজ। হ্যাঁ, জিম করে সারা শরীরের মেদ ঝরিয়ে ফেললেও পেটের মেদ কমাতে সত্যিই নাজেহাল হয়ে যেতে হয়। কিন্তু জাপানিদের দেখুন, ছেলে হোক বা মেয়ে, চেহারায় মেদের লেশমাত্র নেই।",,,,,
"খানে কমবয়সিদেরও পেল্লায় ভুঁড়ি হচ্ছে, কিন্তু জাপানিদের মধ্যে তেমন চট করে দেখবেন না। যেমন ছিপছিপে গড়ন, তেমনই উজ্জ্বল ত্বক ও চুল। এমন সৌন্দর্য ধরে রাখতে যে তাঁরা কম খাচ্ছেন বা কঠোর ডায়েট করছেন, তা কিন্তু নয়।",,,,,
"জাপানিদের খাওয়ার পদ্ধতি একটু অন্যরকম। তাঁরা খাওয়া শুরু করেন সব্জি দিয়ে, প্রোটিন অর্থাৎ মাছ-মাংস বা ডিম বেশি খান, কার্বোহাইড্রেট তুলনায় কম খান।",,,,,
"জাপানের রাস্তায় দাঁড়িয়ে বা হাঁটতে  হাঁটতে খাওয়া, পান করা বা ধূমপান করা অভদ্রতার শামিল।",,,,,
ভালোভাবে চিবিয়ে খাবার খেতে ভালোবাসেন জাপানিরা। সেইসঙ্গে ধীরে ধীরে খাবার খান। খাবার খাওয়ার সময় পরিবারের সদস্যদের সঙ্গে গল্পও করেন। এতে তাদের পারিপারিক একাত্বতা বাড়ে। সেই সাথে ভালো করে চিবিয়ে খাবার খেলে হজমও ভালো হয়। ,,,,,
"আমাদের দেশের মানুষেরা সামনে যা পায় তা যেন গপাগপ খেয়ে ফেলে। কিন্তু জাপানিরা এ ব্যাপারে খুব সচেতন। তারা ভরপেট খাবার খায় না। এর বদলে যতটুকু না খেলেই নয়, ঠিক ততটুকু খাবার খায়। ",,,,,
"অন্যান্য খাবার কম খেলেও, চা বেশি পান করেন জাপানিরা। তারা তাদের মাচা চা ভালোবেসে পান করেন। আর এ চায়ের পুষ্টিগুণ অনেক। এ চায়ে আছে অ্যান্টিঅক্সিডেন্ট; যা ত্বকের জন্য উপকারী। ",,,,,
"খুব বেশি ভাজা খাবার খান না জাপানিরা। তারা স্টিমড, ফার্মেন্টেড, অল্প সময়ে রান্না হয় এমন খাবার খেতে ভালোবাসেন। খুব অল্প তেলে রান্না করা খাবার খান তারা।  ",,,,,
"ইচিজু সানসাই' একটি ঐতিহ্যবাহী জাপানি খাবার, যার মানে হলো 'এক স্যুপ, তিন পদ'। এই নাস্তায় থাকে গরম ভাত, মিসো স্যুপ (সয়াবিন দিয়ে তৈরি এক প্রকার স্যুপ), গ্রিল করা স্যামন বা ম্যাকেরেল মাছ এবং কিছু আচার।",,,,,
"জাপানিদের অনন্ত যৌবন, অনন্ত আয়ু। কী ভাবে এত বেশি সুস্থ আর সুন্দর থাকেন ওঁরা? কারণ লুকিয়ে জীবনযাত্রায়। বাঙালি হয়ে আপনিও কিন্তু পেতে পারেন একজন জাপানির মতো সুস্থ, সুন্দর চেহারা। ",,,,,
"কথায় বলে, জাপানিদের ত্বক আয়নার মতো। ঝকঝকে টলটলে, দাগছোপহীন। সেই সঙ্গে চেহারাও অধিকাংশেরই ছিপছিপে, পুতুলের মতো সুন্দর। বাহ্যিক সৌন্দর্য শুধু নয়, জাপানের বাসিন্দারা যেন ভিতর থেকে সুন্দর!",,,,,
"জাপানিদের অনন্ত যৌবন, অনন্ত আয়ু। কী ভাবে এত বেশি সুস্থ আর সুন্দর থাকেন ওঁরা? কারণ লুকিয়ে জীবনযাত্রায়। বাঙালি হয়ে আপনিও কিন্তু পেতে পারেন একজন জাপানির মতো সুস্থ, সুন্দর চেহারা। ",,,,,
জাপানিদের খাদ্যতালিকায় রয়েছে বাঙালির খুব প্রিয় কিছু খাবার। সেগুলিই তাঁদের নিটোল যৌবনের চাবিকাঠি। তবে তাঁরা খান অন্য ভাবে।,,,,,
"১০৫ বছর বয়স্ক জাপানি চিকিৎসক ডাক্তার শিগেয়াকি হিনোহারা জানান, তিনি দিনে একবার পেট ভরে খাবার খান। সেই খাবারে প্রছুর পরিমাণে শাক-সবজি এবং মাছ থাকে। সপ্তাহে দু'দিন মাংস খান তিনি।",,,,,
"শিগেয়াকি জানান, পরিমিত খাবার খাওয়ার সঙ্গে রোজ সিঁড়ি ভেঙে ওঠা নামা করা জরুরি। এতে পেশি সচল থাকে। শরীরে বাড়তি মেদ জমে না। অধিক আয়ুর জন্য তাঁর মতে সবচেয়ে বেশি জরুরি মেদহীন থাকা। তার জন্য জাপানিরা কী খান? মিল পাবেন বাঙালি খাবারের সঙ্গেই।",,,,,
গ্রিন টি- এই পানীয় ভীষণ পছন্দ করেন জাপানিরা। ভরপুর অ্যান্টি অক্সিডেন্ট থাকে গ্রিনটিতে। ক্যানসার সহ বহু রোগ দূরে রাখে এই পানীয়। হৃদরোদের ঝুঁকি কমায়। ক্লান্তি কমিয়ে শরীর চনমনে রাখে। ওজন কমায়। বাঙালিরাও অনেকেই খান গ্রিন টি। সকাল-বিকেল দুবেলা খেলেই মিলবে উপকার।,,,,,
বিজ্ঞানীরা জাপানিদের এই দীর্ঘায়ুর কারণ হিসেবে তাদের স্বাস্থ্যকর খাদ্যাভ্যাসের কথা বলছেন। ,,,,,
অনেক জাপানি আছেন যারা সারাজীবন কাটিয়ে দেন কেবল সুশি ও শাকসবজি খেয়ে যা আমাদের দেশের প্রেক্ষাপটে চিন্তা করা একেবারেই অসম্ভব।,,,,,
এছাড়া আধুনিক জাপানিদের খাদ্যতালিকায় উচ্চমানের পুষ্টি ও কম ক্যালরিযুক্ত খাবার তাদের সুস্বাস্থ্যের অন্যতম কারণ। মাছ আর শাকসবজি দিয়ে তৈরি অসাধারণ খাবারগুলো তাদের জীবনের দৈর্ঘ্য অনেক বাড়িয়ে দেয়।,,,,,
"বিশেষজ্ঞদের কেউ কেউ জানাচ্ছেন, জাপানিদের প্রচলিত এই ডায়েটের ফলে পশ্চিমাদেশের তুলনায় জাপানিরা ২৫ ভাগ কম ক্যালরি খাবার গ্রহণ করে। শুধু এই কারণেই অন্য দেশের তুলনায় জাপানিরা ৮ ভাগ গড় আয়ু বেশি পেয়ে থাকে।",,,,,
পশ্চিমা বিশ্ব থেকে শুরু করে সারা পৃথিবীর মানুষ যেখানে মাংস খেতে ব্যাকুল সেখানে জাপানিরা মাংসের চেয়ে মাছ খেতে বেশি ভালবাসে। বিশ্বের মোট জনসংখ্যার মাত্র ২ ভাগ জাপানি হলেও তারা পৃথিবীর মোট মাছের ১০ ভাগ খেয়ে থাকে।,,,,,
"জাপান হচ্ছে একটি দ্বীপদেশ যার চারপাশ মহাসাগর দ্বারা পরিবেষ্টিত। তাই এখানকার মানুষ সবসময় প্রচুর সীফুড খাওয়ার সুবিধা পায়। কিছু খাদ্যবিদদের মতে, জাপানি খাদ্য নির্ভর করে প্রধানত শস্যের উপর। সঙ্গে থাকে শাকসবজি কিংবা সামুদ্রিক শৈবাল।",,,,,
সামুদ্রিক শৈবাল বা সমুদ্রের বিভিন্ন ধরণের উদ্ভিদ জাপানীদের প্রিয় খাবার। তারা সাধারণত সামুদ্রিক শৈবাল স্যুপ বা সালাদ হিসেবে খায়। ধারণা করা হয় বছরে ১ লাখ টন সামুদ্রিক শৈবাল শুধু জাপানীরাই খায়।,,,,,
"জাপানিরা নিজেদের জেল্লাদার ত্বক ও সুস্থ জীবনযাপনের জন্যও খ্যাত। এটা তো জানা কথা, জাপানের গড় আয়ু সবচেয়ে বেশি। শিশু মৃত্যুহার অনেক কম।",,,,,
জাপানের গড় আয়ু সবচেয়ে বেশি। শিশু মৃত্যুহার অনেক কম। তাঁদের প্রাচীন ও ঐতিহ্যবাহী অভ্যাসগুলি মেনে চলেন বলেই সুস্থ থাকেন জাপানিরা। এটাই তাঁদের যৌবনের চাবিকাঠি। ,,,,,
ভাত- বাঙালিরা মাছ-ভাতে। ভাত খেয়েই খুশি থাকেন বাঙালিরা। অনেকেই ভাত এড়িয়ে যেতে চান। তবে জাপানিরা কিন্তু ভাত খেয়েই সুস্থ থাকেন। ,,,,,
"জাপানিদের অত্যন্ত প্রিয় খাবার নরি। এটা আসলে শুকনো সামুদ্রিক শৈবাল। বহু শতাব্দী ধরেই এই খাবার থাকে জাপানিদের পাতে। এতে প্রচুর পরিমাণে ভিটামিন এ,সি এবং ই থাকে। থাকে অ্যান্টিঅক্সিডেন্টও",,,,,
"নিয়মিত শরীরচর্চা- যতই খাওয়াদাওয়া করুন আর যাই করুন না কেন! নিয়মিত শরীরচর্চা না করলে কিছুই হবে না। জাপানিরাও কিন্তু ফিট, ছিপছিপে শরীর রাখতে ভালবাসেন।",,,,,
"প্রচুর পরিমাণে গাঁজনযুক্ত খাবার খান  জাপানিরা। এই তালিকায় আছে- মিসো, সয়া সস, টেম্পেই এবং কিমচি। এই খাবারগুলি রোগ প্রতিরোধে সক্ষম। হজম করতেও কার্যকর। এসব আপনি পাবেন কোথায়? চিন্তা নেই, বাঙালির আদি-অকৃত্রিম পান্তা ভাত এই শ্রেণিভুক্ত। সেটি ফার্মেন্টেড খাবারই।",,,,,
বাংলায় প্রচুর মরশুমী সবজি পাওয়া যায় শীতকালে। তাই শীতকালে প্রচুর পরিমাণে সবুজ সবজি খান। মাছ-মাংসের সঙ্গে পাতে রাখুন মরশুমি সবজি। সুস্বাস্থ্যের জন্য শাক-সবজির কোনও বিকল্প নেই। ,,,,,
"ভ্রমণের সময়, জ্যানেট প্রচুর নতুন মানুষের সাথে দেখা করেছে। কিন্তু একজন পুরনো বন্ধুর সাথে নতুন করে পরিচিত হওয়ার সুযোগটি ছিল সত্যিই এক অসাধারণ অভিজ্ঞতা।",,,,,
"বাটার চিকেন, বিরিয়ানি, আলু পরোটা থেকে শিঙাড়া, পেঁয়াজি, বেগুনি বা ধোকলা, থেপলা। নানা প্রদেশের খাবারের স্বাদের এই বৈচিত্র্য ভারতীয় সম্পদ। সেই সব লোভনীয় খাবার ভারতীয়রা তো পছন্দ করেনই, পছন্দ করেন বিদেশিরাও।",,,,,
"বাটার চিকেন অত্যন্ত জনপ্রিয় এবং লোভনীয় একটি ডিস। নান বা তন্দুরির সঙ্গে বাটার চিকেন চেখে দেখেননি, এমন বাঙালি পাওয়া দুষ্কর। চিকেনের সঙ্গে মাখন, নানা প্রকারের মশলা এবং কাঠকয়লা মিলেমিশে যে স্বাদ তৈরি হয়, তা স্বর্গীয় অনুভূতি দেয়। ",,,,,
"ধোসা মূলত দক্ষিণ ভারতীয় এই খাবার ভারতের নানা প্রান্তেই ভীষণভাবে জনপ্রিয়। প্লেন ধোসা, মশলা ধোসা, অনিওন ধোসা, চিজ ধোসা-সহ নানা স্বাদের ধোসা মেলে। ধোসার সঙ্গে পরিবেশন করা হয় নানা সবজি দেওয়া ডাল সম্বর এবং নারকোল-পোস্তর চাটনি বা রসম। অনেকে আবার ধোসার সঙ্গে একপ্রকার টমেটোর চাটনি খেতে পছন্দ করেন।",,,,,
"বাঙালি বিরিয়ানি পাগল। বাঙালি অথচ বিরিয়ানি খাননি, এটা প্রায় বিরল। কলকাতা-সহ বাংলার বিভিন্ন প্রান্তে অলিতে-গলিতে বিরিয়ানির দোকান। এক প্লেট রাইসের সঙ্গে মিলেমিশে একাকার হয়ে যাওয়া একপিস চিকেন বা মটনের বড় পিসের সঙ্গে একটি আলু এবং ডিম, এ যেন অমৃত। মোগলাই খাবারের মধ্যেই বিরিয়ানিই সর্বাধিক জনপ্রিয়। ",,,,,
"গুজরাতের জনপ্রিয় খাবার ধোকলা। সেই খাবার এখন ভারতের নানা রাজ্যেই পাওয়া যায়, মানুষ পছন্দও করে। ধোকলার ওপরে তেঁতুলের চাটনি জাতীয় সস ছড়িয়ে পরিবেশন কোরা হয়, ধোকলায় মেলে কারি পাতা, সরষে এবং নারকেলের ফ্লেভার।",,,,,
"পেঁয়াজি, চপ বা বেগুনি একেবারেই বাংলার নিজস্ব। আলুর চপ, ডিমের চপ, মোচা কিংবা মাংসের চপ নামেই জিভে জল এনে দেয়। এই ধরনের খাবার মূলত স্ন্যাকস হিসেবেই খাওয়ার চল রয়েছে।",,,,,
"নিরামিষাশী যারা, তাদের মধ্যে অত্যন্ত জনপ্রিয় পালক পনীর বা পালং পনীর বা সাগ পনীর। মূলত পালং শাক বেটে নানা মশলা, ক্রিম দিয়ে একটা মিশ্রন বানিয়ে, তার সঙ্গে পনীর মিশিয়ে রান্না করা হয়। রুটির পাশাপাশি পরোটা বা নানের সঙ্গে এই ডিস অত্যন্ত সুস্বাদু লাগে।",,,,,
"শিঙাড়া নানা প্রদেশে নানা রকম পুর ভরে ভাজা হয়। নিরামিশ এই স্ন্যাকস ছোট, বড় সকলেই খেতে পছন্দ করেন। তবে মাংস বা মাছের পুর দেওয়া শিঙাড়াও পাওয়া যায়। ",,,,,
"ভারতীয় রান্না মানেই মশলা, স্বাদ আর বৈচিত্র্য। তবে অনেকেই মনে করেন ভারতীয় জলখাবার মানেই তৈলাক্ত, ভাজাভুজি আর অস্বাস্থ্যকর খাবার। আসলে ধারণাটি সম্পূর্ণ ভুল। ভারতের বিভিন্ন প্রদেশে এমন অনেক জলখাবার আছে যেগুলো সুস্বাদু, পেট ভরায় এবং স্বাস্থ্যকর। ",,,,,
"মুরমুর বা খই একটি লো-ক্যালোরিযুক্ত খাবার। এর সঙ্গে পেঁয়াজ, টমেটো, শশা, কাঁচালঙ্কা, ধনেপাতা আর সামান্য মশলা মিশিয়ে তৈরি করা যায় সুস্বাদু খাবার। এই খাবার ক্যালোরি কম হওয়ায় ডায়েট কন্ট্রোলে রাখে। ফাইবার ও ভিটামিন যুক্ত হওয়ায় শরীর সতেজ রাখে। সন্ধ্যার হালকা খিদে মেটাতে এই খাবার দুর্দান্ত উপকারী।",,,,,
"গুজরাটি এই জনপ্রিয় খাবার ভাজার পরিবর্তে সিদ্ধ করে তৈরি করা হয়, তাই হজম করা সহজ এবং এতে তেলও কম থাকে। ধোকলায় থাকে প্রোবায়োটিকস, যা অন্ত্রের জন্য উপকারী। কম ক্যালোরি হওয়ায় ডায়াবেটিক ও ওজন নিয়ন্ত্রণকারীদের জন্যও এই খাবার ভালো। পাশাপাশি, মিষ্টি-নোনতা স্বাদের জন্য এই খাবার সবারই পছন্দ।",,,,,
দক্ষিণ ভারতের ইডলি আজ সারা দেশে জনপ্রিয়। চাল এবং কলাইয়ের ডালের গাঁজানো মিশ্রণ সিদ্ধ করে ইডলি বানানো হয়। এতে ক্যালোরি কম থাকে। এই খাবার হালকা। আর গ্লুটেন-ফ্রি।,,,,,
"ছোলা ভেজে খাওয়া ভারতীয়দের এক পুরোনো অভ্যাস। এতে থাকে প্রচুর প্রোটিন এবং ফাইবার। এই খাবার বেশি সময় পেট ভরাট রাখে, তাই ওজন কমানোর ডায়েট হিসেবে খুব কার্যকর।",,,,,
"প্রাচীন আয়ুর্বেদিক জ্ঞান থেকে শুরু করে ফাইবার সমৃদ্ধ আধুনিক খাবার পর্যন্ত, ভারতীয় খাবারগুলি প্রাকৃতিক উপাদানে ভরপুর যা চর্বি হ্রাস এবং দীর্ঘস্থায়ী প্রাণশক্তি উভয়কেই সমর্থন করে।",,,,,
"আপনি আপনার পরবর্তী খাবারের পরিকল্পনা করছেন অথবা আপনার ডায়েট আপডেট করছেন, সঠিক ভারতীয় খাবার নির্বাচন আপনার স্বাস্থ্যের লক্ষ্য পূরণে সাহায্য করতে পারে।",,,,,
"ভারতীয় খাবারের মূলে রয়েছে ভারসাম্য - এতে আস্ত শস্য, মশলা, শাকসবজি, ডাল এবং ভেষজ ব্যবহার করা হয় যা হজম এবং বিপাককে সমর্থন করে।",,,,,
"চর্বি কমানো এবং শক্তির জন্য প্রোটিন অপরিহার্য। এটি আপনাকে পেট ভরিয়ে রাখে, ক্ষুধা কমায় এবং পেশীর শক্তি বৃদ্ধিতে সহায়তা করে।",,,,,
ভারতের জাতীয় খাবার হল খিচুরি। এটি সমগ্র ভারত জুড়ে রান্না করা হয় এই খাবার। চালেডালে তৈরি এই খাবার ছোট-বড় সকলের প্রিয়।,,,,,
খিচুড়ি ছাড়া বাঙালির বর্ষাকাল অসম্পূ্র্ণ ৷ স্বাদকোরকের পাশাপাশি পুষ্টিমূল্যের সঙ্গেও এই খাবারের সম্পর্ক গভীর৷ খিচুড়ি হল সহজপাচ্য একটি খাবার।,,,,,
"ভারতীয় কুইজিন বা ইন্ডিয়ান কুইজিন বলতে এখানে ভারতের বিভিন্ন আঞ্চলের এবং প্রথাগত রন্ধনশৈলীর সমন্বয় কে বুঝানো হয়েছে। মাটির ধরন, আবহাওয়া, সংস্কৃতি, নৃগোষ্ঠী এবং পেশা এই রসনাকে দিয়েছে বহুমাত্রিক বৈচিত্র্য। ",,,,,
"আধুনিক ভারতীয় কুজিন স্বাদের বৈচিত্র‍্য ও বিভিন্ন আঞ্চলিক রসনা পরিলক্ষিত হয়। এসব রন্ধনশৈলীতে স্থানীয়ভাবে পাওয়া সকল মশলা, গুল্ম, শাকসবজি এবং ফল ব্যবহৃত হয়।ইন্ডিয়ান কুজিনে ধর্ম বিশেষ করে হিন্দু এবং মুসলিম ধর্ম দ্বারা ব্যাপকভাবে প্রভাবিত হয়েছে।",,,,,
"ঐতিহাসিক ঘটনা যেমন বিদেশী আক্রমণ, বাণিজ্য সম্পর্ক এবং উপনিবেশবাদ ইত্যাদি ভারতীয় রসনায় প্রভাবক হিসেবে কাজ করেছে। ",,,,,
উপমহাদেশে নিয়ে আসে এবং অল্পদিনের এটা ভারতীয় উপমহাদেশের বিভিন্ন অঞ্চলের অন্যতম প্রধান খাদ্যে পরিণত হয়। পর্তুগীজদের মাধ্যমেই লঙ্কা এবং রুটিফল ভারতে আসে। ,,,,,
ইন্ডিয়ান কুইজিন আন্তর্জাতিক সম্পর্ক নির্ধারণেও ভূমিকা রেখেছে। ভারতীয় উপমহাদেশ এবং ইউরোপের মধ্যকার সম্পর্কের প্রাথমিক সম্পর্ক ছিলো মশলা ব্যবসা যার সুত্র ধরে ইউরোপে আবিষ্কারের যুগ শুরু হয়। ,,,,,
"মুসলমানরা ত্রয়োদশ শতাব্দীর মাঝামাঝি সময়ে বাংলা জয় করে, তাদের সাথে ফার্সি ও আরবি খাবার নিয়ে আসে। বিরিয়ানি, কোর্মা এবং ভুনার মতো খাবারগুলি একসময় উচ্চ আদালতের খাবার ছিল, কিন্তু মুঘলদের রাঁধুনিরা তাদের রেসিপিগুলি নিম্ন ও মধ্যবিত্তদের কাছে নিয়ে এসেছিল। ",,,,,
"ব্রিটিশ রাজের শাসনামলে প্রভাব আরও জোরদার হয়েছিল , যেখানে কলকাতা অনেক বিশিষ্ট নির্বাসিত নবাবের আশ্রয়স্থল হয়ে ওঠে , বিশেষ করে মহীশূরের টিপু সুলতানের পরিবার এবং আওয়াধের ক্ষমতাচ্যুত নবাব ওয়াজিদ আলী শাহ । নির্বাসিতরা তাদের সাথে শত শত বাবুর্চি এবং মসলাচি (মসলা মিক্সার) নিয়ে এসেছিল এবং তাদের রাজকীয় পৃষ্ঠপোষকতা এবং সম্পদ কমে যাওয়ার সাথে সাথে তারা স্থানীয় জনগণের মধ্যে ছড়িয়ে পড়ে। ",,,,,
"পরে আরব, মধ্য এশিয়া, এবং মুগল সাম্রাজ্যে এবং অন্যান্যদের আগমন ভারতীয় রান্নার উপর গভীর ও মৌলিক প্রভাব ফেলেছিল। ইসলামিক শাসনকালে শাখাগুলি সমৃদ্ধ ঝোল, পিলাফ এবং অ নিরামিষভোজী খাবার যেমন কাবাব প্রচলিত হয় যার ফলে মুঘলাই রন্ধনশৈলী গড়ে ওঠে।",,,,,
পর্তুগিজ ও ব্রিটিশরা তাদের শাসনকালে রান্নার কৌশল যেমন বেকিং এবং নিউ ওয়ার্ল্ড এর খাবার চালু করেছিল।,,,,,
"হিন্দু উপবাসের দিনগুলিতে বেশিরভাগ নতুন শাকসব্জি যেমন মিষ্টি আলু, আলু, অমরনাথ, চিনাবাদাম এবং কাসাবা ভিত্তিক সাগুর মতো নয়া বিশ্বের খাবার খাওয়ার রীতি গড়ে ওঠে।",,,,,
দিল্লি মুঘল সাম্রাজ্যের রাজধানী ছিলো এবং এটা মুঘল রন্ধনশৈলীর জন্মভূমি। দিল্লীর পথপার্শ্বিক খাবার খুবই নামকরা। চাঁদনি চকের পরান্থা গলি পরাটার নামেই পরিচিতি লাভ করেছে।,,,,,
দিল্লীতে ভারতীয় উপমহাদেশের বিভিন্ন অঞ্চলের লোক এসে বসতি গড়েছে। তাই এখানকার খাবারে বিভিন্ন ঐতিহ্য সংযোজিত হয়েছে। এখানে পাঞ্জাবি সম্প্রদায়ের আধিক্যের কারণে পাঞ্জাবি কুজিনের প্রভাব বেশি।  ,,,,,
"দিল্লী কুজিন মূলত বিভিন্ন রন্ধনশৈলীর একটি মিশ্র প্রকাশ। কাবাব, কাচুড়ি, চাট, ভারতীয় মিষ্টি, কুলফি ইত্যাদি দিল্লীর স্বতন্ত্র বৈশিষ্ট্যে তৈরি করা হয় যা খুবই জনপ্রিয়।",,,,,
গোয়ার রন্ধনশৈলীবেশির ভাগ মাছ ও মাংস ভিত্তিক। প্রধান খাবার মাছ ভাত। ৪০০ বছর এখানে পর্তুগীজদের উপনিবেশ থাকায় গোয়া কুইজিনে পর্তুগিজ প্রভাববেশি বিদ্যমান। ,,,,,
"আসামি  রন্ধনশৈলীতে বিভিন্ন আদিবাসী রান্না, আঞ্চলিক বৈচিত্র্যতা এবং বৈদেশিক প্রভাব পরিলক্ষিত হয়। কম মশলা ব্যবহারের জন্য আসামের রন্ধনশৈলী সুপরিচিত। ",,,,,
"স্থানীয় গুল্ম, শাক সব্জি ও ফল ব্যবহার করে কড়া স্বাদ আসামের রন্ধনশৈলীর বৈশিষ্ট্য। ভাত প্রধান খাদ্য। মাছ বিশেষ করে স্বাদুপানির মাছ অধিক পরিমানে খাওয়া হয়। ",,,,,
ভারতীয় উপমহাদেশের রান্নাতে সাধারণত রান্নার পূর্বে মশলা ভুনা করে নেওয়া হয়। আসামের রান্নায় এটা অনুপস্থিত। আসামের খাবার শুরু হয় খার দিয়ে এবং শেষ হয় টেংগা দিয়ে। খাবার শেষে পান সুপারি খাওয়ার প্রচলন আছে। ,,,,,
"এমনিতেও বিরিয়ানি, কাবাবের মতোই লখনউয়ের চাটেরও কোনও জবাব হয় না। টিকিয়া, বাতাশে (শুকনো ফুচকা), ভাল্লে, পাপড়ি, ঝুরিভাজা দিয়ে জিভে জল আনা স্বাদের এই চাটগুলি খেলে পেট ভরলেও মন বলবে, 'আরও খাই, আরও খাই।' ",,,,,
ইন্ডিয়ান স্ট্রিট ফুডের মধ্যে বেশ জনপ্রিয় এই ছোলে ভাটুরে। অনেকেই এই খাবারটি বেশ পছন্দ করেই খান। কেউ কেউ ঘরেই বানিয়ে নেন এই মজার খাবারটি। পেঁয়াজের সালাদের সঙ্গে এই ভাটুরে পরিবেশন করা হয়। সঙ্গে থাকে বাটার মিল্ক বা লস্যি। ,,,,,
"৩০০০ খ্রিষ্টপূর্বাব্দ নাগাদ হলুদ, জিরা, গোলমরিচ এবং সরিষা ভারতে চাষ হয়। বৌদ্ধ ধর্মের আবির্ভাব এবং সহকারী জলবায়ু যেখানে সারাবছর ফল, শাক সবজি এবং শস্য সহজেই উৎপাদিত হওয়ায় নিরামিষভোজন মতবাদ জনপ্রিয়তা পায়।",,,,,
"উত্তরাঞ্চলে এই খাবারটিকে গোলগাপ্পা বলে জানলেও পশ্চিম সীমান্তের বাসিন্দারা একে পানিপুরি বলেন। বিহার ও ওড়িশার লোকেরা একেই গুপচুপ নামে ডাকেন। ভাজা জিরা দিয়ে তৈরি মশলা মাখানো আলু ও তেঁতুলের পানির সুস্বাদু মিশ্রণে ঠাসা এই ফুচকা যদি আপনি কলকাতার রাস্তার বিখ্যাত কিছু দোকানে চেখে না দেখেন, তবে কলকাতার মূল আবেদন অনেকটাই বাকি থেকে যাবে।",,,,,
"আলোকোজ্জ্বল বিজ্ঞাপন দিয়ে বিশেষ করে তরুণদের আকৃষ্ট করার চেষ্টা করে তারা৷ দিল্লি, মুম্বই ও কলকাতার মতো বড় বড় শহরগুলিতে সপ্তাহান্তে মানুষের ভিড় লেগেই থাকে সেসব খাওয়ার জায়গায়৷ পরিবার পরিজন নিয়ে কোকাকোলা, বার্গার ও ফ্রেঞ্চ ফ্রাই খাওয়ার ধুম পড়ে যায়",,,,,
"ভারতের মধ্যবিত্ত শ্রেণি, বিশেষ করে অল্পবয়সীরা মাংস খাওয়াকে মুক্ত মনের পরিচায়ক বলে মনে করে৷ এছাড়া মাংসের পদ নিরামিষের চেয়ে দামি বলে এক ধরনের বিত্ত বৈভবের পরিচয়ও তুলে ধরে তারা৷",,,,,
"তরুণ ছাত্র যসপ্রিত সিং অনেক বছর ধরেই মাছ মাংস খাচ্ছেন৷ তাঁর ভাষায়, ‘‘আমি শরীরের জন্য যথেষ্ট প্রোটিন গ্রহণ করার চেষ্টা করি৷ মুরগি ও ভেড়ার মাংস এবং মাছ খাওয়ার অভ্যাস আছে আমার৷ সব সময় স্বাদের না হলেও আমি সব কিছুই চেখে দেখতে চাই৷ সবাইকে পরিস্থিতির সঙ্গে খাপ খাইয়ে চলা উচিত৷''",,,,,
আমার বোন দেশ-বিদেশ ভ্রমণ করে৷ তাই তার সে সব জায়গার সঙ্গে তাকে খাপ খাইয়ে চলতে হয়৷ আমাকে এটা করতে হয়নি৷ আমাকে অন্য কোনো দেশে বসবাস করতে হলে সেখানকার সমাজের সঙ্গে মানিয়ে নিয়ে হয়তো মাংসও খেতে হতো৷,,,,,
"ম্যাক ডোনাল্ডস-এর মতো ফাস্ট ফুড রেস্তঁরাগুলিতে ভারতীয় সমাজের সঙ্গে খাপ খাইয়ে গরুর মাংসের বার্গার বিক্রি করা হয় না৷ তার বদলে পরিবেশন করা হয় ‘চিকেন মহারাজা বার্গার'-এর মতো বার্গার৷ বিজ্ঞাপনে বলা হয়, এইবার্গার খেলে নিজেকে মহারাজার মতোই মনে হবে৷",,,,,
এইভাবে এইসব রেস্তোঁরা বলিউড বা ক্রিকেট তারকাদের নিয়ে প্রচারণা চালিয়ে বিশেষ করে তরুণ জনগোষ্ঠীকে আকৃষ্ট করতে চেষ্টা করে৷ তৈলাক্ত মিষ্টি জাতীয় খাবারের পাশাপাশি শারীরিক পরিশ্রমের পরিমাণও কমে যাচ্ছে মধ্যবিত্ত শ্রেণির মধ্যে৷,,,,,
"ভারতে ডায়বেটিস রোগটি মহামারির আকার নিতে থাকলে বিশ্বে সবচেয়ে বেশি অন্ধ, হৃদরোগও অঙ্গহীন মানুষের বাসস্থান হবে দেশটি৷",,,,,
"বেশিরভাগ মানুষের বিশ্বাস ভারতীয় খাবারের মূল বৈশিষ্ট্য প্রচুর উপাদানের সমাবেশ। কিন্তু এটা আসলে মূল বিষয় না। অনেক প্রকার রান্না কেবলমাত্র প্রোটিন উৎস (মাছ, মাংস) কিংবা সবজির ওপর নির্ভর করেও রান্না করা হয়। ভারতীয় রান্নার মূল বৈশিষ্ট্য বলা যেতে পারে প্রচুর পরিমাণে মসলার ব্যবহার। ",,,,,
"ভারতীয় রান্নার বড় একটি দিক হলো এর বৈচিত্র্য। যার যেমন দরকার, তেমন রান্না এখানে পাওয়া সম্ভব। মেক্সিকান রান্না মানেই যেমন ঝালের আধিক্য, মার্কিন খাবার যেমন প্রোটিনে ভরপুর, ভারতীয় উপহাদেশের রান্না তেমন একপেশে না। বরং এতে অনেক কিছুই একসঙ্গে পাওয়া সম্ভব।",,,,,
"ভারতীয় উপমহাদেশের রান্নায় সাধারণত ছয় ধরনের স্বাদের সন্নিবেশ দেখা যায়। টক, মিষ্টি, নোনতা, তেতো, ঝাল ও গন্ধযুক্ত। একইসঙ্গে এত ধরনের স্বাদের মিলন আর কোনো খাবারেই খুব একটা চোখে পড়ে না।",,,,,
"ভারতীয় উপমহাদেশের রান্নায় সাধারণত ছয় ধরনের স্বাদের সন্নিবেশ দেখা যায়। টক, মিষ্টি, নোনতা, তেতো, ঝাল ও গন্ধযুক্ত। একইসঙ্গে এত ধরনের স্বাদের মিলন আর কোনো খাবারেই খুব একটা চোখে পড়ে না।",,,,,
"যদিও বর্তমানে ভোজ্যতেলের আধিক্যের কারণে বাংলাদেশসহ ভারতীয় উপমহাদেশের মানুষের হৃদরোগসহ বিভিন্ন জটিল ব্যাধির দেখা মিলছে, কিন্তু সত্যিকার অর্থে ভারতীয় রান্না এর স্বাস্থ্যমান বিবেচনায় সারা বিশ্বে ব্যাপক সমাদৃত।",,,,,
"আমিষ ও নিরামিষ রান্নার ক্ষেত্রেও বেশ এগিয়ে রয়েছে ইন্ডিয়ান কুইজিন। এ কথা সত্য, গবাদিপশুর লালন-পালন এবং আমিষের ব্যবহার, সেই সঙ্গে তেল ও চর্বি জাতীয় খাবার ভারতের রান্নার একটি উল্লেখযোগ্য দিক। ",,,,,
"পাশ্চাত্যে নিরামিষ মানেই একেবারেই স্বাদবিহীন এবং কেবল সালাদ নির্ভর খাবারের যে ধারণা, তা ভারতীয় রান্নার ক্ষেত্রে এসে বদলে যেতে বাধ্য। ",,,,,
"ইতিহাসের একেবারে সূচনালগ্নে যে কয়েকটি সভ্যতা বিস্তৃত হয়েছিল তার মধ্যে সিন্ধু সভ্যতা অন্যতম। সেই সময় থেকেই বাণিজ্য আর বাইরের বিশ্বের সঙ্গে যোগাযোগের ক্ষেত্রে ভারত অনেকটাই এগিয়ে ছিল। কলকাতা, কালিকট বন্দরে নিয়মিত আসত বাণিজ্য বহর। ভারতের মসলার বাইরের বিশ্বে যাওয়া-আসা শুরু হয় এসব বন্দরভিত্তিক বাণিজ্যের মাধ্যমে। বিশেষ করে, আরবের বিভিন্ন দেশে খুব দ্রুতই ছড়িয়ে পড়ে ভারতের মসলার চাহিদা।",,,,,
"‘পড়েছি মুঘলের হাতে, খানা খেতে হবে সাথে’ প্রবাদের এক লাইনেই বোঝা যায়, ভোজনরসিক হিসেবে মুঘলরা ঠিক কেমন ছিল। মুঘলদের রান্না এতটাই বিখ্যাত ছিল যে তাদের নিয়ে এখনো রীতিমতো গবেষণা করা হয়।",,,,,
"বাইরের বিশ্বে ভারতীয় রান্না যতখানি ব্যাপক দাপটের সঙ্গে রাজত্ব করছে, বলতে গেলে তার সবটাই মুঘল রাজবংশের করে দেওয়া। ",,,,,
"চোখের দেখায় অনেকেরই মনে হতে পারে, ভারতের যে কোনো রান্না অনেক বেশি কষ্টসাধ্য। তবে বাস্তব চিত্রটা এর পুরোপুরি উল্টো। কেবলমাত্র সহজে রান্না করা যায় বলে সারা বিশ্বে ব্যাপক আকারে ভারতীয় রান্নার সুনাম ছড়িয়ে পড়েছে। ",,,,,
ইন্ডিয়ান কুইজিনের একেকটি পদেই যে পুষ্টিমান নিশ্চিত হয় সেটি অন্যান্য ফাস্টফুড নির্ভর কুইজিন থেকে অনেক বেশি উন্নত বলা চলে। ফলাফল হিসেবে ভারতীয় রান্নায় অনেক বেশি পদ পরিবেশনে সক্ষম হলেও প্রায়শই এক থেকে দুই পদেই ভোজন পর্ব শেষ করা হয়। ,,,,,
"ফাস্টফুডের বাহারে ভারত, বাংলাদেশ আজ ছেয়ে গেলেও স্বস্তির সবটুকু মিশে থাকে নিজস্ব সেই হলুদ, মরিচ, গরম মসলা কিংবা অন্যান্য বাটা মসলার স্বাদে। একদিন যে খাবার দিয়ে মুঘল সম্রাট আর নবাবরা ব্রিটিশদের স্বাগত জানিয়েছিল, একশ বছরের কম সময়ের মধ্যে সেই খাবার এখন সারা বিশ্বকে বুঁদ করে রেখেছে। ",,,,,
"ভারতে সবথেকে বেশি আমিষভোজী পূর্ব, দক্ষিণ এবং পশ্চিম ভারতে। গোয়া, কেরল, পশ্চিমবঙ্গ, অসম, অরুণাচল প্রদেশ এবং অন্ধ্র প্রদেশে পুরুষদের মধ্যে প্রায় ৮০ শতাংশেরও বেশি সপ্তাহে অন্তত একবার মাছ, চিকেন বা অন্য মাংস খান। ",,,,,
"দেশের অন্য সাতটি প্রথম সারির শহরের থেকে অনেকটা কম ফ্যাট এবং কম কার্বোহাইড্রেট গ্রহণ করে বাঙালিরা। গবেষকরা জানিয়েছেন, বেশি প্রোটিনের রহস্য লুকিয়ে আছে বাঙালির মাছের বিভিন্ন পদের মধ্যে। ",,,,,
"দক্ষিণের শহরগুলির খাদ্যাভ্যাস বিশ্লেষণ করে দেখা গেছে, সেখানে ইডলি, ধোসা এবং চালের বিভিন্ন পদ খাওয়ার চল বেশি। এতে কার্বোহাইড্রেট অনেক বেশি পরিমাণে শরীরে প্রবেশ করে ওজন বাড়ায়।",,,,,
"বিকেলের মুচমুচে গরম গরম শিঙাড়ার স্বাদই আলাদা। সঙ্গে যদি থাকে এক কাপ গরম চা, তাহলে তো কথাই নেই। কিন্তু এই দু’টি খাবারেরই আমদানি হয়েছে বিদেশ থেকে। চিন থেকে দেশে এসেছে চা। আর শিঙাড়া? সেটি তো আসলে মধ্য-প্রাচ্যের খাবার। ",,,,,
আপনার-আমার সাধের জিলিপিও নাকি ভারতের নয়। মধ্য প্রাচ্য এবং আরব থেকে এদেশে আমদানি হয়েছে এই মিষ্টির।,,,,,
"এটা বিশ্বাস করা হয় যে, ষোড়শ শতকে কর্নাটকের বাবা বুদান নামের এক পবিত্র সুফি ব্যক্তি মক্কায় তীর্থে গিয়ে সেখান থেকে এই ধরণের কফি নিয়ে আসেন। তিনি বাড়ি ফিরে সেটি দিয়ে এই ধরণের কফি বানান প্রথম এবং তিনি তার বাড়ির পাশের পাহাড়ে কফির চাষও শুরু করেন।",,,,,
"পশ্চিমবঙ্গ, আসাম, ত্রিপুরার প্রধান খাদ্য ভাত, কিন্তু দক্ষিণ ভারতে চাল কে বিভিন্ন রূপে প্রস্তুত করে মূলত খাওয়া হয়। উদাহরণস্বরূপ ধোসা, ইডলি,উপমা। মধ্য ও উত্তর ভারতে প্রধান খাদ্য হিসেবে রুটি'কে গণ্য করা হয়, স্থানভেদে গম বা যবের প্রাধান্য পাওয়া যায়।",,,,,
"বাঙালি মানেই খাদ্যরসিক। কেবল বাংলার বা বাঙালির নিজস্ব খাবার নয়, অন্য প্রদেশ ও অন্য সম্প্রদায়ের খাবারও চেখে দেখার অতিরিক্ত প্রবণতা রয়েছে বাঙালির মধ্যে। তাই উত্তর ভারত থেকে দক্ষিণ ভারতের খাবারও এখন ঢুকে গিয়েছে বাঙালির হেঁসেলে",,,,,
"আমাদের দেশের ভিন্ন-ভিন্ন স্বাদের খাবার বিদেশিদেরও আকর্ষণ করে। যদিও অনেকের কাছে এখানকার খাবারগুলি খুব বেশি তেল-মশলা দিয়ে তৈরি, এবং অস্বাস্থ্যকর। তবে স্বাদের জন্য খুবই আকর্ষণীয়",,,,,
"কেবল স্বাদ নয়, উত্তর থেকে দক্ষিণ ভারতে, এমন অনেক খাবার রয়েছে, যেগুলি পুষ্টির ভাণ্ডার। হজমও হয় তাড়াতাড়ি। ফলে টিফিন থেকে ডিনার, এমনকি লাঞ্চে অনেক বাঙালিও বাঙালি খাবার ছেড়ে উত্তর দক্ষিণ ভারত কিংবা পার্শ্ববর্তী রাজ্যের খাবারের থালি হাতে তুলে নেয়",,,,,
"পার্শ্ববর্তী রাজ্য বিহারের সবচেয়ে বিখ্যাত খাবার লিট্টি চোখা। গমের আটা বা ছোলার ছাতু থেকে তৈরি লিট্টি এবং আলু, বেগুন, পেঁয়াজ, টমেটো সিদ্ধ করে তার সঙ্গে কাঁচা লঙ্কা মাখিয়ে চোখা তৈরি করা হয়। এটির স্বাদ দুর্দান্ত, তেমনই পুষ্টিগুণে ভরপুর। ঘি, তেল না থাকায় ওজন নিয়ে যাঁরা ডায়েট করছেন, তাঁদেরও পেট ভরার জন্য অপরিহার্য খাবার",,,,,
"দক্ষিণ ভারতের খাবারের মধ্যে অন্যতম ইডলি ও ধোসা। চালগুঁড়ো অথবা বিউলির ডাল থেকে তৈরি এই দুটি খাবারেই তেল-মশলার ব্যবহার নামমাত্র। ফলে এটি যেমন স্বাস্থ্যকর, তেমনই সুস্বাদু। এগুলির সঙ্গে থাকা শাকসবজি, ডাল দিয়ে তৈরি সাম্বারও খুব পুষ্টিকর ও দীর্ঘক্ষণ পেট ভরা থাকে",,,,,
"রাজস্থানের মতো এখন কলকাতাবাসীর হেঁসেলেও ঢুকে গিয়েছে বাজরা, রাগি এবং ভুট্টার মতো শস্য দিয়ে তৈরি রুটি। এটা শরীর ফিট রাখার জন্য খুব উপকারী। এছাড়া এর সঙ্গে পঞ্চরত্ন ডাল প্রোটিন, ভিটামিন এবং খনিজের ভাণ্ডার",,,,,
"লিট্টি চোখা বিহারের সবচেয়ে জনপ্রিয় খাবার। ছাতুর পুর দিয়ে তৈরি আটার কচুরি আগুনে সেঁকে তৈরি করা হয় লিট্টি। আর চোখা হল আলু, টমেটো পুড়িয়ে এক অভিনব স্বাদের ঝাল ঝাল একটি পদ। বিহারে গিয়ে লিট্টি দিয়ে আলু চোখা না খেলে যেনো জীবনটাই বৃথা! মাথাপিছু দাম পড়বে ১৫০ রুপি।",,,,,
মুম্বাই পাও ভাজির জন্য বিখ্যাত। মুম্বইয়ের সবচেয়ে জনপ্রিয় স্ট্রিট ফুড বড়া পাও। একটি বানকে দুই ভাগে ভাগ করে ভিতরে সুগন্ধি মশলা ও আলুর পুর তৈরি করে দেওয়া হয়। মুম্বাইতে থাকলে এই খাবার কখনই মিস করা উচিত নয়। এই খাবার মূলত মুম্বাইয়ের হলেও এখন সবার অন্যতম প্রিয় খাবার।,,,,,
"কলকাতার রাস্তাঘাটে ক্ষুধা পেলে হাতের কাছে যে খাবারটি সহজে পান, তার নাম রোল। আপাদমস্তক স্বাস্থ্যসচেতন নন, এমন বাঙালি সব বয়সেই এই রোল খান চেটেপুটে।",,,,,
"উত্তরাঞ্চলে এই খাবারটিকে গোলগাপ্পা বলে জানলেও পশ্চিম সীমান্তের বাসিন্দারা একে পানিপুরি বলেন। বিহার ও ওড়িশার লোকেরা একেই গুপচুপ নামে ডাকেন। ভাজা জিরা দিয়ে তৈরি মশলা মাখানো আলু ও তেঁতুলের পানির সুস্বাদু মিশ্রণে ঠাসা এই ফুচকা যদি আপনি কলকাতার রাস্তার বিখ্যাত কিছু দোকানে চেখে না দেখেন, তবে কলকাতার মূল আবেদন অনেকটাই বাকি থেকে যাবে।",,,,,
বিহারের চম্পারণ জেলা হতে এই বিশেষ মাটন ডিশটির উৎপত্তি। পরিচিত আহুনা বা হান্ডি মাটন নামেও। সমস্ত উপকরণ একটি মাটির হাঁড়িতে শুকিয়ে ঢিমে আঁচে বহুক্ষণ ধরে রান্না করা হয়। লিত্তি চোখাকে একপাশে রেখে এখন এটাই বিহারের বিখ্যাত ডিশ,,,,,
"এই পদে প্রথমে নানা রকমের ডাল ব্যবহার করে তৈরি করা হয় একধরণের পকোড়া। তারপর সেই পকোড়া রান্না করা হয় দই এবং নানান মশলা সহযোগে। পদটি শুধু জনপ্রিয় নয়, যথেষ্ট পুষ্টিকরও।",,,,,
"তাজমহলের জন্য পরিচিত শহরটি তার অনন্য পেঠার (মোরব্বা) জন্যও বিখ্যাত ৷ যা সারা ভারতে মানুষ 'আগ্রা কা পেঠা' বলে পরিচিত ৷ এই খাবারটি আগ্রায় বিভিন্ন স্বাদে পাওয়া যায় যেমন আম পাপড়, কেসরিয়া, আঙ্গুরি, পান পেঠা ইত্যাদি । এগুলি স্বাদে অনন্য",,,,,
"খাবার দিয়ে অঞ্চলকে চেনা যায়। অনেক সময় কোনও কোনও খাবারই হয়ে অঠে সেই স্থানটির অভিজ্ঞান। যেমন কলকাতাকে চেনা যায় রসগোল্লা, মিষ্টি দই দিয়ে। তেমনই গুজরাতের আছে ধোকলা, মহারাষ্ট্রের বড়া পাও, উত্তর প্রদেশের দই ভাল্লা, রাজস্থানের গাট্টে কারি।",,,,,
চম্পারন মাটন ভারতের বিহারের একটি জনপ্রিয় বিখ্যাত খাবার। এটাকে অনেকে হান্ডি মাটন নামেও চিনে থাকে। বিভিন্ন রকম উপকরণ একসাথে একটি পাথরের মধ্যে দিয়ে অনেকক্ষণ সময় ধরে জাল দিয়ে তৈরি করা হয় এই সুস্বাদু খাবারটি।,,,,,
"এখন বাঙালির প্রিয় খাদ্যের তালিকায় এক নম্বরে বিরিয়ানি, এ কথা অস্বীকার করার উপায় নেই। কেবল বাংলায় নয়, বিরিয়ানির জনপ্রিয়তা গোটা দেশজুড়ে। কলকাতা, হায়দরাবাদ, লখনউ, দিল্লি-বিভিন্ন রাজ্যে বিভিন্ন রকম বিরিয়ানির প্রচলন রয়েছে। ",,,,,
পার্সি ভাষায় বিরিয়ান শব্দের অর্থ রোস্ট কিংবা ভাজা। মাংসের সঙ্গে বিভিন্ন রকম মশলা মাখিয়ে চালের সঙ্গে এই পদটি বানানো হয়। অতীতে উঁটের মাংসে তৈরি হত পারসিক বিরিয়ানি। ,,,,,
ভারতের কোন রাজ্যে সবচেয়ে বেশি আমিষ খাওয়া হয় জানেন? এই পোস্টে তা জেনে নেওয়া যাক। নাগাল্যান্ড এই তালিকায় শীর্ষে রয়েছে। ,,,,,
"ভারতের খাদ্যাভ্যাসের বৈশিষ্ট্যগুলির মধ্যে প্রধানত স্থানীয় ও মৌসুমি খাবারের প্রাধান্য রয়েছে, যা পরিবেশের ওপর কম চাপ ফেলে। ভারতীয় খাবারে প্রচুর পরিমাণে বাজরা এবং অন্যান্য স্বাস্থ্যকর শস্য ব্যবহার করা হয়। ",,,,,
"ভারতের খাদ্যাভ্যাসের বৈশিষ্ট্যগুলির মধ্যে প্রধানত স্থানীয় ও মৌসুমি খাবারের প্রাধান্য রয়েছে, যা পরিবেশের ওপর কম চাপ ফেলে। ভারতীয় খাবারে প্রচুর পরিমাণে বাজরা এবং অন্যান্য স্বাস্থ্যকর শস্য ব্যবহার করা হয়। ",,,,,
"ভারতের খাদ্যাভ্যাসে নিরামিষ এবং আমিষ উভয় ধরনের খাবারের মিশ্রণ পাওয়া যায়। উত্তর ভারতের রুটি-ডাল এবং দক্ষিণ ভারতের ভাত-ভিত্তিক খাবার যেমন ইডলি, দোসা এবং সাম্বার এখানকার খাদ্য সংস্কৃতির গুরুত্বপূর্ণ অংশ।",,,,,
"ভারতের খাদ্যাভ্যাস তার সাংস্কৃতিক বৈচিত্র্যকে প্রতিফলিত করে, নাগাল্যান্ড, পশ্চিমবঙ্গ, কেরালা, তামিলনাড়ুর মতো রাজ্যগুলি আমিষ পছন্দে শীর্ষে, উত্তরের রাজ্যগুলি দুগ্ধজাত পণ্যের ব্যবহারে প্রাধান্য পায়। ",,,,,
টেকসই খাদ্যাভ্যাসের জন্য প্রক্রিয়াজাত খাবারের ব্যবহার কমাতে হবে এবং নিরামিষ খাবারের দিকে ঝোঁক দিতে হবে। এতে খাদ্য অপচয়ের পরিমাণও কমে আসবে। জলবায়ু পরিবর্তনের কারণে সৃষ্ট ক্ষতির পরিমাণও অনেকটা হ্রাস পাবে।,,,,,
আমিষ খাবারের উপর নিষেধাজ্ঞার ফলে শহরে ভাল খাবারের অভাব দেখা দেয়নি। পালিতানা একটি প্রধান জৈন তীর্থস্থান এবং এখানে বিভিন্ন ধরণের নিরামিষ খাবার পাওয়া যায় যা বেশ সুস্বাদুও। ,,,,,
"আর্যদের সময় সমগ্র ভারতবর্ষের বাকল থেকে তৈরিকৃত কাপড় ব্যবহারের প্রচলন ছিল। কৌটিল্যের অর্থশাস্ত্র থেকে জানা যায়, বঙ্গদেশে এক সময় কাপড় তৈরি হতো গাছের বাকল থেকে। ",,,,,
"সেকালের আর্য-অনার্য বা মিশ্র জনগোষ্ঠীর মানুষেরা গাছের বাকলকে পিটিয়ে কাপড়ের মতো পাতলা করে, তারপর তা শুকিয়ে পরিধান করা হতো। সাঁচির বৌদ্ধস্তূপের স্তম্ভে মানুষের অবয়বগুলোতে যে কাপড়ের আবরণ দেখা যায়, তা বাকল থেকে তৈরি হওয়া বস্ত্রই মনে হয়।",,,,,
"বঙ্গদেশ পুরুষেররা সে সময়ে দুকুল পরতো নিম্নাঙ্গে। বাংলার নারীরা সম্ভবত এর সাথে পৃথক পাতলা দুকুল পরতো কাঁচুলির মতো করে। সরাসরি বাকল থেকে কাপড় তৈরির পরিবর্তে, বঙ্গদেশে এক সময় সুতিবস্ত্রের প্রচলন শুরু হয়েছিল।",,,,,
চাণক্যের অর্থশাস্ত্র থেকে জানা যায় খ্রিষ্টপূর্ব ৩০০-৪০০ অব্দের দিকে বঙ্গ এবং মগধে রেশমের চাষ হতো। তার অর্থ চীনদেশ থেকে রেশম তৈরির কৌশল ভারতে এসেছিল কিম্বা ভারতে স্বতন্ত্রভাবে রেশম তৈরির কৌশল উদ্ভাবিত হয়েছিল। ,,,,,
সে সময়ে রেশম ছিল অতি মূলবান সূতা। রাজাদের কাছে উৎকৃষ্ট পাটের কাপড় এবং রেশমের কাপড় ছিল রত্ন স্বরূপ। গাছের বাকল থেকে উৎপন্ন কাপড়ের পাশাপাশি ভারতবর্ষের বিভিন্ন স্থানে কার্পাস তুলা থেকে সুতা তৈরির কৌশল আবিষ্কৃত হয়েছিল। ,,,,,
"বাংলার সবচেয়ে মূলবান কাপড় ছিল মসলিন। দীনেশচন্দ্র সেন-এর 'বৃহৎ বঙ্গ' নামক গ্রন্থ থেকে মসলিন সম্পর্কে বিস্তারিত জানা যায়। প্লিনির মতে, রোমের মেয়েরা নাকি জনসাধারণের সামনে নগ্ন দেহ দেখাতো মসলিন পরার ছুতোয়।",,,,,
"বিজয়গুপ্তের পদ্মপুরাণে পাওয়া যায়, সিংহলরাজ চাঁদ সওদাগরের কাছে পট্টবস্ত্র পেয়ে বাঙালিভাবে বস্ত্র পরছেন। পরার ধরন হলো 'একখানি কাচিয়া পিন্ধে, আর একখানি মাথায় বান্ধে, আর একখানি দিল সর্বগায়।' ",,,,,
সম্ভবত সেকালে বঙ্গদেশের অভিজাত পুরুষরা তিন টুকরো কাপড় ব্যবহার করতো। এর ভিতরে মাথায় বাঁধা কাপড়টি ছিল পাগড়ি। স্থানীয় লোকেরা এর নাম দিয়েছিল পাগ। গায়ের কাপড় ছিল চাদর আর পরনে ছিল ধুতি জাতীয় কৌপিন। ,,,,,
একসময় পাগড়ি ছিল অভিজাত বাঙালি পুরুষের পোশাক। খালি গায়ে এবং পাগড়ি ছাড়া ঘরের বাইরে বেরুনো অসভ্যতার মধ্যে পরতো।,,,,,
মেয়েদের পোশাক ছিল একপরতের বিশাল থান কাপড়। হাতের বিচারে সাধারণ মাপ ছিল বার হাত। এই দীর্ঘ কাপড়ই কালক্রমে শাড়িতে পরিণত হয়েছে। মেয়েরা নিম্নাঙ্গে পায়ের গোড়ালি ও হাঁটুর মধ্যবর্তী অঞ্চল পর্যন্ত ঝুলিয়ে কাপড় পেঁচিয়ে পরিধান করতো। ,,,,,
"অভিজাত মেয়েদের ভিতরে বক্ষবন্ধনী ব্যবহার করতো, তা একালের ব্রেসিয়ারের মতো নয়। সেকালের কাঁচুলি ছিল চওড়া, কারুকাজ করা নকশাযুক্ত। সেকালে কর্নাটি কাঁচুলি বিখ্যাত ছিল।",,,,,
সনাতন হিন্দু ধরমে সেলাই করা পোশাক পরা নিষিদ্ধ ছিল। ফলে পুরুষরা তিন টুকরো কাপড় ব্যবহার করতো। কালক্রমে পরনের কৌপিন লম্বা করে পরার রীতি চালু হয়। সেই সাথে কোচার ঝুলও বৃদ্ধি পায়। এই চাহিদার সাথে সঙ্গতি রেখে তৈরি হয় ধুতি। ,,,,,
এই বিচারে বাঙালি পুরুষের আদি পোশাক হলো ধুতি। মুসলমানদের সূত্রে বঙ্গদেশে সেলাই করা পোশাকের প্রচলন ঘটে। গোড়ার দিকে আরবের লোকেরা ধুতি পরতো লম্বা করে কোচা ছাড়া। পরার ধরন ছিল সেলাইবিহীন লুঙ্গির মতো।,,,,,
"আরবের লু হাওয়ার প্রভাব থেকে ত্বক রক্ষার জন্য উর্ধাঙ্গে ছিল ঢিলেঢালা আবরণ, সেটাও ছিল অনেকটা চাদরের মতো। একই কারণে এরা মাথায় বড় পাগড়ি জাতীয় কাপড় পরতো। এই বিচারে মধ্যপ্রাচ্যের সাথে ভারতের পোশাকের খুব একটা তফাৎ ছিল না।",,,,,
বঙ্গদেশে আগত মুসলমানরা পায়জামা জাতীয় পোশাক পরতো নিম্নাঙ্গে আর উর্ধাঙ্গে ছিল কুর্তা জাতীয় পোশাক। ধর্মান্তরিত মুসলমানরা বহুদিন পর্যন্ত ভারতীয় ধুতি পরতো। ,,,,,
মুসলামনি পোশাক পরার রীতি প্রথম গ্রহণ করে অভিজাত হিন্দুরা। প্রথম দিকে ঘরের ভিতর ধুতি ব্যবহার করতো। কিন্তু বিশিষ্ট মহলে যাওয়ার সময় পায়জামা এবং মুসলামানি কুর্তাই ব্যবহার করতো।,,,,,
মধ্যবিত্ত সমাজে সকল সম্প্রদায়ের লোকই পায়জামা বা ধুতি পরতো। ব্রিটিশ শাসন আমল পর্যন্ত মুসলমানরা ধুতিকে হিন্দু পোশাক মনে করতো না। ফলে হিন্দু মুসলমান উভয় সম্প্রদায়ই ধুতি এবং পায়জামা পরতো। ,,,,,
কিন্তু সাধারণভাবে মুসলমানরা ঢিলেঢালা জামা পরতো। ফারসিতে এর নাম ছিল পিরহান। বাঙালিরা এর নাম দিয়েছিল পিরান। খাটো ঝুলের হা্তাওয়ালা বা হাতা ছাড়া পিরান পরতো নিম্নশ্রেণি-পেশার মানুষ। এই সব বাঙালি মুসলমানরা গোড়ার দিকে অধিকাংশ সময় খালি গায়েই থাকতো।,,,,,
"মুসলমান সৈনিকদের পরনে উর্দি ছিল। হিন্দু সৈনিকদের দেহে বর্ম জাতীয় কিছু আবরণ ছিল পোশাক ছিল না। এদের পরনে থাকতো আঁটোসাঁটো খাটো মালকোচা মারা ধুতি, উর্ধ্বাঙ্গ ছিল নগ্ন। মুসলমান আমলে হিন্দু সৈনিকরা, সামরিক পোশাক পরা শিখেছিল।
",,,,,
ফিরানা একটি বিশেষ পোশাক। যা কাশ্মীরী মেয়েরা বিয়েতে পরে থাকে। এটি তাদের ঐতিহ্যের একটি অংশ। এটি বাহারি রঙের হয়ে থাকে এবং লম্বায় প্রায় মাথা থেকে পা পর্যন্ত।,,,,,
"আমাদের দেশে 'নানা ভাষা, নান মত, নান পরিধান'। এক একটি রাজ্য তো অনেক দূর একই রাজ্যের কয়েকশো কিলিমিটারের ফারাকে পোশাক-পরিচ্ছদ থেকে খাবারের ধরনের বিভিন্নতা লক্ষ্য করা যায়। ",,,,,
কিন্তু একটি জিনিসে মিল রয়েছে সব জায়গায়। তা হল রাজনৈতিক নেতাদের পোশাকে। দেশের যে কোন প্রান্তে অন্তত ৯০ শতাংশ ছোট থেকে বড় যে কোনও রাজনৈতিক নেতা সাদা পোশাক পরেন।,,,,,
"দ্য নিউজ মিনিটের একটি প্রতিবেদন অনুযায়ী, এই প্রশ্নের উত্তর আছে ভারতের স্বাধীনতা সংগ্রামে। সেই সময় মহাত্মা গান্ধী যখন স্বদেশীর স্লোগান দিয়েছিলেন, তখন মানুষ বিদেশি কাপড় আগুন ধরিয়ে দেয়। এরপর গান্ধীজি জনগণকে স্বদেশীয় খাদি কাপড় পরতে উদ্বুদ্ধ করেন। ",,,,,
পোশাক পরিচ্ছদ ধারণের অভ্যাস অংশত নির্ভর করে জলহাওয়ার উপর এবং অংশত সমাজ ও ধর্মীয় প্রভাবের উপর। ,,,,,
ভারতবর্ষে’র প্রত্যেক অংশের নিজস্ব পোশাক আছে। এই পোশাক পরিচ্ছদ পরিধানের রীতি ভারতের বিভিন্ন প্রদেশের অধিবাসীদের জাতি ও পেশা নির্ধারণ করে। ,,,,,
বিদেশী শাসন ভারতীয়দের পোশাকের উপর কিছু প্রভাব বিস্তার করেছে। অধিকাংশ ভারতীয় মহিলার শাড়ীই সাধারণ পোশাক এবং ধুতি ও জোব্বা পুরুষদের। ,,,,,
"পাঞ্জাবের অধিবাসীরা সালোয়ার বা ঢিলা পায়জামাকে পছন্দ করে। বহু শতাব্দী ধরে মুসলমান ও ইংরাজদের প্রভাব সত্ত্যেও, আজও উত্তর প্রদেশের ও বঙ্গদেশের অধিবাসীদের ধুতিই পছন্দসই। ",,,,,
"বহু শতাব্দী ধরে মুসলমান ও ইংরাজদের প্রভাব সত্ত্যেও, আজও উত্তর প্রদেশের ও বঙ্গদেশের অধিবাসীদের ধুতিই পছন্দসই। তারা ঢিলে সার্ট’, ব্রীচেস ও পাগড়ি পরে। ",,,,,
"পাঞ্জাবের অধিবাসীরা সালোয়ার বা ঢিলা পায়জামাকে পছন্দ করে। বহু শতাব্দী ধরে মুসলমান ও ইংরাজদের প্রভাব সত্ত্যেও, আজও উত্তর প্রদেশের ও বঙ্গদেশের অধিবাসীদের ধুতিই পছন্দসই। ",,,,,
শিখেরা ধুতি পছন্দ করে না। পাগড়ির একটি ধর্মীয় তাৎপর্য আছে। বিভিন্ন প্রদেশে বিভিন্ন ধরনের শিরোভূষণ আছে।,,,,,
অভিনিবেশ সহকারে লক্ষ্য করলেই ভারতীয় স্ত্রী পুরুষের বৈচিত্র্যময় পোশাক পরিচ্ছদের বিভিন্ন ধরনের নমুনা দেখতে পাওয়া যায়।,,,,,
"আমাদের দেশের বয়স্ক নাগরিকেরা, যাঁরা সাধারণত পুরাতন প্রথানুযায়ী পোশাক পরিচ্ছদ পরেন, তাঁদের ভারতীয় তরুণীরা একটু অবহেলার দৃষ্টিতে দেখে থাকে। এটা কিন্তু রুচির দৈন্য ও পরস্পরের প্রতি সহানুভূতিহীনতারই পরিচায়ক। ",,,,,
জামা কাপড়ের প্রয়োজনীয়তা হল দেহকে আবৃত করা এবং শীত গ্রীষ্মের থেকে আমাদের রক্ষা করা। পরিষ্কার জামা কাপড় পরা পাশ্চাত্যানুসারী পোশাকের চেয়ে বহুগুণে শ্রেয়।,,,,,
পরিধেয় দ্রব্যের শ্রেণী বিভাগ অপেক্ষা ব্যক্তিটি কে- সেইটিই বেশি গুরুত্বপূর্ণ। এইজন্য প্রাচীন হিন্দু আচার্যে’রা বলেছেন- ‘উত্তম চরিত্রই হল শ্রেষ্ঠ পোশাক।’,,,,,
"পোশাকের সঙ্গে মানুষের সম্পর্ক বহু আগের। প্রাচীন গুহাবাসী মানুষ থেকে আজকের আধুনিক মানুষ, সবার জীবনের এক অবিচ্ছেদ্য অনুষঙ্গ হচ্ছে পোশাক। ",,,,,
"কখনো শাসকের প্রভাবে, কখনো ধর্মের প্রভাবে বাঙালি তাদের পোশাকে পরিবর্তন এনেছে। বিভিন্ন প্রমাণ হাতে থাকায় গত কয়েক শতাব্দীতে বাঙালির পোশাকে কী ধরনের পরিবর্তন এসেছে তা যেভাবে বিশ্লেষণ করা যায়, তার আগের সময়ের পরিবর্তন নিয়ে সেভাবে বিশ্লেষণ করা যায় না এবং সেটা নিয়ে কথা বলাও যায় না।",,,,,
তাদের বেশিরভাগ পোশাকই ছিল লজ্জা নিবারণ ও শীত-গ্রীষ্মসহ বিভিন্ন আবহাওয়ার রুক্ষতা থেকে রক্ষা পাওয়ার জন্য দরকারী ন্যূনতম পোশাক। সেজন্যই সে সময়ে নারী-পুরুষের পোশাকে খুব একটা পার্থক্য ছিল না এবং এ যুগের মানুষের মতো রকমারি পোশাকও ছিল না।,,,,,
নারীরা শাড়ি পরতেন পায়ের কব্জি পর্যন্ত ঝুলের। নারী ও পুরুষরা ঊর্ধ্বাঙ্গে অলংকার ছাড়া আর কিছু পরতেন না। উৎসবে ও বিভিন্ন অনুষ্ঠানে অভিজাত নারীরা কখনো কখনো ওড়না ব্যবহার করতেন।,,,,,
"বাংলায় হিন্দু-মুসলমান দুই ধর্মাবলম্বীর মধ্যেই কঠোর পর্দাপ্রথা মেনে চলা হতো। সেজন্য বিভিন্ন তথ্যসূত্র থেকে পুরুষদের পোশাকের যতটা বর্ণনা পাওয়া যায়, নারীদের পোশাকের ততটা বর্ণনা পাওয়া যায় না। নারীদের ব্যাপারে রক্ষণশীলতা এতটাই প্রকট ছিল যে বিভিন্ন সময়ে পুরুষদের পোশাক পরিবর্তনের মধ্য দিয়ে গেলেও নারীরা সবসময় প্রায় একই পোশাক পরেছে- শাড়ি।",,,,,
ব্রিটিশ শাসনের মাঝামাঝি বা শেষের দিকে এসে অভিজাত নারীদের ফুল-হাতা গলাবন্ধ ব্লাউজ পরতে দেখা যায়। অনেক পুরুষ তাদের স্ত্রীদের ব্রিটিশ সমাজে গ্রহণযোগ্য করে তোলার জন্য আলাদা করে পোশাক তৈরি করিয়ে নিতেন।,,,,,
বাঙালিদের মধ্যে শার্ট খুব জনপ্রিয় হলেও বিশ শতকের আগে বাঙালি শার্ট পরত না। এমনকি বিশ শতকেরও অর্ধেক সময়জুড়ে বাঙালিদের মধ্যে খুব একটা শার্ট পরার চল ছিল না। ,,,,,
মুঘলদের পোশাকের মতোই ইংরেজদের পোশাক রাতারাতি সাধারণ মানুষের মধ্যে জায়গা করে নেয়নি। ইংরেজরা এই দেশে আসার পরও বহুদিন এই দেশের মানুষ তাদের পোশাক গ্রহণ করেনি। ধীরে ধীরে প্রথমে অভিজাত এবং পরে সাধারণ মানুষের মাঝে ইংরেজদের অনুকরণে পোশাক পরার প্রচলন শুরু হয়। ,,,,,
"অভিজাতদের পোশাকে যতটা প্রবলভাবে ব্রিটিশদের ছোঁয়া লেগেছিল, সাধারণ মানুষের মধ্যে কিন্তু ততটা প্রবলভাবে লাগেনি। সাধারণ মানুষ হিন্দু-মুসলমান নির্বিশেষে তখনও ধুতি, পাঞ্জাবি, চাদর, লুঙ্গি ইত্যাদি পোশাক পরতেন। হিন্দু-মুসলমান সবাই ধুতি পরতেন।",,,,,
পাহাড়ি পোশাক সমতলে এসে পেয়েছে নিজস্ব আলাদা সত্তা। থামি হয়তো সমতলের বাঙালিরা একইভাবে পরতে স্বাচ্ছন্দ্যবোধ করবে না। কিন্তু তারা শাড়ি ভালোবাসে। তাই থামির কাপড়কে ব্যবহার করা হচ্ছে শাড়িতে।,,,,,
কখনো আবার আদিবাসী তাঁতেই বৈচিত্র্যময় নকশা দিয়ে শাড়ি বোনা হচ্ছে। মণিপুরি শাড়ি অনেক দিন থেকেই ফ্যাশনে বেশ ট্রেন্ডি। সঙ্গে আছে থামির শাড়িও।,,,,,
"আদিবাসী তাঁতে বোনা থামি দিয়েই এখন মেয়েরা সালোয়ার-কামিজ বানিয়ে নিচ্ছে। এ ক্ষেত্রে ব্লাউজের অংশটুকু বড় হয়ে কামিজ, নিচের অংশ দিয়ে সালোয়ার।",,,,,
"সেসময় এরকম মুসলমানী পোশাক দরবার ছাড়িয়ে সাধারণ মানুষ এমনকি অন্য ধর্মের মানুষের মাঝেও ছড়িয়ে পড়ে। শেখ জৈনুদ্দিনের আঁকা লেডি ইম্পের ছবিতে দেখা যায়- অভিজাতরা তো বটেই, চাকর-বাকররাও মাথায় পাগড়ি পরে আছে।",,,,,
"মুসলমানদের অনেকে ধুতির চেয়ে ছোট একখন্ড কাপড় পরত, যাকে এখন বলা হয় ‘লুঙ্গি’। পনাই ও পাদুকার উল্লেখ থাকলেও মধ্যযুগের বাংলায় চামড়ার জুতা পরার কথা সে যুগের কোনো সাহিত্যে উল্লেখ করা হয়নি।",,,,,
প্রাচীন বাংলায় সেলাই করা কাপড় পরাকে অপবিত্র মনে করা হতো। সেজন্যই নারী-পুরুষ শাড়ি ও ধুতি পরতেন। মুসলমানরা এদেশে আসার আগে সেলাই করা কাপড় পরা হতো না। মুসলমানরা ধীরে ধীরে এ রীতি চালু করে এবং সমাজে ‘দর্জি’ নামক এক নতুন পেশার উদ্ভব হয়।,,,,,
"বাঙালির বর্তমান পুরুষদের মাঝে বর্তমানে সবচেয়ে জনপ্রিয় পোশাক শার্ট-প্যান্ট, টি-শার্ট ও গেঞ্জি। বিভিন্ন উৎসবে বা অনুষ্ঠানে পাঞ্জাবি-পায়জামা থেকে শুরু করে কোট-স্যুট-ব্লেজার পরার রীতিও চালু আছে বাঙালি পুরুষদের মাঝে। ",,,,,
বাঙালি নারীরা বিভিন্ন উৎসব-অনুষ্ঠানে শাড়ি পরলেও আগের চেয়ে শাড়ির প্রচলন কমে এসেছে অনেক। বর্তমানে নারীরা সবচেয়ে বেশি পরেন সালোয়ার-কামিজ।,,,,,
"বাঙালি নারীদের পোশাক নিয়ে বর্তমানে নানান ধরনের অপপ্রচার সমাজে চালু আছে। এরমধ্যে কিছু আম জনতা আছে, না বুঝে না জেনে নারী পোশাক নিয়ে খুব বেশি উৎফুল্ল হয়ে নারী বিদ্বেষমূলক উস্কানি দিয়ে যাচ্ছে অহরহ।",,,,,
"জিমন্যাস্টরা পারফরম্যান্সের জন্য নমনীয় ও আরামদায়ক পোশাকই পরে। ফারাহ ব্যতিক্রম ছিলেন না। তবে তার ক্রিড়ানৈপূণ্যে নয়, পোশাকেই দৃষ্টি দিয়েছেন অনেকে। ফলে ফারাহ শিকার হচ্ছেন অশ্লীল আক্রমণের। ",,,,,
"মালয়েশিয়া হবে তালেবান', মালয়েশিয়ার পরিস্থিতি এখনও এমন সংকটের মুখে পড়েনি যদিও, তবে বাংলাদেশকে  'তালেবানি রাষ্ট্র' হিসেবে দেখার স্বপ্নদোষে ভুগছে কিছু গোষ্ঠী। এরই অংশ হিসেবে নারীর পোশাক নিয়ে ছুতোনাতায় চলে মাতামাতি। ",,,,,
জিন্স আমাদের সমাজে কেবল 'মডার্ন' মেয়ের পোশাক। হালে ভূমিকম্পের যাবতীয় বৈজ্ঞানিক ব্যাখ্যাকে নাকচ করে ভূমিকম্পের ইসলামি ব্যাখ্যা দাঁড় করিয়েছেন পাকিস্তানি মওলানা ফজলুর রহমান- জিন্সই ভূমিকম্পের কারণ।,,,,,
বস্ত্র তৈরির জন্য সাধারণত সুতা এবং কপাসের বস্ত্র ব্যবহার করা হতো। এগুলি মুখ্যতঃ প্রাকৃতিক রঙের হতো এবং একই ধরণের ডিজাইন এবং ফিটের সাথে বিশেষভাবে সংগঠিত হতো।,,,,,
"টুকরো কাপড়ের বর্ণনা অনার্য সভ্যতায় বহু আগে থেকেই ‘শাঢী’ শব্দটির প্রচলন পরিলক্ষিত হয়। তাই কেউ কেউ মনে করেন, শাড়ির মূল শব্দই শাঢী। এছাড়া মহাভারতে দ্রৌপদীর যে বস্ত্রহরণের বর্ণনা পাওয়া যায়, সেটিও শাড়িই ছিল বলে অনুমেয়।",,,,,
শাড়ির ইতিহাস প্রাচীন ভারত থেকে শুরু করে আধুনিককালের ফ্যাশন ক্যাটওয়াক পর্যন্ত বিস্তৃত। অনাড়ম্বর ও বহুমুখী এ পোশাক যেন ব্যবহারকারী নারীর গল্পই তুলে ধরে। ,,,,,
"সমগ্র ভারতজুড়ে রয়েছে হাজার রকমের শাড়ি। তবে শাড়ির মতো পোশাকের প্রথম দিকের তথ্যপ্রমাণ পাওয়া যায় সিন্ধু সভ্যতায়, যা উত্তর-পশ্চিম ভারতের ২৮০০-১৮০০ খ্রিস্টপূর্বার্ব্দে বিকাশ লাভ করেছিল। শাড়ি শব্দটি সংস্কৃত থেকে এসেছে বলেই মনে করা হয়, যার অর্থ টুকরো কাপড়। ",,,,,
"সিন্ধু ও মেহের গড়ের মতো অনার্য সভ্যতার ধ্বংসাবশেষ থেকে প্রাপ্ত চিত্রে নারীদের পরনে শাড়ির মতো কাপড়ের ব্যবহার দেখা যায়। ধারণা করা হয়, ভারতের অনার্যরা সেলাই জানত না বলেই নারী, পুরুষ সবাই অখণ্ড বস্ত্র হিসেবে শাড়ি পরিধান করত। ",,,,,
আদিমকালে পূর্ব-দক্ষিণ ও পশ্চিম ভারতে সেলাই করা কাপড় পরার প্রচলন ছিল না। এ অখণ্ড বস্ত্রটি পুরুষের পরনে থাকলে হতো ধুতি এবং নারীর পরনে থাকলে শাড়ি। ,,,,,
"শাড়ি শব্দটির আরেকটি সম্ভাব্য মূল ব্যুৎপত্তিগত পালি শব্দ হলো সাতিকা, যার অর্থ নারীদের পোশাক। প্রাচীন নানা তথ্য পোশাক হিসেবে শাড়ি নারী পুরুষ উভয়ের ছিল বলেই প্রমাণ করে। ",,,,,
এক টুকরো কাপড়ে শরীর ঢাকার বিষয়টিতে পরিবর্তন এসেছে উনিশ শতকের শেষ দিকে। উনিশ শতকের চল্লিশের দশক থেকে বিংশ শতাব্দী পর্যন্ত সময়কে বলা হয় ভিক্টোরিয়ান যুগ। এ যুগে ফ্যাশনের মূল কথাই ছিল কাপড়ে সারা শরীর ঢাকা থাকতে হবে।,,,,,
"ঔপনিবেশিক যুগে বাংলায় শাড়ি ছিল আধা স্বচ্ছ মসলিনসহ আরো অনেক ধরনের কাপড়, যা বাংলার গ্রীষ্মমণ্ডলীয় জলবায়ুর সঙ্গে মানানসই ছিল। কারণ শাড়ির নিচে কোনো পোশাক ছাড়াই শরীরে আবৃত রাখা যেত। ",,,,,
"শাড়ির ইতিহাস, অনেকটা এর ভাঁজের মতোই, স্তর ও জটিলতায় পরিপূর্ণ। এভাবে হাজার বছর ধরে সমগ্র ভারতীয় উপমহাদেশজুড়ে রয়েছে শাড়ির ইতিহাস। কখনো মহাকাব্য, কখনো রাজদরবার, কখনো পুঁথি গ্রন্থে মিলেছে শাড়ির কথন।",,,,,
"ইতিহাস, সংস্কৃতি আর ঐতিহ্যের এক অপূর্ব লীলাভূমি ভারত। চিন্তা-ভাবনা, পোশাক-পরিচ্ছদ থেকে শুরু করে নানা ভাষা, রীতিনীতি, কৃষ্টি সবকিছুতেই ভারত অন্য সব দেশ থেকে অনেক ভিন্ন। জ্ঞান-বিজ্ঞান, সাহিত্য, সংস্কৃতিতে যেমন আধুনিক ভারতকে চেনা যায়, ঠিক তেমনি নানা ধর্মীয় গোঁড়ামি, অদ্ভুত সব রীতিনীতিতেও দেশটি পিছিয়ে নেই। ",,,,,
রাজস্থানের বিকানের থেকে ৩০ কিমি দূরে অবস্থিত দেশনোক। আর সেখানেই অবস্থিত এই কারণিমাতা মন্দির। এই মন্দিরের অন্যতম বৈশিষ্ট্য হলো মন্দিরটির মধ্যে বসবাসরত বিশ হাজারের অধিক ইঁদুর। অনেকেই মন্দিরটিকে ‘ইঁদুরের মন্দির’ হিসেবেও চেনে। ,,,,,
"এই মন্দিরকে ঘিরে রয়েছে নানা কল্পকাহিনী। অনেকে বলেন, কারণি মাতার সৎ ছেলে লক্ষণ কপিল সরোবরে পানি খেতে গিয়ে ডুবে গেলে, মাতা যমরাজকে আহ্বান করেন তার ছেলেকে বাঁচিয়ে তোলার জন্য। যমরাজ লক্ষণ ও কারণি মাতার সব ছেলেকে ইঁদুর হিসেবে পুনর্জন্ম দেন।",,,,,
"এই মন্দিরে ইঁদুরের এঁটো খাওয়া অসম্ভব পুণ্যের কাজ বলে বিবেচিত হয়। প্রতি বছর কারণি মাতা উৎসবের সময়ে এখানে প্রচুর ভক্তের সমাগম ঘটে। সেসময় যারা সেখানে পুজো দিতে আসেন, তারা ইঁদুরের এঁটো প্রসাদ খেয়ে পুণ্য অর্জন করে থাকেন বলে ভক্তদের বিশ্বাস।",,,,,
"এ অঞ্চলে ইঁদুর মারা অপরাধ মানা হয়। তাই কেউ পারতপক্ষে এখানকার কোনো ইঁদুর মারার কথা ভাবতে পারেন না। যদি কেউ ভুল করেও একটি ইঁদুর মেরে ফেলেন, তাহলে তাকে অনুরূপ সোনার ইঁদুর বানিয়ে দিতে হয়।",,,,,
"এই গ্রামের সবচেয়ে চমকপ্রদ বিষয় হলো, প্রত্যেক গ্রামবাসীর নিজস্ব একটা সুর রয়েছে। একটি শিশু জন্মগ্রহণের পর মা নিজেই তার পছন্দের সুরটি শোনান সবাইকে, যার মধ্য দিয়ে পরিচিত হয় শিশুটি। ",,,,,
এই প্রথা অনুসারে সমাজের উঁচু জাতের ব্রাহ্মণ সমাজের লোকদের খেয়ে উঠে যাওয়ার পর তাদের পড়ে থাকা উচ্ছিষ্টের উপর গড়াগড়ি দেয় সমাজের নিচু জাতের মানুষেরা। ,,,,,
সন্তান লাভের আশায় অনেক নিঃসন্তান দম্পতি এখানে এসে প্রার্থনা করে। আবার অনেকে তার সন্তানের উজ্জ্বল ভবিষ্যৎ আর দীর্ঘ জীবন কামনায় দরগার ওপর থেকে শিশুটিকে ছুঁড়ে ফেলে আর নিচে দাঁড়িয়ে থাকা কয়েকজন চাদর দিয়ে তাকে লুফে নেয়।,,,,,
ভারতের অনেক পরিবারের মেয়েদের বিয়ের সময় তার কুষ্ঠি বিচার করা হয়। এই কুষ্ঠি হচ্ছে মেয়েটির জন্মতিথি সংক্রান্ত জ্যোতিষীর নানা বিচার-বিশ্লেষণ সংক্রান্ত নথি। এই বিচার বিশ্লেষণের মধ্য দিয়ে মেয়ের কোনো মঙ্গল দোষ খুঁজে পেলে তাকে ‘মাঙ্গলিক দোষ’ হিসেবে বিবেচনা করা হয়।,,,,,
"পাকিস্তানের সঙ্গে ভারতের কাঁটাতারে ঘেরা সীমান্তে কৃষিপ্রধান গ্রামের বাসিন্দারা তাদের পরিবারকে সীমান্ত এলাকা থেকে সরিয়ে ফেলেছেন, স্মরণ করছেন দুই দেশের সেনাবাহিনীর মধ্যকার সর্বশেষ বড় সংঘর্ষের আতঙ্ক।",,,,,
"এখানে বেশিরভাগ মানুষ বাড়ির বেশি কিছুতে ন্যূনতম একটুখানি বিনিয়োগ করেন না। কারণ কে জানে, কখন ওপার থেকে ভুল নিশানায় ছোড়া কোনো গোলা এসে সবকিছু ধ্বংস করে দেবে।",,,,,
পাকিস্তানী সেনাবাহিনীর হাত থেকে বাঁচতে বিপুল সংখ্যক ভীতসন্ত্রস্ত বাঙালী শরণার্থী ভারতের সীমান্তে এসে আশ্রয় নিচ্ছে। শরণার্থীদের সংখ্যা মে মাসে মাঝামাঝি ৩০ লাখ ছাড়িয়ে গেছে বলে ভারতের তরফ থেকে বলা হচ্ছে।,,,,,
"আমরা যখন খনন কাজ শুরু করি, তখন আমরা ভেবেছিলাম এটি একটি প্রাচীন বসতি। এক সপ্তাহের মধ্যে আমরা বুঝতে পারি যে এটি একটি সমাধিস্থল",,,,,
"বিশ্বের সর্বাধিক জনসংখ্যার দেশ ভারত। নানা জাতি, নানা ভাষা, নানা পরিধানের দেশ। খাদ্যাভাস, সংস্কৃতি, জীবনযাত্রাও ভিন্ন ভিন্ন রাজ্যে আলাদা। এই দেশেই এমন অনেক রাজ্য রয়েছে যেখানে বাসিন্দাদের গড় আয়ু তুলনামূলকভাবে কম।",,,,,
"মোগল সাম্রাজ্যে ক্ষমতাকাঠামোর কেন্দ্রে ছিলেন শাসক। এ সময় সাম্রাজ্য কেবল ভৌগোলিকভাবেই বিস্তৃত হয়নি, শাসনের সুবিধার কথা বিবেচনা করে মৌলিক পরিবর্তন আনা হয়েছে প্রশাসন ও অর্থনীতিতে। ",,,,,
বিপুল খাসজমি থাকার পরও কৃষকদের মধ্যকার বিভেদ ছিল চোখে পড়ার মতো। ,,,,,
রাজস্থানে ব্রাহ্মণ ও ক্ষত্রিয়দের জন্য ভূমি রাজস্ব ছিল এক-তৃতীয়াংশ কিংবা এক-চতুর্থাংশ। অথচ একজন সাধারণ কৃষকের জন্য ভূমি রাজস্ব ছিল অর্ধাংশ। ,,,,,
"মোগল সাম্রাজ্যের প্রতিষ্ঠাতা বাবর ভারতবর্ষের অভিজ্ঞতা তুলে ধরেছেন তার অমরগ্রন্থ বাবুরনামায়। তার দাবি, সে সময় সাধারণ মানুষ খালি পায়ে চলাফেরা করত। পুরুষরা সাধারণত একটা ছোট নেংটি পরত। মেয়েরা পরত শাড়ি।",,,,,
"বাংলার সাধারণ মানুষের শরীরের বড় অংশই থাকে অনাবৃত। কেবল একটা নেংটি পরে থাকে। সাধারণত মানুষের বড় একটা অংশই যে অনাবৃত থাকত, এ কথাই দাবি করেছেন সমকালীন পর্যটকরা।",,,,,
বাংলা বাদে আর কোথাও জুতা ব্যবহারের উল্লেখ পাওয়া যায় না। কারণ চামড়ার দাম ছিল অনেক বেশি। ,,,,,
"বাংলায় অধিকাংশ কুঁড়ে তৈরি হতো বাঁশ দিয়ে। মাটির ঘরও ছিল খুবই সাধারণ। আসামে ধনী ও গরিব নির্বিশেষে ঘর তৈরি করত বাঁশ, কাঠ ও খড় দিয়ে। কাশ্মীরে বাড়ি তৈরি হতো কাঠ দিয়ে। উত্তর ও মধ্য ভারতে মাটির ঘর ছিল বেশি।",,,,,
"কৃষকের ঘরে রান্নার জন্য ব্যবহার করা হতো মাটির বাসনকোসন। থাকত বাঁশের তৈরি মাচা ও মাদুর। খাবারের বৈচিত্র্য। আগ্রা ও দিল্লির দিকে গম জনপ্রিয় হলেও বাংলা, ওড়িশা ও উপকূলীয় অঞ্চলে জনপ্রিয় ছিল মাছ।",,,,,
"আগ্রা ও দিল্লির দিকে গম জনপ্রিয় হলেও বাংলা, ওড়িশা ও উপকূলীয় অঞ্চলে জনপ্রিয় ছিল মাছ। ",,,,,
বাংলা অঞ্চলে খাবারের সঙ্গে ঘি ছিল অতি পরিচিত নাম। দুধ ও দুধজাত পণ্য সহজলভ্য হওয়ার কারণে নানা পদের মিষ্টান্ন খেত মানুষ।,,,,,
"মধ্যযুগের কবি মুকুন্দরাম তার কবিতায় জানান, গরিবরা কেবল উৎসবের সময়ই সুস্বাদু খাবার খাওয়ার সুযোগ পায়। তবে তাভেরনিয়ার কিছুটা ভিন্ন মত দিয়েছেন। তার দাবি, সবচেয়ে ছোট গ্রামটিও চিনি, দুধ ও অন্যান্য মিষ্টান্ন প্রচুর পরিমাণে উৎপাদন করে।",,,,,
"অভিজাত শ্রেণীরা বিপুলসংখ্যক ভৃত্য নিয়োগ দিতেন বাড়ির কাজ সামাল দেয়ার জন্য। একজন অভিজাত কখনই তার চাকর, দাস ও ভৃত্য ছাড়া বাইরে বের হতেন না।",,,,,
"আকবরের সময়ের কম মজুরি পাওয়া শ্রমিকটাও পুষ্টিকর খাবার কিনতে পারতেন; কারণ তখন মাংস, ঘি, চিনি, গুড় ও দুধ সস্তা ছিল। বিপরীতে লবণ, কাপড় ও শিল্প-কারখানায় উৎপাদিত পণ্যের দাম আধুনিক সময়ে তুলনামূলকভাবে কম।",,,,,
"মনসবদারি ও জায়গির প্রথার কারণেও বিপুল পরিমাণ মানুষের জন্য কর্মসংস্থান তৈরি হয়। তাদের দিয়েই মূলত গড়ে উঠেছিল মধ্যবিত্ত শ্রেণী। গোমস্তা, দালাল, পাইকারি বিক্রেতা, ব্যবসায়ী মিলে তৈরি হয়েছিল স্বতন্ত্র শ্রেণী, যাদের হাতে পর্যাপ্ত অর্থ থাকত।",,,,,
"পেশাজীবী শ্রেণীর মধ্যে ছিল পণ্ডিত, মোল্লা, আইনজীবী ও হাকিম। অন্যদিকে সমাজে ব্রাহ্মণ ও মোল্লাদের প্রভাব ছিল মূলত ধর্মীয় বিষয়ে।",,,,,
"ভারতের ‘আধুনিক বুর্জোয়াদের নেতৃত্বাধীন কোটিপতি রাজ ঔপনিবেশিক শক্তির নেতৃত্বে ব্রিটিশ রাজের চাইতেও বেশি অসম’ - এমন কথাও বলা হয়েছে ‘ইনকাম অ্যান্ড ওয়েলথ ইনিকুয়ালিটি ইন ইন্ডিয়া, ১৯২২-২০২৩- দ্য রাইজ অফ দ্য বিলিওনিয়ার রাজ’ শীর্ষক ওই প্রতিবেদনে।",,,,,
"যেহেতু কোচবিহার মুসলিম ও ব্রিটিশ সহ বিভিন্ন রাজবংশ দ্বারা আধিপত্য ছিল, এটি পশ্চিমবঙ্গ ও বাংলাদেশের মতো মিশ্র সংস্কৃতির একটি দেশ। হিন্দুদের পাশাপাশি এখানে বিভিন্ন বর্ণ ও ধর্মের লোকেরা (মুসলিম, খ্রিস্টান এবং শিখ) বাস করেন।",,,,,
"ভাত এবং মাছ ঐতিহ্যবাহী প্রিয়, একটি প্রচলিত প্রবাদ যা “মাছ এবং ভাত বাঙালি তৈরি করে” (মাছে ভাতে বাঙালি)। সাম্প্রতিক বছরগুলিতে উচ্চ উত্পাদন সহ মাংস খরচ বৃদ্ধি পেয়েছে।",,,,,
"পশ্চিমবঙ্গের অন্যান্য অঞ্চলের মতো, কোচবিহারের লোকেরা দুধজাত পণ্য থেকে স্বাতন্ত্র্যসূচক কনফেকশন তৈরি করতে পরিচিত – জনপ্রিয়গুলি হলেন রোশোগোল্লা, চমচম কালাকান্দ সন্দেশ ,মিসতি দোই এবং কালোজাম।",,,,,
মোমো হ’ল আরও একটি জনপ্রিয় নাস্তা (উদ্ভিজ্জ বা মাংসের ফিলিংস থেকে তৈরি) যা বাষ্পযুক্ত এবং স্যুপের সাথে পরিবেশিত হয়।,,,,,
"বাঙালি মহিলারা সাধারণত শাড়ি পরেন এবং সালোয়ার কামিজ, যা স্থানীয় রীতিনীতি অনুসারে স্বতন্ত্রভাবে ডিজাইন করা হয়েছে। তবে পশ্চিমা ধাঁচের পোশাকটিও বেশ জনপ্রিয়, বিশেষত তরুণদের মধ্যে। ধর্মীয় অনুষ্ঠানে পুরুষরা প্রায়শই ঐতিহ্যবাহী পোশাক যেমন ধুতি বা পাজামা সহ কুর্তা বা পাঞ্জাবি পরেন।",,,,,
"কোচবিহারের একটি বৈশিষ্ট্যগত বৈশিষ্ট্য হ’ল সম্প্রদায়ের সংযুক্তির শক্তিশালী ধারণা সহ পাড়া সাধারণত, প্রতিটি পাড়ার নিজস্ব একটি সম্প্রদায় ক্লাব রয়েছে যার একটি ক্লাবরুম এবং প্রায়শই একটি খেলার মাঠ থাকে।",,,,,
"কোচবিহারের বাসিন্দারা সংগীত পছন্দ করেন এবং সাধারণত রবীন্দ্র সংগীত, বাংলা ব্যান্ড, হিন্দি পপ সংগীত এবং স্থানীয় ভাওয়াইয়া সংগীত শোনেন। স্থানীয় বাংলা উপভাষা কলকাতার কথ্য বাংলা থেকে আলাদা। স্থানীয় উপভাষা পূর্ববাংলার এবং অসমিয়া ও রাজবাংসি ভাষার মিশ্রণের আরও নিকটবর্তী।",,,,,
"রবীন্দ্রভবন, একটি মিলনায়তন, প্রায়শই নাটক, সংগীতানুষ্ঠান, কাব্য-আবৃত্তি এবং নৃত্য অনুষ্ঠানের মতো সাংস্কৃতিক অনুষ্ঠানের স্থান হিসাবে নির্বাচিত হয়। মন্দিরগুলি জেলা জুড়ে রয়েছে। মদন মোহন মন্দির, বড় দেবী বাড়ি, রাজমাতা মন্দির, বনেশ্বর মন্দির কয়েকটি ধর্মীয় ও সাংস্কৃতিক গুরুত্বের উল্লেখযোগ্য কেন্দ্র ।",,,,,
"ভাওয়াইয়া উত্তর বঙ্গের লোকসংগীতের একটি ধারা, যা রংপুর (বাংলাদেশের একটি জেলা) এবং কোচবিহার (ভারতের পশ্চিমবঙ্গের একটি জেলা) থেকে উদ্ভূত বলে মনে করা হয়। এই লোকগানের নাম সাধারণত পুরুষ ও মহিলার মধ্যে প্রেম সম্পর্কে; এর নাম ভাভা (আবেগ) থেকে এসেছে।",,,,,
"ভাওয়াইয়া দুই ধরণের হতে পারে: একটি বিষণ্নতা নোটগুলিতে কণ্ঠস্বরটি বের করে দেয়, অন্যটির একটি চ্যাটকা বা স্কিপিং টোন রয়েছে। প্রথম প্রকারটি থিমে সংবেদনশীল এবং সাধারণত একটি যুবতী রমণীর প্রেম এবং বিচ্ছেদের কোমল অনুভূতি সম্পর্কে। ",,,,,
বাংলায় বছরের প্রথমদিনটি নববর্ষ বা পয়লা বৈশাখ নামে পরিচিত ।বর্তমানে যে বাংলা ক্যালেন্ডার ব্যবহার করা হয় সেটি মূলত সূর্য সিদ্ধান্ত গ্রন্থ অনুসরণ করে নির্মিত এবং তা ভারতীয় রীতিনীতির পরিপূরক ।,,,,,
মুঘল রাজত্বকালে ইসলামীয় হিজরী অর্থাৎ লুনার ক্যালেন্ডার অনুযায়ী বাংলার মানুষদের কাছ থেকে খাজনা আদায় করা হত । কিন্তু এই ক্যালেন্ডারের নতুন বছরের সঙ্গে কৃষিজ চক্রের সামঞ্জস্য ছিল না । আর সেই সামঞ্জস্য রক্ষার কারণেই বাংলা ক্যালেন্ডারের উৎপত্তি।,,,,,
নতুন বছরের সূচনার দিনটি বাঙালিদের কাছে শুভদিন হিসেবেই বিবেচিত হয় । অনেক বাঙালির বাড়িতে আলপনা দিয়ে নিষ্ঠার সাহায্যে পূজা সম্পন্ন করে শুভ শক্তির আমন্ত্রণ জানান ।এছাড়াও বছরের প্রথম দিনের সূচনার সঙ্গে সঙ্গে একটা নতুন আর্থিক বছরের ও সূচনা হয় তাই বিভিন্ন বিপণীতে ভগবান গনেশ এবং দেবী লক্ষ্মীর আরাধনা করে থাকেন । ,,,,,
বছরের প্রথম দিনের সূচনার সঙ্গে সঙ্গে একটা নতুন আর্থিক বছরের ও সূচনা হয় তাই বিভিন্ন বিপণীতে ভগবান গনেশ এবং দেবী লক্ষ্মীর আরাধনা করে থাকেন । তাই গহনার বিপণী গুলিতে হালখাতার প্রথা রয়েছে ।,,,,,
বিহারে বিশেষত মৈথিলী সম্প্রদায়ের নতুন বছরের সূচনার দিনটি জুর শীতল নামে পরিচিত । এই উৎসবটি হার্ভেস্ট ফেস্টিভ্যাল হিসেবে পরিচিত । এই পবিত্র দিনে ভগবানের উদ্দেশ্যে কলস স্থাপনার সাহায্যে নতুন দিনের সূচনা হয় । বিহারের মানুষরা এই দিনে ছাতু এবং গুড় খেয়ে ভগবানকে সোনা বা রুপো উৎসর্গ করেন ।,,,,,
"বর্ণিল উৎসবের দেশ ভারত। প্রতিবছর দেশটির বিভিন্ন প্রান্তে বিভিন্ন ধর্মের, বর্ণের ও সম্প্রদায়ের মানুষেরা নানা বৈচিত্রময় উৎসবের আয়োজন করে থাকেন। নামের ও আয়োজনের দিক দিয়েও উৎসবগুলো পরষ্পরের থেকে বেশ স্বতন্ত্র। ",,,,,
ভারতের দক্ষিনাঞ্চলের জনপ্রিয় ওনাম উৎসবের মতোই ওই অঞ্চলের আরও একটি জনপ্রিয় উৎসব পুলি কালি। মূলত ওনাম উৎসবের অংশ হিসেবে এই উৎসব পালিত হয়। ,,,,,
"পুলিকালি নৃত্যের আকারে উপস্থাপিত বিনোদনমূলক লোকশিল্পের একটি বর্ণময় প্রদর্শন। উৎসবে এই বাঘের খেলাকে নানা নৃত্য শৈলীর মাধ্যমে উপস্থাপন করা হয়। বাঘশিকারকে কেন্দ্রে রেখে গানবাজনা, নাটক, নাচ সবই হয়। যারা এই নাচে অংশ নেয়, তারা সকলেই হুলুদ-কালো-লাল-নীল পোশাক আর মুখোশ পরে বাঘ সাজে। ",,,,,
"লুধিয়ানার কাছে কিলা রায়পুরে জানুয়ারি-ফেব্রুয়ারি মাসে তিনদিন ধরে একটি অলিম্পিকের আয়োজন করা হয়, যাতে অংশগ্রহণকারী কুশীলবরা একপাল পশু- গরু, গাধা, কুকুর, উট ইত্যাদি। এসব পশুপাখি নিয়েই চলে মজার সব খেলা। গরুর গাড়ির দৌড়, গাধার দৌড়, ঘোড়ার গাড়ির দৌড় এবং ট্রাক্টরের রেস প্রভৃতি এই অলিম্পিকের মূল আকর্ষণ।",,,,,
আওলিং উৎসবটি নাগাল্যান্ডের সবচেয়ে জনপ্রিয় উৎসবগুলির অন্যতম। কনিয়া সম্প্রদায়ের লোকেরা প্রতিবছর ১ থেকে ৬ এপ্রিল এই উৎসবের আয়োজন করে থাকে। প্রতি বছর জমিতে বীজ বোনার শেষে ভাল ফসলের প্রার্থনায় এই উৎসব পালিত হয়।,,,,,
আওলিং উৎসবটি নাগাল্যান্ডের সবচেয়ে জনপ্রিয় উৎসবগুলির অন্যতম। প্রতি বছর জমিতে বীজ বোনার শেষে ভাল ফসলের প্রার্থনায় এই উৎসব পালিত হয়। আওলিং উৎসবটি নাগাল্যান্ডের সবচেয়ে জনপ্রিয় উৎসবগুলির অন্যতম। ,,,,,
"উৎসবটির মূল উদ্দেশ্য একে অপরকে ক্ষমা করা, যাতে প্রত্যেকে একত্রে কাজ করতে পারেন এবং বসন্তের আগমনী মরসুমকে সকলে মিলে স্বাগত জানাতে পারেন।",,,,,
"হিন্দু রীতি অনুসারে, একটি ঘোড়ার গুরুত্বপূর্ণ ধর্মীয় তাৎপর্য রয়েছে। প্রাচীনকালে আনুগত্য, আত্ম-সম্মান এবং শক্তির প্রতীক হিসেবে রাজারা অশ্বমেধ যজ্ঞের আয়োজন করতেন।",,,,,
"শতাব্দী ধরে ঘোড়া ও রাজপুতের বন্ধন, আন্তঃনির্ভরতা এবং অংশীদারিত্বের স্মরণে এই উৎসব পালিত হয়। এই উৎসবে ঘোড়াকে শৌর্য, বীরত্ব আর আত্মসম্মানের প্রতীক হিসেবে পুজো করা হয়।",,,,,
রামলীলায় মূলত নাটকের মাধ্যমে রামায়ণের গল্প তুলে ধরা হয়। রামায়ণের উক্তি গুলিকে আবৃত্তি ও সংলাপের মাধ্যমে অভিনয় করে দেখানো হয়। ‌ উত্তরপ্রদেশ সহ উত্তর ভারতে রামলীলা যথেষ্ট জনপ্রিয় একটি সাংস্কৃতিক উৎসব।,,,,,
"হিন্দু উৎসব হল দেব-দেবীদের সন্তুষ্ট করার উপায় যেমন শিব, বিষ্ণু, দুর্গা, লক্ষ্মী এবং কৃষ্ণ।এটি জন্ম, অশুভের উপর বিজয় এবং মহাজাগতিক ঘটনার মতো ঐশ্বরিক ঘটনা উদযাপন করে (দীপাবলি ভগবান রামের বিজয় এবং প্রত্যাবর্তনকে দেখায়, জন্মাষ্টমী হল ভগবান কৃষ্ণের জন্মের উদযাপন)।",,,,,
"উৎসবগুলির ইতিহাস সাধারণত নৈতিক বার্তা বহন করে - মন্দের উপর ভালোর জয়, কর্তব্য ও আপোষের তাৎপর্য (কারওয়া চৌথ), এবং বিশ্বাস ও নিষ্ঠার মূল্য (ছট পূজা)। এই তথ্যগুলি মানুষকে সৎ ও অর্থপূর্ণ জীবনযাপন করতে অনুপ্রাণিত করে।",,,,,
"হিন্দু উৎসবগুলির একটি তালিকা প্রাকৃতিক চক্র এবং কৃষিকাজের সাথে সম্পর্কিত, যেমন মকর সংক্রান্তি এবং পোঙ্গল, যা ফসল কাটার প্রতীক। এটি প্রকৃতিকে চিত্রিত করার এবং পরিবেশের সাথে সামঞ্জস্য বজায় রাখার একটি উপায়।",,,,,
"আধ্যাত্মিকভাবে নৃত্যরত নবরাত্রির সময় গরবা দীপাবলিতে আতশবাজির মনোমুগ্ধকর উপস্থাপনার মাধ্যমে, প্রতিটি উৎসব এক অনন্য উৎসাহ ও আনন্দের অনুভূতি লাভ করে।",,,,,
"গুজরাটে প্রধানত পালিত হয়, এই উৎসবটি মকর সংক্রান্তি সূর্যের মকর রাশিতে রূপান্তরকে চিহ্নিত করার জন্য ভারত জুড়ে পালিত হয়।মানুষ রঙিন ঘুড়ি ওড়ায়, ঘুড়ি ওড়ানোর প্রতিযোগিতায় অংশগ্রহণ করে, বিভিন্ন ঐতিহ্যবাহী খাবার বা তিল চিক্কি, 'উন্ধিউ'র মতো মিষ্টি খায় এবং সাংস্কৃতিক আচার-অনুষ্ঠানে অংশগ্রহণ করে।",,,,,
"ভারতের একটি বহুল প্রতীক্ষিত উৎসব, ভালোবাসা এবং রঙের উৎসব, হোলি দেখায় মন্দের উপর ভালোর সাফল্য, রাধা ও কৃষ্ণের মধ্যে দেখা চিরন্তন ঐশ্বরিক ও বিশুদ্ধ প্রেম, এবং বসন্ত ঋতুর প্রস্ফুটিত রূপ।",,,,,
"বুদ্ধ পূর্ণিমা এর জন্মবার্ষিকী উদযাপন ভগবান বুদ্ধ। এটিকে ভেসাক বা বুদ্ধ জয়ন্তীও বলা হয়, যা জ্ঞানার্জন, বুদ্ধের মৃত্যু এবং বৌদ্ধধর্মের প্রতিষ্ঠাতা নিয়ে আসে।",,,,,
"আমাদের দেশে পালিত বেশিরভাগ উৎসবের সাথেই আনন্দ–উল্লাস,নানান রঙ,প্রার্থনা,উপাসনা জড়িত এবং চারিদিকে গানবাজনা ও উজ্জ্বল আলোর ঝলমল রঙে পরিব্যপ্ত হয়ে ওঠায় এটি শিশুদের জন্য একটি বিশেষ মুহূর্ত হয়ে ওঠে।",,,,,
দীপাবলি বা দিওয়ালি সারা ভারতবর্ষ জুড়ে উৎসাহ এবং আবেগের সাথে মহা ধুমধাম এবং আড়ম্বরপূর্ণভাবে হিন্দুদের দ্বারা পালিত হয়ে থাকা এক অত্যন্ত জনপ্রিয় উৎসব।,,,,,
"দীপাবলিতে নানা সাংস্কৃতিক অনুষ্ঠান,উপহার,মিষ্টি বিনিময়ের দ্বারা একে অপরের সাথে মিলেমিশে এই উৎসবটি উদযাপন করে।এই উৎসবটিতে বাচ্চা থেকে বুড়ো সকলেই নানা রঙ–বেরঙের আতশবাজি,যেমন ফুলঝুড়ি,তুবড়ি,রঙমশাল ইত্যাদি ফাটানোর মধ্য দিয়ে চারপাশ আলোয় আলোকিত করে,খুশির জোয়ারে ভেসে চলেন।",,,,,
দীপাবলির দিনটিতেই আবার অনেক মানুষ লক্ষ্মীদেবীর আরাধনা করে থাকেন।তারা তাদের ঘর বাড়ি পরিষ্কার করে ছোট–বড় নানা রঙের আলোয় সাজিয়ে তোলেন যাতে লক্ষ্মীদেবী অবাধে তাদের গৃহে প্রবেশ করে তাদের পরিবারের উপর তাঁর আশীর্বাদ বর্ষণ করেন।,,,,,
আর দশম দিনে রামের চরিত্রে অভিনয় করা অভিনেতা রাবণ এবং তাঁর পুত্র মেঘনাথ এবং কুম্ভকর্ণের নির্মিত বিশাল মূর্তিগুলিতে প্রজ্জ্বলিত তীর বর্ষণ করে সেই বিশালাকার মূর্তিগুলি জ্বালিয়ে দেন।,,,,,
ই বিশালাকার কুশপুত্তুলিকাগুলি আলোকসজ্জা এবং আতশবাজিতে নেমে আসে আর লোকেরা এই প্রদর্শনীতে সানন্দে উল্লাসিত হয়ে চিৎকার এবং নাচ করতে থাকে।,,,,,
"।পশ্চিমবঙ্গে,লোকেরা মহিষাসুর অসুরের বিরুদ্ধে দেবী দুর্গার বিজয় মহা ধুমধামের সাথে উদযাপন করে থাকেন।এটিকে বলা হয় “দুর্গা পূজা“,আর এই দশ দিন ধরে শহর নানা আলোকসজ্জা এবং প্যান্ডেলে সুশোভিত হয়ে যেন এক চিত্রশালায় রূপান্তরিত হয়ে ওঠে আর তার সাথেই অনুষ্ঠিত হয় নানা নৃত্য–গীতের সাংস্কৃতিক অনুষ্ঠানগুলি। ",,,,,
মহারাষ্ট্রে সর্বাধিক পালিত একটি উৎসব হল গণেশ চতুর্থী।গজানন ভগবান গণেশের জন্ম সময়কে আনন্দ প্রকাশের দ্বরা এটি উদযাপন করা হয়।জনশ্রুতি আছে যে দেবগণকে সাহায্য করার জন্য এবং অসুরদিগের অভিলাষ ব্যর্থ করার জন্য দেবাদিদেব শিব ভগবান গণেশকে সৃষ্টি করেছিলেন।,,,,,
"বিষ্ণুর নবম অবতার ভগবান শ্রীকৃষ্ণের জন্মের দিনটির সম্মানে জন্মাষ্টমী উদযাপিত হয়।এটি দুদিন ধরে চলে,প্রথম দিনটি হল গকুল অষ্টমি আর দ্বিতীয় দিন জন্মাষ্টমী।এই সময়ে মহিলারা শ্রীকৃষ্ণের সবচেয়ে প্রিয় দুটি খাদ্য দুধ এবং মাখন দিয়ে সুসাদু রেসিপিগুলি প্রস্তুত করে থাকেন।",,,,,
"এই উৎসবে ‘দইয়ের হাড়ি‘ নামক একটা মজার খেলা খেলা হয়,যেখানে মানুষ একে অপরের পিঠের উঠে উঁচু একটি মানুষের পিরামিড গঠণ করেন আর পিরামিডের শীর্ষে থাকা ব্যক্তিকে সিলিং থেকে ঝোলা দই পূর্ণ একটি মাটির হাঁড়িকে ফাটিয়ে সেখান থেকে দইয়ের আস্বাদ গ্রহণ করতে হয়।",,,,,
"ভারতবর্ষে শিখ সম্প্রদায় লোকেদের কাছে বৈশাখী একটি অত্যন্ত গুরুত্বপূর্ণ উৎসব,যেটি মূলত এপ্রিল মাসের মাঝামাঝি করে উদযাপন করা হয়।এটি হল পাঞ্জাবি নববর্ষ এবং ফসল কাটা ও গোলাজাত করার একটি সংমিশ্রিত উৎসব।",,,,,
ভাই–বোনের মধ্যে এক দৃঢ় বন্ধনের সম্মানার্থে রাখী–বন্ধন উৎসবটি পালন করা হয়।এটি সাধারণত উত্তর ভারতে হিন্দু এবং শিখ সম্প্রদায়ের মধ্যে উদযাপিত হয়।রাখী–বন্ধনের দিনে বোনেরা তাদের ভাইয়ের হাতে রাখী নামক এক পবিত্র সূতা বেঁধে দেয় ভাইয়ের প্রতি তার শ্রদ্ধা–ভালোবাসা এবং তার সুস্থতা ও দীর্ঘায়ু কামনা করে এবং বোনের মঙ্গলের প্রতি ভাইয়ের দায়িত্ব স্মরণ করানোর প্রতীক হিসেবে এটি পালিত হয়।,,,,,
করোয়া মানে মাটির পাত্র এবং চৌথের অর্থ হল চতুর্থ।এই উৎসবটি উত্তর ভারতে কার্ত্তিক মাসে ক্ষীয়মাণ চাঁদ ওঠার চতুর্থ দিনে বিবাহিত মহিলাদের দ্বারা পালিত একটি অনুষ্ঠান।এই দিন সূর্যোদয় থেকে মধ্যরাত্রি পর্যন্ত মহিলারা উপবাসে থাকেন এবং তাদের স্বামীর সুস্বাস্থ্য এবং দীর্ঘ জীবনের জন্য প্রার্থনা করেন।,,,,,
গুরু নানক জয়ন্তী পালিত হয় শিখ সম্প্রদায়ের প্রতিষ্ঠাতা গুরু নানকের জন্মদিনটিকে পালন করার উদ্দেশ্যে।এই উৎসবের দুইদিন আগে সারা দিন–রাত ধরে শিখ ধর্মগ্রন্থ পবিত্র গ্রন্থ সাহিব পড়া হয়।,,,,,
"সৌর বর্ষপঞ্জী অনুযায়ী,পৌষ মাসের শেষ দিনটিতেই মকর সংক্রান্তি উৎসবটি পালিত হয়ে থাকে।এই উৎসবের পিছনে থাকা জনশ্রুতিটি হল,মহাভারতে বীর ভীষ্ম তাঁর জীবনসূর্য অস্তের জন্য উপযুক্ত সময়ের অপেক্ষা করছিলেন এবং তার জন্য তিনি এই দিনটিকেই চয়ন করেছিলেন কারণ এই দিনটি হল সেই শুভ দিন,যেদিন একজন ব্যক্তিকে চির সুখের দিকে পৌঁছে দিতে পারে বা ব্যক্তি মোক্ষ লাভ করতে পারে।",,,,,
"শ্রী চৈতন্যের দ্বারা অনুপ্রাণিত ভগবান কৃষ্ণের উপাসনা, জেলায় অনেক উদযাপনের ফলে। এর মধ্যে রয়েছে রথযাত্রা, দোলযাত্রা, ঝুলন যাত্রা, রাস যাত্রা, গোষ্ঠাষ্টমী এবং জন্মাষ্টমী।",,,,,
"ঊনবিংশ শতাব্দীর বাংলার সবচেয়ে বিখ্যাত বাউল ফকির লালন সাঁইজী ‘লালনশাহী’ সম্প্রদায় প্রতিষ্ঠা করেন। তিনি লালন সাইন, লালন শাহ, লালন ফকির বা মহাত্মা লালন নামেও পরিচিত। লালন ফকির ‘জাতি ও ধর্মের সকল ভেদাভেদ প্রত্যাখ্যান করেছিলেন’ এবং হিন্দু ও মুসলিম উভয় সম্প্রদায়ের লোকেরা তাঁর পথ অনুসরণ করেছিল। ",,,,,
"সতীমার মেলা হল কল্যাণীর কাছে ঘোষপাড়ায় আয়োজিত আরেকটি গুরুত্বপূর্ণ অনুষ্ঠান।এটি সদগোপ বর্ণের রাম শরণ পালের স্ত্রী সরস্বতী দেবী ওরফে ‘সতীমা’ দ্বারা প্রবর্তন করা হয়েছিল।রাম শরণ আউলেচাঁদের শিষ্য ছিলেন, যিনি ‘কর্তাভজা’ সম্প্রদায়ের প্রতিষ্ঠাতা।",,,,,
"প্রতি বছর বাংলা ক্যালেন্ডার মাসে জৈষ্ঠ মাসে (মধ্য মে থেকে মধ্য জুন) আড়ংঘাটায় যুগলকিশোর উৎসব অনুষ্ঠিত হয়। এটি মাসব্যাপী উৎসব। শান্তিপুরে রাস উত্সব হল বৈষ্ণবের তিন দিনের উৎসব এবং এটি শাক্ত প্রভাব থেকে মুক্ত নয় এবং ফলস্বরূপ, দেবী কালীরও পূজা করা হচ্ছে।",,,,,
বাদকুল্লার আরবান্দিতে ব্রহ্ম পূজা মেলা বাংলা ক্যালেন্ডার মাসে ফাল্গুন (মাঝ-ফেব্রুয়ারি থেকে মার্চের মাঝামাঝি) সময় একটি সপ্তাহব্যাপী উৎসব।,,,,,
বাংলা পঞ্জিকার বৈশাখ মাসে (এপ্রিলের মাঝামাঝি থেকে মে মাসের মাঝামাঝি) হরিণঘাটার পথে উত্তর রাজপুরে ফাতেমা বিবির দুই শতাব্দী প্রাচীন উৎসব ও মেলা অনুষ্ঠিত হয়। তিন দিন ধরে চলে এই উৎসব।,,,,,
"মতুয়া সম্প্রদায় হরি ঠাকুর দ্বারা প্রতিষ্ঠিত। নমশূদ্র, পশ্চিমবঙ্গের একটি তফসিলি জাতি সম্প্রদায়, যারা বাংলাদেশ থেকে স্থানান্তরিত হয়েছে তারা এই সম্প্রদায়ের প্রধান অনুসারী। কালীগঞ্জ থানার অন্তর্গত চাঁদঘর গ্রামে প্রতি বছর চৈত্র মাসে (মার্চ-মধ্য-এপ্রিল) হরি ঠাকুরের স্মরণে একটি উৎসব অনুষ্ঠিত হয়।",,,,,
মুর্শিদাবাদে জন্মগ্রহণকারী মুসলিম মহিলা ধনী দ্বারা ‘সাহেবধানী’ সম্প্রদায়টি প্রতিষ্ঠিত হয়েছিল। হিন্দু-মুসলিম নির্বিশেষে সকল সাহেবধানী তাদের গুরু দীনদয়ালের পূজা করবে। তাদের মহোৎসব (সর্বশ্রেষ্ঠ উৎসব) প্রতি বছর বাংলা ক্যালেন্ডার মাসের চৈত্র মাসে (মার্চ-মার্চ থেকে মধ্য-এপ্রিল) একাদশীতে পালিত হবে।,,,,,
"নবদ্বীপের কৃষ্ণানন্দ আগমবাগীর নামের সাথে শাক্ত উৎসব জড়িত। দেবী কালীর বিভিন্ন রূপ যেমন ভদ্রকালী, সবশিবা, রণকালী এবং কৃষ্ণকালীকে কৃষ্ণানন্দ আগমবাগিস দ্বারা চিত্রিত করা হয়েছিল বলে বিশ্বাস করা হয়েছিল।",,,,,
"হ্যাপি হোলি! হ্যাঁ, হলাম। দারুণ হ্যাপি হলাম। আজ যে হোলি। এই দিন মনটা এমনিই আনন্দে থাকে। রং, আবির, পিচকারি, সাদা পোশাক, সুস্বাদু খাবার, মিষ্টি, ভাঙের সরবত, হই হুল্লোড়, নাচ-গান নিয়ে সারাটা দিন কাটালে হ্যাপি না হয়ে উপায় আছে?",,,,,
হোলির দিনটা গোটা দেশের কাছেই একটা স্পেশাল। পূর্ব-পশ্চিম-উত্তর-দক্ষিণ যেদিকেই যান না কেন রঙে রঙে রঙিন হয়ে ওঠে চারদিক।,,,,,
"তবে দেশটার নাম যখন ভারতবর্ষ, তখন বৈচিত্র তো থাকবেই। বৈচিত্র রয়েছে রঙের উৎসবেও। তবে রং খেলায় কোনও ব্যতিক্রম নেই, ব্যতিক্রম রয়েছে তার সঙ্গে জুড়ে থাকা নানা ঐতিহ্যবাহী রীতির। ",,,,,
উত্তর ভারতের হোলির সঙ্গে দক্ষিণ ভারতের হোলির নানা আচার অনুষ্ঠানের মধ্যে বেশ পার্থক্য রয়েছে। তেমনই পার্থক্য রয়েছে পশ্চিম ভারতের সঙ্গে পূর্ব ভারতের। কোনও এলাকার আচার অনুষ্ঠানকে আপনার অদ্ভুত বা হাস্যকর বলে মনে হলেও সেখানকার বাসিন্দাদের কাছে সেগুলি অত্যন্ত গুরুত্বপূর্ণ এবং আনন্দের।,,,,,
"বারসানা গ্রামটি দেশের সুপরিচিত তীর্থস্থানগুলির মধ্যে অন্যতম। পুরাণ অনুসারে এটি রাধার জন্মস্থান। এই গ্রামের হোলি 'লাঠমার হোলি' নামে পরিচিত। শুধুমাত্র রং দিয়েই নয়, এখানে হোলি খেলা হয় লাঠি দিয়েও।",,,,,
"পুরাণ কাহিনি অনুসারে, হোলির দিন এই গ্রামে গিয়ে কৃষ্ণ রাধা এবং তাঁর সখীদের উত্যক্ত করতেন। গ্রামের মহিলারা এই ব্যাপারটি ভালোভাবে মেনে নেননি। তারা কৃষ্ণকে লাঠি হাতে তাড়া করেন। সেই থেকে প্রথা আজও চালু আছে যে, হোলির সময় মহিলারা লাঠি দিয়ে পুরুষদের তাড়া করেন এবং লাঠির আঘাত করেন।",,,,,
"হোলির দিন পঞ্জাবের নিহঙ্গ শিখরা পালন করেন হোল্লা মহল্লা অনুষ্ঠান। দশম শিখ গুরু, গুরু গোবিন্দ সিং এই পরবের সূচনা করেন।এই হোল্লা মহল্লা যোদ্ধাদের হোলি নামেও পরিচিত। এই দিন কুস্তি, মার্শাল আর্ট, তরোয়াল খেলা সহ নানা শক্তি প্রদর্শনী খেলায় অংশ নেন নিহঙ্গ শিখরা।",,,,,
মহারাষ্ট্রের হোলিকে বলা হয় 'রং পঞ্চমী'। রং খেলা ছাড়াও এদিন মহারাষ্টের পালিত হয় আরেক অনুষ্ঠান। শুক্লা পঞ্চমীর শেষ দিন সূর্যাস্তের পর হোলিকা দাহ হয়। খড় দিয়ে হোলিকার পুতুল গড়ে তাতে আগুন ধরানো হয়। অনেকটা আমাদের বুড়ির ঘর পোড়ানোর মতো।,,,,,
গোয়ার হোলি আবার একটু অন্যরকম। এর পোশাকী নাম শিগমো। শিগমো হল গোয়াবাসীদের বসন্ত উৎসব। বসন্ত ঋতু উদযাপনের মাধ্যমে রাস্তার মধ্যেই ঐতিহ্যবাহী লোক নৃত্য এবং পথ নৃত্যের আয়োজন করেন তাঁরা।,,,,,
"উত্তর ভারতে যতটা উদ্দীপনার সঙ্গে হোলি উদযাপিত হয়, দক্ষিণা ভারতে ততটা হয় না। তবে সেখানেও উৎসাহ নেহাত মন্দ নয়। এখানে কিছু সম্প্রদায়ের মানুষ এই রঙের উৎসবে মেতে ওঠেন। যেমন কেরল। কেরলের হোলি 'মঞ্জুল কুলি' নামে পরিচিত। ",,,,,
মণিপুরে হোলিকে বলা হয় ইয়োসাং বা ইয়াওল শাং। এই রঙিন উৎসব পালিত হয় পাঁচ দিন ধরে। মণিপুরের দেবতা 'পাখংবা'কে শ্রদ্ধা জানাতেই এই অনুষ্ঠানের আয়োজন করা হয়। ইয়োসাঙের প্রথম দিন সূর্যাস্তের পর পালন করা হয় কুঁড়ে ঘর পোড়ানোর অনুষ্ঠান।,,,,,
আমরা হোলি খেলি না। দোলযাত্রায় মেতে উঠি। পালন করি বসন্তোৎসব। বসন্ত ঋতুকে স্বাগত জানিয়েই বাংলায় পালিত হয় এই রঙের পরব। রঙে রঙে রঙিন হয়ে ওঠে গোটা রাজ্য। ,,,,,
"দোলের দিন কেউ পুজো করেন রাধাকৃষ্ণকে, কেউ আবার নেচে ওঠেন রবি ঠাকুরের গানের তালে। কোথাও বের হয় কীর্তন সহকারে শোভাযাত্রা, কোথাও বের হয় প্রভাত ফেরি। ",,,,,
"নাবার্ডের পশ্চিমবঙ্গ আঞ্চলিক দপ্তরের উদ্যোগে নিউ টাউন মেলা গ্রাউন্ডে জমকালো অনুষ্ঠানের মাধ্যমে শুরু হল ১০ দিনব্যাপী ‘গ্রামীণ ভারত মহোৎসব’। বৃহস্পতিবার উদ্বোধনের পর থেকেই প্রদর্শনী প্রাঙ্গণ ভরে উঠেছে দেশের নানা প্রান্তের গ্রামীণ শিল্প, ঐতিহ্যবাহী হস্তশিল্প, পরিবেশবান্ধব উদ্ভাবন এবং কৃষিভিত্তিক পণ্যের বৈচিত্র্যে।",,,,,
"গুজরাটের নর্মদা নদীর তীরে ‘জনজাতীয় গৌরব দিবস’ উপলক্ষে প্রধানমন্ত্রী নরেন্দ্র মোদী গতকাল এক ঐতিহাসিক অনুষ্ঠানে ভাষণ দেন। তিনি বলেন, “জনজাতীয় গৌরব হাজার বছর ধরে ভারতের চেতনার অবিচ্ছেদ্য অংশ। স্বাধীনতা আন্দোলনে জনজাতীয় সমাজের অবদান আমরা কখনো ভুলে যেতে পারি না।”",,,,,
"মা নর্মদার এই পবিত্র ভূমি আজ এক নতুন ঐতিহাসিক মুহূর্তের সাক্ষী হচ্ছে। ৩১ অক্টোবর এখানে আমরা সর্দার প্যাটেলের ১৫০ তম জন্মজয়ন্তী পালন করেছিলাম। আজ, ভগবান বিরসা মুন্ডার ১৫০ তম জন্মজয়ন্তী উদযাপন করেই আমরা ভারত উৎসবের পূর্ণতা অর্জন করছি।",,,,,
বাংলাদেশ-ভারতের যৌথ উদ্যোগ ভারতের রাজধানী নয়াদিল্লিতে শেষ হয়েছে তিন দিনব্যাপী বাংলা উৎসব। বাংলাদেশ-ভারত ইতিহাস ও ঐতিহ্য পরিষদ আয়োজিত গত রোববার (১৬ এপ্রিল) রাতে দিল্লির চিত্তরঞ্জন পার্কের বিপিনচন্দ্র পাল ট্রাস্ট মিলনায়তনে ছিলো বর্ণাঢ্য এই উৎসবের সমাপনী আয়োজন।,,,,,
"ভারতবর্ষের মধ্যে রাজস্থান রাজ্যটি দর্শনীয় স্থানের জন্য সবচেয়ে বিখ্যাত। এখানে ঐতিহাসিক দুর্গ, প্রাসাদ, মরুভূমি, এবং ঐতিহ্যবাহী সংস্কৃতির মিলন রয়েছে। তবে অন্য রাজ্যগুলোর মধ্যেও প্রচুর দর্শনীয় স্থান আছে",,,,,
"সংস্কৃতি, ভাষা, ধর্ম ও ভূসংস্থানের বৈচির্ত্র্যের সঙ্গে সমৃদ্ধময় ভূমি ভারতবর্ষ, পৃথিবীতে শ্রেষ্ঠ গন্তব্যস্থল হিসাবে এক বিশিষ্ট স্থান অর্জন করে রয়েছে। জম্মু ও কাশ্মীরের রাজ্য থেকে কন্যাকুমারী পর্যন্ত ভারতবর্ষ, আকর্ষণীয় স্থানের একটি প্রাচুর্য্যে পরিপূর্ণ রয়েছে।",,,,,
ভারতের নয়াদিল্লীতে অবস্থিত ‘ইন্ডিয়া গেট’ ভারতের অন্যতম প্রধান একটি স্মৃতিস্তম্ভ। মূলত এটি নয়াদিল্লীর কেন্দ্রে একটি যুদ্ধের স্মৃতিস্তম্ভ হিসেবে আজও দাঁড়িয়ে আছে। ,,,,,
ভিক্টোরিয়া মেমোরিয়াল কলকাতার অন্যতম শ্রেষ্ঠ সুন্দর স্থান। মনুম্যান্ট কলকাতা (পূর্বে ক্যালকাটা নামে পরিচিত) ১৭৭২ খ্রিষ্টাব্দ থেকে ১৯১১ খ্রীষ্টাব্দ পর্যন্ত ব্রিটিশ শাসনের অধীনে ভারতের রাজধানী ছিল।,,,,,
"ভারতের বারাণসীর পবিত্রতম ঘাট বেনারস নামেও অভিহিত, বারাণসী আজকের দিনে বিশ্বের সবচেয়ে এক অন্যতম পবিত্রময় শহর। মার্ক টোয়েন সুখ্যাতিভাবে এটিকে ‘ইতিহাসের চেয়েও প্রাচীন’ বলে বর্ণিত করেছেন।",,,,,
লাল কেল্লা ভারতের অন্যতম বৃহত্তম স্মৃতিস্তম্ভ। দিল্লীর হাজারো পর্যটকের সবচেয়ে আকর্ষণীয় পর্যটন স্থানের মধ্যে একটি এটি। এটি প্রায় দীর্ঘ ২০০ বছর ধরে মুঘল সম্রাটদের আবাস ছিল।,,,,,
মুঘল স্থাপত্যশৈলীর এই নিদর্শনটি বিশ্বের সপ্তম আশ্চর্যের অন্যতম। শাহজাহান-মুমতাজের প্রেমের এই স্মৃতিসৌধটি দেখতে প্রতি বছর লাখ লাখ পর্যটক উত্তর ভারতের আগ্রা শহরে যান। যমুনা নদীর তীরে অবস্থিত তাজ মহল দেখার সর্বশ্রেষ্ঠ সময় হলো শীতের মাস।,,,,,
"ইটের তৈরি বিশ্বের সর্বোচ্চ এই মিনার দেখতে গেলে যেতে হবে রাজধানী দিল্লীতে৷ ভারতের প্রথম মুসলমান শাসক, কুতুবুদ্দিন আইবকের নির্দেশে তৈরি হয়েছিল এই মিনার।",,,,,
"পশ্চিম ভারতের এই রাজ্যে পাবেন সমুদ্র সৈকত, পাহাড়, মান্ডোভি নদীর জিভে-জল-আনা সুস্বাদু সামুদ্রিক মাছ ও পর্তুগিজ ইতিহাসসমৃদ্ধ বহু উল্লেখযোগ্য স্থান। ভারতের ‘পার্টি টাউন’ হিসাবে খ্যাত গোয়ায় ভিড় জমান সারা বিশ্বের তরুণরাও।",,,,,
"ভারতীয় উপমহাদেশের দক্ষিণতম বিন্দু, কন্যাকুমারী৷ তামিল নাড়ু রাজ্যের এই শহরে মিলিত হয় আরব সাগর, ভারত মহাসাগর ও বঙ্গোপসাগর৷",,,,,
"রাজস্থানে মরুভূমি ছাড়াও রয়েছে অসংখ্য ধর্মীয় স্থান, যার মধ্যে অন্যতম আজমের শহরে সুফি সাধক খাজা মইনুদ্দিন চিশতির দরগা, যা আজমের শরীফ নামেই খ্যাত।",,,,,
অগুণতি উৎসবের লীলাক্ষেত্র প্রাচীন ভারতবর্ষ। পাশ্চাত্যকে তার উৎসবের ভিত্তি খুঁজতে হয় বিভিন্ন দিবসকে কেন্দ্র করে। কিন্তু প্রাচ্যের এই প্রাচীন ভারতবর্ষ গোড়া থেকেই ছিল হরেক রকমের উৎসবের তীর্থক্ষেত্র।,,,,,
মানবজীবনের হাসি-আনন্দ-কান্না কিংবা সুখ-দুঃখকে দার্শনিক ভাবে ব্যাখ্যা দিয়ে নানান উৎসব চালু ছিল এখানে। প্রকৃতির স্বাভাবিক বিকাশের নীতি অনুযায়ী মানুষ ও প্রকৃতির মধ্যে ছিল নিবিঢ় সম্পর্ক। আর এই সম্পর্কের মাঝে গভীর বুনন হিসেবে কাজ করতো এক একটি উৎসব। ,,,,,
মূলত সনাতন ভারতবর্ষ যখন প্রথাভিত্তিক ধর্মরীতিতে অর্থাৎ হিন্দুধর্মে রূপান্তরিত হলো তখন থেকেই মানব আর প্রকৃতির সম্পর্কে আরোপিত কিছু বিষয় চলে আসে। আরোপিত কোনো কিছুই প্রকৃতি যেমন মেনে নিতে পারে না। তেমনি প্রকৃতির মানবও আরোপিত কোনো বিষয় নিতে পারেনি,,,,,
"বে সময় আর জাগতিক চাহিদার এক পর্যায়ে মানুষ যন্ত্র সভ্যতার কাছে মাথা নত করতে বাধ্য হয়। এই বাধ্য হওয়ার কারণে ভারতবর্ষের প্রাচীন মানবশরীর হারায় অনেক উৎসব। এতোদিন যা ছিল প্রকৃতির স্বাভাবিক বিকাশের অংশ, যন্ত্রসভ্যতায় এসে তা হয়ে যায় অবশ্য পালনীয়। ",,,,,
"বে সময় আর জাগতিক চাহিদার এক পর্যায়ে মানুষ যন্ত্র সভ্যতার কাছে মাথা নত করতে বাধ্য হয়। এই বাধ্য হওয়ার কারণে ভারতবর্ষের প্রাচীন মানবশরীর হারায় অনেক উৎসব। এতোদিন যা ছিল প্রকৃতির স্বাভাবিক বিকাশের অংশ, যন্ত্রসভ্যতায় এসে তা হয়ে যায় অবশ্য পালনীয়। ",,,,,
প্রাচীন ভারতবর্ষের নারীদের মাঝে মূলত এই উসবের প্রচলন ছিল। শীতকালের শেষের দিকে অর্থাৎ মাঘ মাসের শুরুর দিকে কিংবা ইংরেজি জানুয়ারি-ফেব্রুয়ারিতে এই উৎসবটি পালিত হয়। সনাতন ধর্মাবলম্বীদের মহাদেবতা শিবের পত্নী সত্যায়নির নামে এই বিশেষ আয়োজন। ,,,,,
পুত্র সন্তান কামনা কিংবা ভালো স্বামী প্রার্থনা করে পবিত্র পানিতে গোসল করে শুদ্ধ বস্ত্র/পোশাক পরিধান করে নারীরা। তবে প্রাচীন আখ্যা অনুযায়ী এই কাহিনীর শুরু হয় মূলত দেবতা শিবের পুত্র কুমার এবং অগস্ত্য মুনির মাধ্যমে। উৎসবটি যেহেতু নারীকেন্দ্রিক তাই একে বলা হতো ব্রতকথা। ,,,,,
কারণ শিবকে কেন্দ্র করে সমাজের নারী/প্রকৃতি অংশের যে আশা-আকাঙ্ক্ষা তা বিভিন্ন শ্লোকের মাধ্যমে বয়ান করাই নারীদের কাজ। হিন্দুদের স্কন্ধপুরাণে এবিষয়ে বিস্তারিত লিখিত আছে।,,,,,
ই ব্রতকথাকে সামনে রেখে গোটা দিন উপবাস রাখেন হিন্দু নারীরা। এবং উপবাস থাকাকালীন সময়ে সত্যায়নি ব্রতকথা পড়েন তারা। এসময় দেবতার উদ্দেশ্যে বিভিন্ন খাদ্যদ্রব্য ও ধূপবাতি জ্বালানো হয়। তবে বিশেষ আয়োজন হিসেবে থাকে ডালের লাড্ডু।,,,,,
পৃথিবীর সপ্তাশ্চর্যগুলোর মাঝে তাজমহল অন্যতম। এটি একাধারে স্ত্রীর প্রতি সম্রাট শাহজাহানের ভালোবাসা এবং মুঘল স্থাপত্যের অপূর্ব নিদর্শন। ইন্দো-ইসলামিক স্থাপত্য নিদর্শনগুলোর মাঝে তাজমহলকে সেরা মনে করা হয়।,,,,,
ভারতের উত্তর প্রদেশ রাজ্যের আগ্রা জেলায় যমুনা নদীর তীরেই অবস্থিত অপূর্ব সুন্দর এই স্থাপত্য নিদর্শন। তাজমহল মূলত একটি সমাধি প্রাসাদ। সম্রাট শাহজাহান তার প্রিয়তমা স্ত্রী মমতাজ বেগমের স্মৃতিকে অমর করে রাখতে ১৬৩২ খ্রিস্টাব্দে তাজমহল তৈরির কাজ শুরু করেন। ,,,,,
"কথিত আছে , প্রায় ২০ লক্ষ শ্রমিকের পরিশ্রমের ফসল এই তাজমহল। আবার অনেকে মনে করেন, সম্রাট তাজমহল নির্মাণের পরে নির্মাণ শ্রমিকদের হাত কাটিয়ে ফেলেছিলেন। যদিও এর স্বপক্ষে কোনো যথার্থ প্রমাণ মেলেনি।",,,,,
"পর্যটকদের মতে, সূর্যোদয়ের সময়ে এবং সূর্যাস্তের সময়ে তাজমহলের সৌন্দর্য সবচেয়ে ভালো উপভোগ করা যায়। অক্টোবর থেকে জানুয়ারি পর্যন্ত আবহাওয়া শীতল থাকায় এ সময়ে তাজমহল ভ্রমণ করলে রোদের হাত থেকে বাঁচবেন।",,,,,
ভারতের ওড়িশা রাজ্যের পুরীর উত্তর-পূর্ব দিকে অবস্থিত কোনারকের সূর্যমন্দির খুবই বিখ্যাত। মূলত সূর্যদেবতার উদ্দেশ্যে প্রণতি জানাতেই এই মন্দির নির্মাণ করা হয়। এটি প্রাচীন ভারতীয় স্থাপত্যের ঐশ্বর্য এবং রুচিশীলতার এক উজ্জ্বল সাক্ষী। ,,,,,
"মন্দিরের তিনদিকে সূর্য দেবতার তিনটি প্রতিকৃতি এমনভাবে স্থাপন করা হয়েছে যার উপর সকাল, দুপুর এবং সন্ধ্যাবেলা সূর্যরশ্মি পড়ে। মন্দিরের চারদিকে রয়েছে চারটি দরজা। মন্দিরটি পূর্বমুখী। পূর্বের প্রধান দরজায় রয়েছে বিরাট সিংহমূর্তি।",,,,,
মন্দিরের দুইপাশের দেয়ালে পাথরে খোদাই করে আঁকা হয়েছে ১২টি করে মোট ২৪টি চাকা। চাকাগুলো মূলত সূর্যঘড়ি। প্রতি চাকার ব্যাস ১০ ফুট এবং সাতটি করে ঘোড়া চাকাগুলোকে টানছে। এই সূর্য মন্দিরের জ্যামিতিক নকশা এবং নির্মাণশৈলী দেখলে সে সময়কার মানুষের গাণিতিক জ্ঞান সম্পর্কে ধারণা করে নিতে মোটেও বেগ পেতে হয় না। ,,,,,
ব্রিটিশ ইস্ট ইণ্ডিয়া কোম্পানির বিরুদ্ধে দারুণ প্রতিরোধ গড়ে তুলেছিলেন মাইসোরের সম্রাট টিপু সুলতান। মাইসোর বর্তমান কর্ণাটক রাজ্যে অবস্থিত। ব্যাঙ্গলোর  শহরে রয়েছে টিপু সুলতানের গ্রীষ্মকালীন প্রাসাদ।,,,,,
"মধ্যপ্রদেশের অন্তর্গত চত্তরপুর জেলার খাজুরাহো গ্রামটি মন্দিরের জন্য বিখ্যাত। খ্রিস্টীয় দশম থেকে দ্বাদশ শতকে খাজুরাহো গ্রামে বহু সংখ্যক মন্দির প্রতিষ্ঠিত হয়। মন্দিরগুলো ইন্দো-আর্য স্থাপত্যরীতির। প্রতিটি মন্দিরের কেন্দ্রস্থলে রয়েছে একজন করে পূজ্য দেবতার প্রতিমূর্তি। বেশিরভাগ মন্দিরই প্রাকৃতিক দুর্যোগ, শত্রুর আক্রমণসহ বিভিন্ন কারণে ধ্বংস হয়ে গেছে। বর্তমানে সর্বসাকুল্যে প্রায় ২০টি মন্দির টিকে আছে।",,,,,
"মিথ প্রচলিত আছে যে, বিধবা ব্রাহ্মণ কন্যা এবং চন্দ্রদেবতার মিলনে জন্ম নেন এক সিংহপুরুষ। নাম রাখা হয় চন্দ্রবর্মণ। চন্দ্রবর্মণকে বলা হয় চান্দেলা রাজবংশের প্রতিষ্ঠাতা। ",,,,,
"চন্দ্রবর্মণকে বলা হয় চান্দেলা রাজবংশের প্রতিষ্ঠাতা। চন্দ্রবর্মণ চন্দ্রদেবতার আশীর্বাদে এ অঞ্চলের রাজা হন এবং মায়ের ইচ্ছায় এই মন্দিরগুলো নির্মাণ করেন। মন্দিরগুলোর মধ্যে বিশ্বনাথ মন্দির, জগদম্বি মন্দির, কান্দারি মহাদেব মন্দির ইত্যাদি খুব বিখ্যাত। বিখ্যাত মুসলিম পর্যটক ইবনে বতুতার ভ্রমণ বিবরণীতে এই মন্দিরগুলোর কথা উল্লেখ আছে।",,,,,
খাজুরাহোকে ইউনেস্কো বিশ্ব ঐতিহ্যের তালিকাভুক্ত করেছে। প্রতি বছর দেশ বিদেশের বহু পর্যটক খাজুরাহো ভ্রমণে আসেন। শিল্পের দিক থেকে বিবেচনা করলে এই মন্দিরগুলোর মূল্য অসীম। ,,,,,
এই মিষ্টিটি তৈরি করার জন্য প্রথমে একটি মণ্ড প্রস্তুত করা হয়। পরবর্তীতে তার সঙ্গে চিনি মিশ্রণ করা হয় এবং তারপর সেটি ভাজা হয়। শীতপ্রধান রাজ্যগুলোর অনুষ্ঠানে এই মিষ্টি পরিবেশনের প্রবণতা দেখা যায়। জন্মদিন এবং বিশেষ কোনও অনুষ্ঠানেই এই মিষ্টি বেশি প্রচলিত।,,,,,
"ভারতে অনেক চমৎকার জায়গা রয়েছে, সারা বছর ধরে পর্যটকরা আসেন। দেশের অর্থনৈতিক ব্যবস্থাকেও শক্তিশালী করে এটি। তবে, সমৃদ্ধ ও সাংস্কৃতিক ঐতিহ্য থাকা সত্ত্বেও, জীবনে সুখ থাকা খুবই গুরুত্বপূর্ণ, তা ছাড়া পৃথিবী অসম্পূর্ণ এবং জনশূন্য।",,,,,
"ইন্ডিয়ান হ্যাপিনেস ইনডেক্স রিপোর্ট এবং হ্যাপিপালসেস কনসাল্টিংয়ের জরিপের ফলাফল অনুসারে, ভারতের শীর্ষ ১০ সুখী রাজ্যের তালিকা সামনে এসেছে। এর মধ্যে সবথেকে সুখী রাজ্য হল ""হিমাচল প্রদেশ""।",,,,,
"হিমাচলের প্রাকৃতিক সৌন্দর্য দেশের অর্থনৈতিক অবস্থার ক্ষেত্রেও গুরুত্বপূর্ণ। গ্রীষ্ম হোক বা শীত, প্রতিটি ঋতুতেই পর্যটকরা এখানে বেড়াতে এসে অনন্য অভিজ্ঞতা লাভ করেন। হিমাচলের স্থানীয় সংস্কৃতি, খাবার, পোশাক সবই, অন্যান্য সমস্ত রাজ্য থেকে আলাদা।",,,,,
হিমাচলের সবচেয়ে সুখী রাষ্ট্র হওয়ার কারণ হল প্রকৃতির সঙ্গে রাজ্যটির অবাধ সংযোগ। এখানকার মানুষ প্রকৃতির খুব কাছাকাছি থাকে। হিমাচল প্রদেশের রাজধানী হল সিমলা। বিখ্যাত পর্যটন কেন্দ্রের তালিকায় অন্তর্ভুক্ত এই অঞ্চল। পাহাড়ি উপত্যকায় অবস্থিত এই রাজ্য এক অনন্য ইতিহাস ধারণ করে।,,,,,
"এর পাশাপাশি ভারতের সবচেয়ে অন্যান্য সুখী রাজ্যের তালিকায় মিজোরাম, মেঘালয়, রাজস্থান, উত্তরাখণ্ড, পাঞ্জাব, তামিলনাড়ু, কেরালা, গোয়া, সিকিম অন্তর্ভুক্ত হয়েছে।",,,,,
"ভারত বিশ্বের কিছু প্রাচীনতম ক্রমাগত বসবাসযোগ্য বসতির আবাসস্থল। এই প্রাচীন বসতিগুলো, তাদের সমৃদ্ধ প্রত্নতাত্ত্বিক ঐতিহ্য সহ, ভারতীয় উপমহাদেশের প্রাথমিক ইতিহাস এবং সভ্যতার মূল্যবান অন্তর্দৃষ্টি প্রদান করে।",,,,,
"বর্তমান পাকিস্তানে অবস্থিত, মহেঞ্জোদাড়ো প্রাচীন সিন্ধু সভ্যতার বৃহত্তম শহরগুলোর একটি ছিল, যা প্রায় ২৬০০-১৯০০ খ্রিস্টপূর্বাব্দে বিকশিত হয়েছিল। এর সুপরিকল্পিত শহুরে বিন্যাস, উন্নত নিষ্কাশন ব্যবস্থা এবং পরিশীলিত স্থাপত্য উচ্চ স্তরের শহরায়ন এবং সামাজিক সংগঠনের ইঙ্গিত দেয়।",,,,,
"মহেঞ্জোদাড়োর মতো, হরপ্পা প্রাচীন সিন্ধু সভ্যতার আরেকটি প্রধান শহর ছিল। হরপ্পায় খননকার্য ইট-বিছানো রাস্তা, পাবলিক ভবন এবং আবাসিক এলাকা সহ একটি জটিল শহুরে কেন্দ্র প্রকাশ করেছে যা মহেঞ্জোদাড়োর মতো একই সময়ের।",,,,,
"উত্তরপ্রদেশের গঙ্গা নদীর তীরে অবস্থিত বারাণসী বিশ্বের প্রাচীনতম ক্রমাগত বসবাসযোগ্য শহরগুলোর একটি। ৩,০০০ বছরেরও বেশি ইতিহাস নিয়ে, বারাণসী হিন্দুদের জন্য একটি পবিত্র তীর্থস্থান এবং শিক্ষা, আধ্যাত্মিকতা ও সংস্কৃতির কেন্দ্র।",,,,,
"বিহার রাজ্যের রাজধানী আধুনিক পাটনা শহরের প্রাচীন উৎপত্তি রয়েছে যা প্রাচীন মগধ রাজ্য এবং মৌর্য ও গুপ্ত সাম্রাজ্যের সময়কাল পর্যন্ত প্রসারিত। এটি হাজার হাজার বছর ধরে ক্রমাগত বসবাসযোগ্য এবং এর ইতিহাস জুড়ে একটি প্রধান রাজনৈতিক, সাংস্কৃতিক এবং বাণিজ্যিক কেন্দ্র হিসেবে কাজ করেছে।",,,,,
"বারাণসী হিন্দুদের জন্য একটি পবিত্র শহর হিসেবে পরিচিত এবং এটি একটি গুরুত্বপূর্ণ তীর্থস্থান হিসেবে বিবেচিত। বিশ্বাস করা হয় যে বারাণসীতে মৃত্যু বরণ করা বা শহরের মধ্য দিয়ে প্রবাহমান গঙ্গা নদীতে কারো ছাই বিসর্জন দেওয়া পুনর্জন্মের চক্র থেকে মুক্তির দিকে নিয়ে যেতে পারে, যা মোক্ষ বা মুক্তি নামে পরিচিত।",,,,,
"সমগ্র ভারত এবং এর বাইরে থেকে হিন্দুরা বারাণসীতে আসে তাদের মৃত প্রিয়জনের অন্ত্যেষ্টিক্রিয় সম্পাদন করতে এবং গঙ্গার পাড়ে অবস্থিত ঘাটে (নদীর তীরের সিঁড়ি) দাহ করতে। দাহ ঘাট, যেমন মণিকর্ণিকা ঘাট এবং হরিশচন্দ্র ঘাট, শহরের ধর্মীয় অনুশীলন এবং সাংস্কৃতিক পরিচয়ের কেন্দ্রবিন্দু।",,,,,
"তবে, এটা বোঝা অপরিহার্য যে বারাণসী শুধুমাত্র মৃত্যু আচারের স্থান নয়। এটি জীবন, আধ্যাত্মিকতা, সংস্কৃতি এবং ঐতিহ্যের সমৃদ্ধ টেপেস্ট্রি সহ একটি প্রাণবন্ত ও ব্যস্ত শহর।",,,,,
"বারাণসীর ঘাটগুলো দৈনন্দিন কার্যকলাপের কেন্দ্রস্থলও, যেখানে মানুষ গঙ্গার পবিত্র জলে স্নান করে, পূজা (আচার উপাসনা) করে, যোগব্যায়াম ও ধ্যান অনুশীলন করে এবং বিভিন্ন সাংস্কৃতিক ও সামাজিক কার্যকলাপে নিয়োজিত থাকে।",,,,,
"তেলেঙ্গানার হায়দরাবাদে অবস্থিত, গোলকোন্ডা দুর্গ তার চিত্তাকর্ষক শব্দবিদ্যা এবং প্রকৌশল বিস্ময়ের জন্য বিখ্যাত। দুর্গ কমপ্লেক্সে রাজপ্রাসাদ, মসজিদ, শস্যাগার এবং বিখ্যাত ফতেহ দরওয়াজা (বিজয় গেট) রয়েছে, যা তার স্থাপত্য সৌন্দর্য এবং শব্দীয় প্রভাবের জন্য পরিচিত।",,,,,
"মধ্যপ্রদেশে অবস্থিত, গোয়ালিয়র দুর্গ ভারতের অন্যতম বৃহত্তম দুর্গ এবং একটি ইউনেস্কো বিশ্ব ঐতিহ্যবাহী স্থান। এর চিত্তাকর্ষক বেলেপাথরের দেয়াল প্রাসাদ, মন্দির, জলের ট্যাঙ্ক এবং অন্যান্য কাঠামো ঘিরে রেখেছে, যা হিন্দু, মুঘল এবং রাজপুত স্থাপত্য শৈলীর মিশ্রণ প্রদর্শন করে।",,,,,
"ভারত তার বিপুল জাতিগত এবং ভাষাগত বৈচিত্র্যের জন্য বিখ্যাত, দেশজুড়ে বিস্তৃত অসংখ্য জাতিগোষ্ঠী এবং ভাষা রয়েছে। শতাব্দীর অভিবাসন এবং সাংস্কৃতিক বিনিময় থেকে উদ্ভূত এই বৈচিত্র্যের মধ্যে রয়েছে ইন্দো-আর্য, দ্রাবিড় এবং তিব্বত-বর্মী সহ প্রধান জাতিগোষ্ঠী। ",,,,,
"বিহার রাজ্যের রাজধানী আধুনিক পাটনা শহরের প্রাচীন উৎপত্তি রয়েছে যা প্রাচীন মগধ রাজ্য এবং মৌর্য ও গুপ্ত সাম্রাজ্যের সময়কাল পর্যন্ত প্রসারিত। এটি হাজার হাজার বছর ধরে ক্রমাগত বসবাসযোগ্য এবং এর ইতিহাস জুড়ে একটি প্রধান রাজনৈতিক, সাংস্কৃতিক এবং বাণিজ্যিক কেন্দ্র হিসেবে কাজ করেছে।",,,,,
"ইউনেস্কোর ‘ওয়ার্ল্ড হেরিটেজ’-এর সম্ভাব্য তালিকায় জুড়ল ভারতের সাতটি জায়গার নাম। ইউনেস্কোয় ভারতীয় স্থায়ী প্রতিনিধি জানিয়েছেন, সাংস্কৃতিক ঐতিহ্যকে ধরে রাখতে এবং তার সংরক্ষণ এবং দেখাশোনা করার প্রতি ভারত যে অত্যন্ত যত্নশীল, এই সংযোজনের মাধ্যমে তারই আলোকপাত করা হচ্ছে।",,,,,
মহারাষ্ট্রের ঔরঙ্গাবাদে অবস্থিত অজন্তা গুহাগুলি বৌদ্ধ ধর্মীয় শিল্পের মাস্টারপিস হিসাবে স্বীকৃত।,,,,,
"খ্রিস্টপূর্ব ২য় শতক থেকে প্রায় ৪৮০ খ্রিস্টাব্দ পর্যন্ত প্রায় ৩০টি শিলা-কাটা বৌদ্ধ গুহা স্মৃতিস্তম্ভ রয়েছে। ভারতে আসা বিভিন্ন মধ্যযুগীয় চীনা বৌদ্ধ পর্যটকদের স্মৃতিচারণে, সেই সঙ্গে ১৭ শতকের গোড়ার দিকে আকবর-যুগের মুঘলদের নিদর্শনও রয়েছে।",,,,,
"ওড়িশার কোনার্ক সূর্য মন্দির, যা ‘ব্ল্যাক প্যাগোডা’ নামেও পরিচিত। ওডিশার কোনার্কের এই সূর্য মন্দির ১৩শ শতাব্দীর। ",,,,,
সাঁচির বৌদ্ধ স্মৃতিস্তম্ভগুলি হল বৌদ্ধ কাঠামোর একটি সিরিজ যা খ্রিস্টপূর্ব ২০০ থেকে ১০০ খ্রিস্টপূর্বাব্দের মধ্যে তৈরি করা হয়েছে। ইউনেস্কো এটির অনন্য সাংস্কৃতিক তাৎপর্যের কারণে এটিকে ২৪ জানুয়ারি ১৯৮৯ সালে বিশ্ব ঐতিহ্যবাহী স্থান হিসাবে মনোনীত করে।,,,,,
মহাবোধি বিহার বা মহাবোধি মন্দির হল বোধগয়ায় অবস্থিত একটি বিখ্যাত বৌদ্ধ বিহার। ইউনেস্কো এটিকে বিশ্ব ঐতিহ্য হিসেবে ঘোষণা করেছে। এই মন্দিরটি বিহারের গয়াতে অবস্থিত। ,,,,,
"এটি একই স্থানে দাঁড়িয়ে আছে যেখানে গৌতম বুদ্ধ খ্রিস্টপূর্ব ষষ্ঠ শতাব্দীতে জ্ঞান লাভ করেছিলেন। এটি বোধি গাছের বংশধর, যার অধীনে বুদ্ধ জ্ঞান লাভ করেছিলেন এবং এটি দুই হাজার বছরেরও বেশি সময় ধরে একটি হিন্দু ও বৌদ্ধ তীর্থস্থান।",,,,,
"আমাদের ঐতিহ্য কেবল পাথর, লিপি অথবা ধ্বংসাবশেষ দিয়ে তৈরি নয়। মন্দিরের দেওয়ালের ফিসফাস, সুপ্রাচীন দুর্গের খোদাই, প্রজন্মের পর প্রজন্ম ধরে চলে আসা লোকসঙ্গীতের মধ্যে ঐতিহ্যের বাস।",,,,,
ভারত তার বিপুল সাংস্কৃতিক ও প্রাকৃতিক ঐতিহ্য রক্ষায় বেশকিছু অর্থপূর্ণ পদক্ষেপ নিয়েছে। এই উদ্যোগগুলি দেশের কালজয়ী সম্পদ ও ঐতিহ্য রক্ষায় সরকারের অঙ্গীকারের প্রতিফলন। ,,,,,
"ভারতে বিভিন্ন ঐতিহ্যবাহী স্থানের পুনরুজ্জীবনের জন্য সংরক্ষণ ও উন্নয়ন প্রকল্প গ্রহণ করা হয়েছে। বারাণসীতে কাশী বিশ্বনাথ করিডর, উজ্জ্বয়নে মহাকাল লোক, গুয়াহাটিতে মা কামাখ্যা করিডর তীর্থযাত্রীদের স্বাচ্ছন্দ্য বাড়ানোর পাশাপাশি পর্যটনের প্রসারে সহায়ক হয়েছে।",,,,,
"ভারতে ৩,৬৯৭টি প্রাচীন স্মৃতিসৌধ ও প্রত্নতাত্ত্বিক স্থান রয়েছে। এগুলি জাতীয় গুরুত্বের স্থান হিসেবে ঘোষণা করা হয়েছে। এগুলির রক্ষণাবেক্ষণ ও সংরক্ষণের দায়িত্ব ভারতীয় প্রত্নতাত্ত্বির সর্বেক্ষণের।",,,,,
কেন্দ্রীয় সংস্কৃতি মন্ত্রকের অধীন ভারতীয় প্রত্নতাত্ত্বিক সর্বেক্ষণ ২০২৪ সালের ২১ থেকে ৩১ জুলাই হিন্দিতে বিশ্ব ঐতিহ্য কমিটির ৪৬তম অধিবেশনের আয়োজন করে। অধিবেশনের উদ্বোধন করেন প্রধানমন্ত্রী। ,,,,,
"এই সব স্থানে যাতে যাতায়াতের পথ, বসার ব্যবস্থা ভিন্ন ভাবে সক্ষম দর্শনার্থীদের জন্য বিশেষ ব্যবস্থা, লাইট অ্যান্ড সাউন্ড শো, স্মারক বিপণী প্রভৃতি থাকে তা সুনিশ্চিত করার দায়িত্বও ভারতীয় প্রত্নতাত্ত্বিক সর্বেক্ষণের ওপর নস্ত। ",,,,,
গুয়াহাটিতে মা কামাখ্যা করিডর তীর্থযাত্রীদের স্বাচ্ছন্দ্য বাড়ানোর পাশাপাশি পর্যটনের প্রসারে সহায়ক হয়েছে। চারধাম সড়ক প্রকল্প এই পবিত্র স্থানের যোগাযোগের উন্নতি ঘটিয়েছে। এছাড়া সোমনাথ ও কর্তারপুর করিডরের প্রকল্পগুলি সাংস্কৃতিক ঐতিহ্য সংরক্ষণ ও ভক্তদের সুবিধা বৃদ্ধিতে উল্লেখযোগ্য অবদান রেখেছে। ,,,,,
"২০২৪ সালের ৩ অক্টোবর সরকার অহমিয়া, মারাঠি, পালি, প্রাকৃত এবং বাংলাকে ধ্রুপদী ভাষার মর্যাদা দিয়েছে। এর ফলে, ধ্রুপদী ভাষার সংখ্যা বেড়ে হল ১১। এই উদ্যোগ বৈচিত্রপূর্ণ সুপ্রাচীন ভাষাগত ঐতিহ্য রক্ষায় ভারতের দৃঢ় অঙ্গীকারের প্রতিফলন। ",,,,,
কেন্দ্রীয় মন্ত্রী অমিত শাহ ২০২৫ সালের ১৬ জানুয়ারি ভাদনগরে প্রত্নতাত্ত্বিক পরীক্ষামূলক যাদুঘরের উদ্বোধন করেছেন।এখানে ৫ হাজারেরও বেশি শিল্পকর্মের মাধ্যমে ভাদনগরের আড়াই হাজার বছরের পুরোনো ইতিহাস তুলে ধরা হয়েছে। ,,,,,
"২০২৪ সালের ২৯ জুলাই দিল্লিতে বিশ্ব ঐতিহ্যবাহী স্থান হুমায়ুনের সমাধিতে ১০ হাজার বর্গফুটের এক অত্যাধুনিক যাদুঘর নির্মাণ করা হয়েছে। এতে সেখানকার সমৃদ্ধ ইতিহাস, স্থাপত্য ও সংস্কৃতি ফুটে উঠেছে। ",,,,,
"রাজস্থানে অবস্থিত, চিতোরগড় দুর্গ ভারতের অন্যতম বৃহত্তম দুর্গ এবং এশিয়ার বৃহত্তম দুর্গ কমপ্লেক্স। প্রায় ৭০০ একর এলাকা জুড়ে বিস্তৃত, এতে অসংখ্য প্রাসাদ, মন্দির, টাওয়ার এবং জলাধার রয়েছে, যা রাজপুত স্থাপত্য এবং ইতিহাস প্রদর্শন করে।",,,,,
"রাজস্থানের জোধপুরে অবস্থিত, মেহরানগড় দুর্গ ভারতের অন্যতম বৃহত্তম দুর্গ এবং শহরের একটি প্রধান ল্যান্ডমার্ক। ",,,,,
"রাজস্থানের আরাবল্লী পর্বতমালায় অবস্থিত, কুম্ভলগড় দুর্গ তার দুর্ভেদ্য দুর্গীকরণের জন্য বিখ্যাত, যার মধ্যে রয়েছে চীনের মহাপ্রাচীরের পর বিশ্বের দ্বিতীয় দীর্ঘতম অবিচ্ছিন্ন প্রাচীর। দুর্গের বিস্তৃত কমপ্লেক্সে মন্দির, প্রাসাদ এবং জলাধার রয়েছে, যা মেবার রাজবংশের মহিমা প্রতিফলিত করে",,,,,
"মধ্যপ্রদেশে অবস্থিত, গোয়ালিয়র দুর্গ ভারতের অন্যতম বৃহত্তম দুর্গ এবং একটি ইউনেস্কো বিশ্ব ঐতিহ্যবাহী স্থান। এর চিত্তাকর্ষক বেলেপাথরের দেয়াল প্রাসাদ, মন্দির, জলের ট্যাঙ্ক এবং অন্যান্য কাঠামো ঘিরে রেখেছে, যা হিন্দু, মুঘল এবং রাজপুত স্থাপত্য শৈলীর মিশ্রণ প্রদর্শন করে।",,,,,
"তেলেঙ্গানার হায়দরাবাদে অবস্থিত, গোলকোন্ডা দুর্গ তার চিত্তাকর্ষক শব্দবিদ্যা এবং প্রকৌশল বিস্ময়ের জন্য বিখ্যাত। দুর্গ কমপ্লেক্সে রাজপ্রাসাদ, মসজিদ, শস্যাগার এবং বিখ্যাত ফতেহ দরওয়াজা (বিজয় গেট) রয়েছে, যা তার স্থাপত্য সৌন্দর্য এবং শব্দীয় প্রভাবের জন্য পরিচিত।",,,,,
"টাঙ্গাইলের তাঁতশিল্প ইতিহাস ও ঐতিহ্যে সমৃদ্ধ হাতে বোনা তাঁতের শাড়ি এখন বিশ্বজুড়ে সমাদৃত। শতাব্দী প্রাচীন এই তাঁতের শাড়ির উৎপত্তিস্থল বাংলাদেশের টাঙ্গাইলে। বিশেষ ধরনের উৎকৃষ্ট মানের সুতা দিয়ে হাতে বোনা তৈরি এ শাড়ি পড়তে যেমন আরামদায়ক, তেমনই নরম।",,,,,
তাই যে কোনো অনুষ্ঠানেই বাঙালী নারীর প্রথম পছন্দ টাঙ্গাইলের ঐতিহ্যবাহী তাঁতের শাড়ি। নিজের জন্য কিংবা প্রিয়জনকে উপহার দেয়ার জন্য টাঙ্গাইল শাড়ির জুরি নেই।,,,,,
"প্রবাদ আছে ""নদী-চর, খাল-বিল, গজারির বন টাঙ্গাইল শাড়ি তার গর্বের ধন""।",,,,,
"টাঙ্গাইলের তাঁতের শাড়ি দেশ পেরিয়ে বিশ্বজুড়ে সমাদৃত। বিশেষ ধরনের উৎকৃষ্ট মানের সুতা দিয়ে হাতে বুনে তৈরি করা হয় এ শাড়ি। বোনার ধরন, রঙ, নকশা সব কিছুই আলাদা।",,,,,
মুসলমানদের দুটি ঈদ ও সনাতন ধর্মাবলম্বীদের দুর্গাপূজায় টাঙ্গাইল শাড়ির চাহিদা বেড়ে যায়। টাঙ্গাইল তাঁতের শাড়ির জন্যই টাঙ্গাইলের সুনাম বা পরিচিতি দেশের সীমা ছাড়িয়ে এর সুখ্যাতি ছড়িয়ে পড়েছে বিশ্বব্যাপী।,,,,,
টাঙ্গাইল তাঁত শিল্পের প্রসার প্রায় ঊনবিংশ শতাব্দীর শেষ দিকে। বসাক সম্প্রদায়ের লোকেরাই টাঙ্গাইলের আদি তাঁতি। মূলত সনাতন ধর্মবলম্বী তাঁতিদের মৌলিক উপাধি হলো বসাক। এরা আসলে দেশান্তরি তাঁতি। ঢাকা ও ধামরাই ছিল যাদের আদি নিবাস।,,,,,
টাঙ্গাইলের শাড়ি বুননের মূল কাজ একেবারেই আলাদা। অনেক পুরোনো একটা ঐতিহ্যের ধারায় চলে আসছে এ কাজ। সেই জ্ঞান ও নিষ্ঠা ছাড়া আসল টাঙ্গাইলের শাড়ি তৈরি করা সম্ভব না।,,,,,
"প্রবাদ আছে: ""চমচম, টমটম ও শাড়ি, এই তিনে টাঙ্গাইল বাড়ি"" যাদের জন্মই হয়েছে তাঁতের খটখট শব্দ শুনে, তারা জানে প্রতিটি শাড়ি বুননের মধ্যেই লেপ্টে আছে ইতিহাসের গন্ধ, তারা তো এই তাঁতশিল্প নিয়ে গর্ব করবেই! ",,,,,
টাঙ্গাইলের তাঁতের শাড়ির জন্য করটিয়া হাটের সুনাম রয়েছে। করটিয়া সাপ্তাহিক মঙ্গলবার হাটে তাঁতজাত পণ্য ক্রয়ের জন্য দেশের বিভিন্ন এলাকা থেকে পাইকাররা ভিড় জমান। ,,,,,
"শাড়ি তৈরির কারিগরা জানান, টাঙ্গাইলের শাড়ির প্রধান বৈশিষ্ট্য হলো পাড় বা কিনারের কারুকাজ। জরি অথবা রেশমের সুতা দিয়ে তৈরি হয় এই শাড়ির পাড়। একেকটি শাড়ি তৈরিতে সময় লাগে ৭দিন থেকে ১ মাস পর্যন্ত।",,,,,
"তাঁত শ্রমিক আনোয়ার হোসেন বলেন, আগে সপ্তাহে তিনটি শাড়ি তৈরি করতে পারতাম। কিন্তু এখন সপ্তাহে চারটি শাড়ি তৈরি করছি। মজুরি কম থাকায়, নতুন করে কেউ এ কাজে আসতে চায় না।",,,,,
"শাড়ি বিক্রেতারা জানান, আগে যে শাড়ি তৈরিতে ৫০০ টাকা খরচ হতো, তা এখন ৬০০ টাকার বেশি খরচ হয়ে যাচ্ছে। কয়েক বছর ধরে ব্যবসার অবস্থা বেশি খারাপ যাচ্ছে। তার কারণ, কাঁচামালের দাম যেভাবে বাড়ছে, সে হারে শাড়ির দাম বাড়ে নি।",,,,,
পয়লা বৈশাখ আমাদের বাংলা সংস্কৃতির চিরকালীন উৎসব। ,,,,,
"নতুন এক পৃথিবীর স্বপ্ন বুনছি সবাই। এদিকে ভারত হল বৈচিত্র্যের দেশ। কেবল বাংলা নববর্ষই নয়; বিভিন্ন রাজ্যে, বিভিন্ন সংস্কৃতির নিজস্ব নতুন বছর রয়েছে।",,,,,
উৎসবে-আয়োজনে ভরে ওঠে মানুষরা। এই অদ্ভুত বৈচিত্র্যই এই দেশকে এত রঙিন করে তুলেছে।,,,,,
"মন্দিরে, বইপাড়ায়, দোকানে একটাই আহ্বান- ‘এসো হে বৈশাখ’। লক্ষ্মী-গণেশের পুজো, হালখাতার উদ্বোধন, গান-নাচ-আলপনায় শুরু হয় নতুন বছর।",,,,,
পয়লা বৈশাখ যেন আমাদের ইতিহাসের অঙ্গ হয়ে গেছে। এই একটা দিন কাঁটাতার ভুলে যায় দুই বাংলা। সংস্কৃতির আঙিনায় মিলে যায় গঙ্গা-পদ্মা।,,,,,
বৈশাখী পাঞ্জাব ও হরিয়ানার নববর্ষ উৎসব। বাংলার নতুন বছরের আগমনের ঠিক আগের দিন পালিত হয় এই উৎসব। মূলত শিখ সম্প্রদায়রা এই উৎসব পালন করেন।,,,,,
পেছনে ছোট্ট একটি ইতিহাসও আছে। নানকসাহি ক্যালেন্ডার অনুযায়ী বৈশাখী হল দ্বিতীয় মাসের প্রথম দিন। আর এই দিনেই শিখদের দশম গুরু গোবিন্দ সিং ‘খালসা পন্থ’ প্রবর্তন করেন।,,,,,
"সবুজে ভরা পাঞ্জাব হরিয়ানা মেতে ওঠে নতুন দিনের প্রার্থনা নিয়ে। উল্লেখ্য, ১৯১৯ সালে এই বৈশাখীর দিনেই জালিয়ানওয়ালাবাগে শান্তিপূর্ণ প্রতিবাদে জড়ো হয়েছিলেন শিখরা।",,,,,
"বিহু লোকগানে, উৎসবে, সাহিত্যে-সংস্কৃতিতে বারবার উঠে এসেছে আসামের এই বিশেষ উৎসবের নাম। বিহু’র গান আজও ভীষণভাবে জনপ্রিয়।",,,,,
"আসামের প্রধান উৎসব তো বটেই; নববর্ষের উৎসব বললেও অত্যুক্তি হয় না। প্রধানত তিন ধরণের বিহু উৎসবের প্রচলন আছে- বহাগ, কাতি ও মাঘ। উৎসবের সূচনা হয় বহাগ বিহু দিয়ে; আর এটিই আয়োজিত হয় পয়লা বৈশাখের দিন। গানে, নাচে, নতুন ফসলের ঘ্রাণে মেতে ওঠে আসাম।",,,,,
"বিশু শুধু কেরালা নয়; কর্ণাটকের টুলুনাড় এলাকা, তামিলনাড়ুর কিছু এলাকায় এই বিশেষ উৎসবটি দেখা যায়। মালয়ালম ক্যালেন্ডারের মেদাম মাসের প্রথম দিন আয়োজিত হয় ‘বিশু’। ",,,,,
"নতুন জামা পরে, পরিবারের মানুষদের নিয়ে বিষ্ণু (কৃষ্ণ) পুজোর মাধ্যমে দিনটি শুরু হয়। তারপর আতসবাজি, খাবার, গানে কেটে যায় সময়। ",,,,,
এই একটি দিন সমস্ত কাজ দূরে সরিয়ে রেখে পরিবারের সঙ্গে সময় কাটানোই প্রধান হয়ে ওঠে কেরালায়। ,,,,,
"প্রসঙ্গত, কেরালার দক্ষিণ অংশের মানুষদের কাছে সবচেয়ে বড়ো উৎসব হল ওনাম। কেরালার প্রধান রাজ্য উৎসব হলেও, এটি আগস্ট-সেপ্টেম্বরের দিকে অনুষ্ঠিত হয়।",,,,,
"পুত্থান্ডু কেউ বলেন পুত্থান্ডু, কেউ আবার পুথুভারুসাম। যে নামেই ডাকা হোক না কেন, এই দিনটি তামিলনাড়ুর বাসিন্দাদের কাছে নববর্ষের দিন।",,,,,
"তামিল মাস চিথিরাইয়ের শুরুর দিনটি রঙ্গোলী, আলপনা আর পুজোতেই কাটিয়ে দেন সবাই। ",,,,,
"অদ্ভুতভাবে, গ্রেগরিয়ান ক্যালেন্ডারের হিসেবে এটিও ১৪ এপ্রিলেই পড়ছে। পূজা-অর্চনাই নয়; সঙ্গে থাকে রকমারি খাবার। তবে যাই খাওয়া হোক না কেন, এই দিনটি একেবারে মাংস-ডিম বর্জিত।",,,,,
"য়ুগাডি কর্ণাটক তো বটেই; এটি অন্ধ্রপ্রদেশ, তেলেঙ্গানারও নববর্ষের উৎসব। চৈত্রের প্রথম দিনেই পালিত হয় য়ুগাডি।",,,,,
"দরজার বাইরে ‘তোরানা’ অর্থাৎ আমপাতা দিয়ে সাজানো, ‘কোলামুলুস’ অর্থাৎ ঘরে রঙিন আলপনা দেওয়া এবং ‘পাচাডি’ খাওয়া— য়ুগাডির অন্যতম অঙ্গ বলা হয় এগুলো কে।",,,,,
পুজো-আচ্চা তো আছেই; সঙ্গে আছে দরিদ্র মানুষদের সাহায্য করা। এই প্রথাটি অবশ্য কর্তব্য। দক্ষিণ ভারতের ইতিহাসের অঙ্গ হয়ে গেছে এই নববর্ষের উৎসব।,,,,,
"গুড়ি পড়ওয়া দক্ষিণ ভারতের কথা যখন হচ্ছে, তখন মহারাষ্ট্রকে তো আসতেই হবে। এই রাজ্যের নববর্ষও আসে চৈত্রের প্রথম দিনে। ",,,,,
"অবশ্য শুধু মহারাষ্ট্র নয়, গোয়ার নতুন বছর হিসেবেও এই উৎসব পালিত হয়। ‘গুড়ি’ মানে পতাকা (কারোর মতে দণ্ড), আর ‘পড়ওয়া’ মানে প্রতিপদ।",,,,,
প্রতিটা মারাঠি বাড়িতে এইদিন বিশেষ একটি পতাকা ওড়ে। সঙ্গে থাকে একটি লাঠি; যার মাথায় রাখা থাকে একটি ঘট। নববর্ষ ছাড়াও এর আরও একটি মাহাত্ম্য আছে। ,,,,,
"বসন্তকে আহ্বান করতে, মাঠের রবি ফসল ঘরে আনার বার্তা দিতেও এই উৎসবের আয়োজন করা হয়। এছাড়াও, রঙ্গোলী বা আলপনা তো আছেই!",,,,,
"নভ্রেহ দক্ষিণ থেকে একেবারে উত্তরে যাওয়া যাক। কাশ্মীর মানেই ভূস্বর্গ। আর সেই স্বর্গেই পয়লা চৈত্রের দিন পালিত হয় নভ্রেহ, অর্থাৎ নববর্ষ। ",,,,,
"মূলত কাশ্মীরি পণ্ডিতরা এই উৎসব প্রবর্তন করেন। তাঁরা মনে করেন, পাঁচ হাজার বছরেরও বেশি সময় আগে, এই দিনটিতেই কাশ্মীরি সপ্তর্ষি যুগ আরম্ভ হয়। ",,,,,
"থালার ওপর ভাত, ফুল, পত্র, নতুন ঘাস, দই, বাদাম, পেন ইত্যাদি জিনিস সাজিয়ে রেখে পূজার্চনা করা হয়। তারপর ওই ‘থালি’ থেকে বাদামটুকু নদীতে ফেলে দেওয়া হয়। এটাই ‘সমর্পণ’।",,,,,
বেস্তু বরষ গুজরাট এবং রাজস্থানের বেশ কিছু অংশে এই উৎসবটি নববর্ষ হিসেবে পালিত হয়। এটি দীপাবলির চতুর্থ দিন। তবে ‘বেস্তু বরষ’ স্থানীয় নাম।,,,,,
বিষ্ণুর দশাবতারের এক অবতার বামনের সঙ্গে সাক্ষাত হয় দৈত্যরাজ বালির। সেই বামনাবতারের কাছেই পরাস্ত হন তিনি। তারপর দীপাবলির চতুর্থ দিনেই উনি আবার পৃথিবীতে ফিরে আসেন।,,,,,
"পানা সংক্রান্তি বা ওড়িয়া নুয়া বারসা নামেই আন্দাজ পাওয়া গেছে কিছুটা। হ্যাঁ, এটি ওড়িশার নববর্ষ উৎসব।",,,,,
"তবে সাধারণভাবে মহা বিষুব সংক্রান্তিও বলা হয় একে। বলা হয়, এই দিনটিতেই জন্ম নিয়েছিলেন হনুমান।",,,,,
"ওড়িশার স্থানীয় লোকশিল্পী ঘণ্টাপটুয়ারা পরিবেশন করেন ‘ঝামা নট’, ‘দণ্ড নট’-এর মতো নৃত্যশৈলী। ",,,,,
"ওড়িশার নববর্ষের দিনে এই একটি জিনিস বাদ গেলে চলবে না। এমনকি, মন্দিরে প্রসাদ হিসেবেও বেলের ব্যবহার হয়।",,,,,
"ওড়িশার কোনার্ক সূর্য মন্দির, যা ‘ব্ল্যাক প্যাগোডা’ নামেও পরিচিত। ওডিশার কোনার্কের এই সূর্য মন্দির ১৩শ শতাব্দীর। এটি বঙ্গোপসাগরের পূর্ব উপকূলে মহানদী ব-দ্বীপে ২৪টি চাকা বিশিষ্ট সূর্যের রথের আকারে তৈরি করা হয়েছে।",,,,,
সাঁচির বৌদ্ধ স্মৃতিস্তম্ভগুলি হল বৌদ্ধ কাঠামোর একটি সিরিজ যা খ্রিস্টপূর্ব ২০০ থেকে ১০০ খ্রিস্টপূর্বাব্দের মধ্যে তৈরি করা হয়েছে। ইউনেস্কো এটির অনন্য সাংস্কৃতিক তাৎপর্যের কারণে এটিকে ২৪ জানুয়ারি ১৯৮৯ সালে বিশ্ব ঐতিহ্যবাহী স্থান হিসাবে মনোনীত করে।,,,,,
মহাবোধি বিহার বা মহাবোধি মন্দির হল বোধগয়ায় অবস্থিত একটি বিখ্যাত বৌদ্ধ বিহার। ইউনেস্কো এটিকে বিশ্ব ঐতিহ্য হিসেবে ঘোষণা করেছে। এই মন্দিরটি বিহারের গয়াতে অবস্থিত। ,,,,,
"এই মন্দিরটি বিহারের গয়াতে অবস্থিত। এটি একই স্থানে দাঁড়িয়ে আছে যেখানে গৌতম বুদ্ধ খ্রিস্টপূর্ব ষষ্ঠ শতাব্দীতে জ্ঞান লাভ করেছিলেন। এটি বোধি গাছের বংশধর, যার অধীনে বুদ্ধ জ্ঞান লাভ করেছিলেন এবং এটি দুই হাজার বছরেরও বেশি সময় ধরে একটি হিন্দু ও বৌদ্ধ তীর্থস্থান।",,,,,
চেন্নাই-এর হাজার বছরের প্রাচীণ কাপালিশ্বর মন্দিরের প্রধান ফটকটি দেখতে ঠিক পিরামিডের মতো। তার গায়ে অজস্ত্র দেব-দেবীর রঙিন মূর্তি। ,,,,,
"দক্ষিণ ভারতের মন্দিরের এই বিশেষ স্থাপত্য শৈলি, উত্তর থেকে আলাদা। এখানে দেব-দেবীদেরও ডাকা হয় ভিন্ন নামে।",,,,,
খালি পায়ে কপালে তিলক কেটে এই সকালে পূজা করতে এসেছেন সদ্য অবসরে যাওয়া সৌন্দরাজন। মন্দিরের ইতিহাস নিয়ে কথা হচ্ছিলো তার সাথে। ',,,,,
"হিন্দুত্ত্ব' বা হিন্দু জাতীয়তাবাদের কথা উঠতেই বিজেপির প্রসঙ্গ উঠলো। তার চোখে মুখে বিরক্তিটা স্পষ্ট। কপাল কুঁচকে বললেন, রাজনীতি রাজনীতিই। ধর্ম ধর্মই। এই দুটোকে একসাথে গুলিয়ে ফেলা উচিত নয়। আর এই কারণে বিজেপিতে তার অনীহা।",,,,,
"আশির দশকের শুরুতে হিন্দু জাতীয়তাবাদকে পুঁজি করে ভারতীয় জনতা পার্টি বিজেপির উত্থানের শুরু। রাজনৈতিক প্রচারণায় ধর্মকে ব্যবহার করে দলটি ছড়িয়ে পড়েছে উত্তর ভারতের হিন্দিভাষী বিভিন্ন রাজ্যে, যা পরিচিত 'কাউ বেল্ট' বা 'গো-বলয়' হিসেবে, অর্থাৎ যেসব এলাকায় গরুকে মাতা হিসেবে দেখা হয় সেই সব এলাকায় বিজেপি তুমুল জনপ্রিয়তা পেয়েছে।",,,,,
"দক্ষিণের মানুষ মাতৃভাষার বাইরে ইংরেজি বলবে কিন্তু হিন্দি আগ্রাসনের তীব্র বিরোধী। আর সেকারণেই দক্ষিণ ভারতের অন্ধ্র প্রদেশ, তামিলনাড়ু, কেরালায় বিজেপির অবস্থা শোচনীয়।",,,,,
"ভারতের প্রতিটা রাজ্য যেমন বিভিন্ন রঙে রঙিন, তেমনই প্রতিটা জায়গায় এক একটা আলাদা চমক থাকে‌।",,,,,
অনেক ভারতীয় পর্যটকরা মনে করেন শুধু ভারত-ভ্রমণ করতেই একটা গোটা জীবন কেটে যায়। ,,,,,
"কেউ কেউ প্রকৃতির টানে, কেউ বা জীবজন্তু দেখতে, আবার কেউ শুধু বিভিন্ন রকমের খাবারের স্বাদ পেতে ছুটে যান দেশের একপ্রান্ত থেকে অন্যপ্রান্তে। ",,,,,
পৃথিবীর সবচেয়ে বেশি রকমের উৎকৃষ্ট মানের মশলা এই ভারতেই পাওয়া যায়। ,,,,,
জিভে জল আনা মশলাদার খাবারের স্বাদ পেতে হলে চলে আসতে হবে অমৃতসরে‌। গ্রীষ্মের প্রচন্ড গরমে প্রাণে আরাম দেবে এখানকার খাঁটি দুধের লস্যি। ,,,,,
"চিকেন কাবাব, পনির টিক্কা, প্রায় প্রতিটা রেস্তোরাঁয় পাওয়া যায়। আবার এক টুকরো বাটার দেওয়া কুলচার স্বাদও মনে রাখার মতো।",,,,,
কলকাতার রসগোল্লা তো সারা পৃথিবী বিখ্যাত। তবে খাঁটি কলকাতা স্টাইলের মাছের ঝোল কিন্তু আর কোত্থাও পাবেন না। ,,,,,
"বাঙালি রেস্তোরাঁগুলো নানা স্বাদের, নানা রকম মাছের পদ নিয়ে প্রস্তুত থাকে। একবার খেলে জিভে লেগে থাকবে সেই স্বাদ। ",,,,,
"অনেকেই আছেন যাঁরা মিষ্টি, নিরামিষ খাবার খেতে বেশি পছন্দ করেন। আবার অনেকেই পুরোপুরি নিরামিষাশী।‌ তাঁরা বৃন্দাবনে গেলে ভীষণ মজা পাবেন। ",,,,,
"হরেক রকমের নিরামিষ পদ যেমন থাকে, তেমনই এখানকার মিষ্টি বিখ্যাত। প্যারা, লস্যি, মালপোয়া, রাবড়ি,মাখনের মিছরি এখানকার জনপ্রিয় মিষ্টি। ",,,,,
"বেনারসের পান নিয়ে হিন্দি সিনেমায় এক বিখ্যাত গানই লিখে ফেলা হল। বেনারসে ঘুরতে আসবেন, অথচ পান খাবেন না এমন মানুষের সংখ্যা বোধহয় খুব কম।",,,,,
রাজস্থান ভ্রমণ মানেই রাজকীয় সব বন্দোবস্ত চোখের সামনে ভেসে ওঠে। ওখানে বেড়াতে গেলে রাজস্থানি থালির খাবার চেখে দেখাটা কিন্তু মাস্ট।,,,,,
"আহমেদাবাদে মূলত নিরামিষ খাবার পাওয়া যায়। নিরামিষ খাবার পছন্দ না করলেও, এখানকার খাবার খেয়ে কিন্তু প্রেমে পড়ে যেতে পারেন।",,,,,
মুম্বাইয়ের নাম নিলেই জুহু বিচের ধারের পাও ভাজির কথা সবার প্রথমে উল্লেখ করতে হয়। নরম পাউরুটির সঙ্গে বাটার দেওয়া পাঁচ মেশালি তরকারি।,,,,,
হায়দ্রাবাদকে বলা হয় বিরিয়ানির স্বর্গরাজ্য। এখন যদিও প্রতিটা রাজ্যেই বিরিয়ানির দোকান ছেয়ে গেছে। তবুও আসল বিরিয়ানির স্বাদ পেতে হলে চলে আসতে হবে হায়দ্রাবাদে।,,,,,
"বিরিয়ানি-প্রেমীদের দুর্দান্ত সময় কাটবে এখানে। শুধু বিরিয়ানি নয়, সঙ্গে চেখে দেখতে পারেন হালিম, কাবাব, কিমা সামোসা। ",,,,,
"হালকা, অয়েল ফ্রি খাবার অনেকেই খেতে পছন্দ করেন। তাঁদের জন্য চেন্নাইয়ের খাবার একেবারে উপযুক্ত। ধোসা, ইডলি, উত্থাপম, নানা ফ্লেভারের রাইস, চিলি ভাজ্জি এখানে এসে খাওয়াটা মাস্ট। ",,,,,
"ভাত আর রাজমার তরকারি, এটাই কিন্তু উত্তরপ্রদেশের জনপ্রিয় খাবার। সে রাজ্যে এটি পরিচিত রাজমা-চাওল নামে। অফিসের টিফিন হোক বা দুপুরের খাবার, এখানে লোকজন মশলা দেওয়া একটু ঝোল ঝোল রাজমা দিয়ে ভাত খান এবং তৃপ্তিও পান।",,,,,
"পনিরের ভুজিয়া রুটিতে মুড়ে রোল করে খাওয়ার চল উত্তরাখণ্ডে। পেঁয়াজ, লঙ্কা, মশলা দিয়ে পনিরের ভুজিয়া তৈরি করা বিশেষ খাটনির ব্যাপার নয়। জিনিসটি রাঁধা সহজ, পুষ্টিতেও ভরপুর আবার সুস্বাদুও।",,,,,
লেমন রাইস ঠিক বাঙালিদের লেবু চিপে ভাত খাওয়া নয়। লেমন রাইসের মধ্যে মশলা এবং লেবুর রসের সুন্দর মিলমিশ থাকে।,,,,,
"তামিলনাড়ুতে এই ভাত খাওয়ার চল আছে। সাদা তেলে সর্রে, শুকনো লঙ্কা, কারিপাতা, বিউলির ডাল ফোড়ন দিয়ে, চিনেবাদাম, রসুনকুচি ভেজে সামান্য হলুদ দিয়ে নাড়িয়ে ভাত দিতে হয়।",,,,,
"বাঙালিরা খান বেগুন পোড়া, আর মহারাষ্ট্রে জনপ্রিয় বেগুন ভর্তা। বেগুনপোড়ায় বেগুন পুড়িয়ে খোসা ছাড়িয়ে পেঁয়াজ, লঙ্কাকুচি, নুন, সর্ষের তেল মেখে খাওয়ার চল। ",,,,,
"দেশ জুড়ে আটার পুরি খাওয়ার চল থাকলেও পশ্চিমবঙ্গে গাওয়া ঘিয়ে ভাজা ময়দার সাদা পাতলা ফুলকো লুচি খাওয়ার চল। তার সঙ্গে কেউ ভালবাসেন ছোলার ডাল, কারও আবার লাগে আলুরদম।",,,,,
"মেঘালয়ের খাসি সম্প্রদায়ের মানুষদের অন্যতম পছন্দসই খাবার হল দোহখলিয়ে আর জাদহ। দোহখলিয়ে অনেকটা পর্ক মাংসের পেয়াঁজ দিয়ে তৈরি স্যালাডের মতো, আর জাদহকে ভাত দিয়ে তৈরি বেশ ঝাল ঝাল পোলাও বলাই যায়। ",,,,,
"দোহখলিয়ে তৈরির সময় ব্যবহৃত হয় সেদ্ধ করা শূকর ঘিলু আর জাদহ রান্নার সময় ব্যবহৃত হয় শূকরের অন্ত্র এবং কিছুটা রক্ত। শুনে শিহরিত হলেও, মেঘালয়ের বিভিন্ন প্রান্তে এই দুই ডিশ অত্যন্ত সুস্বাদু ডেলিকেসি হিসেবেই গণ্য করা হয়।",,,,,
"আমের চাটনি, আমসত্ত্বের চাটনি, এমনকি টমেটোর চাটনি তো আমরা হামেশাই খেয়ে থাকি। কিন্ত যদি বলা হয় টকটকে লাল রঙের এই চাপরাহ চাটনি তৈরি হয় লাল পিঁপড়ে আর সেই পিঁপড়ের ডিম দিয়ে? ",,,,,
"চিকেন ললিপপ আর ড্রামস অফ হেভেন তো অনেক খেয়েছেন। এবার থেকে কিন্তু লেগপিস বলতে শুধুই ব্যাঙের ঠ্যাং। ঘাবড়াবেন না, ব্যাটার ফ্রায়েড ফ্রগ লেগস কিন্তু সিকিম এবং গোয়ার বিভিন্ন জায়গায় পাওয়া যায় এবং চটপটা স্ন্যাক্স হিসেবে স্থানীয় অধিবাসীদের ও খুবই পছন্দের। ",,,,,
"নর্থ ইস্টের রাজ্যগুলি মিলিয়ে খোঁজ পাবেন এমন অনেক অদ্ভুত অদ্ভুত খাবারের, আর তাদের মধ্যে অন্যতম হল এরি পলু বা রেশমপোকার পিউপা। রেশমপোকাগুলি গুটি বেঁধে কোকুনে পরিণত হলে, সেই অবস্থায় সেগুলি রান্না করে খাওয়া হয়।",,,,,
"হ্যাঁ, ঠিকই শুনেছেন, হালুয়া কিন্তু পেঁয়াজের। অবশ্য সুজি, গাজর দিয়ে যদি হালুয়া হতে পারে তাহলে আর পেঁয়াজের কি দোষ। অনেকক্ষণ ধরে অল্প আঁচে মাখন, দুধ আর চিনি দিয়ে তৈরি হয় এই হালুয়া। ",,,,,
"ফ্যান ফুৎ হল একধরনের আলুর তরকারি, কিন্তু চিন্তার বিষয় হল আলুগুলিকে পচা হতে হবে। হ্যাঁ, পচা আলুর তরকারির নাম'ই ফ্যান ফুৎ'। ",,,,,
"ত্রিপুরাসহ উত্তর-পূর্ব ভারতের বিভিন্ন রাজ্যে বসবাসকারী বিভিন্ন উপজাতি গোষ্ঠীর মানুষের খাদ্য তালিকার মধ্যে রয়েছে বুবুক, চাকুই, ভর্তা, বাঙ্গই ইত্যাদি। ",,,,,
তবে এখন আর ভর্তা উপজাতি অংশের মানুষের মধ্যেই সীমাবদ্ধ নয়। কালের পরিক্রমায় ভর্তার রেসিপি পাহাড়ের গণ্ডি পেরিয়ে ঢুকে পড়েছে রাজধানী আগরতলাসহ ত্রিপুরা রাজ্যের অনেক নামি-দামী হোটেল ও রেস্তোরাঁয়।,,,,,
ভর্তার জগতে অন্যতম জনপ্রিয় হলো মুরগি ভর্তা যা চিকেন ভর্তা নামে বেশি পরিচিত। আগরতলা শহরের আন‍াচে-কানাচে পাওয়া যায় মুরগিসহ অন্যান্য মাংসের ভর্তা। ,,,,,
আগরতলা শহরের আইকনিক দালানবাড়ি পূর্বতন রাজপ্রাসাদ উজ্জয়ন্ত প্যালেসের উত্তর-পূর্ব দিকের বনমালীপুর এলাকার ভগবান ঠাকুর চৌমুহনীতে রয়েছে প্রচুর ছোট-বড় ভর্তার দোকান।,,,,,
এলাকাটি এখন ভর্তা চৌমুহনী নামে বেশি পরিচিত। সন্ধ্যায় প্রত্যেকটি ভর্তার দোকানে ভিড় জমে যায়।   ,,,,,
"ত্রিপুরা রাজ্যে ১৯টির বেশি উপজাতি জনগোষ্ঠী রয়েছে। রাজ্যের উপজাতি অংশের মানুষের কাছে অন্য সকল ইতিহাসের মতোই অজানা রয়েছে যে, কোন জাতি বা গোষ্ঠী এই জিভে জল আনা মুরগি ভর্তার আবিষ্কার করেছে।",,,,,
"খাবারে থুতু, প্রস্রাব ও নোংরা বস্তু মেশানোর অভিযোগের ক্ষেত্রে মোটা অঙ্কের জরিমানা ও কারাদণ্ড দেওয়ার বিষয়ে ভাবনা চিন্তা করছে ভারতের দুই রাজ্য। কেন্দ্রে ক্ষমতাসীন ভারতীয় জনতা পার্টি শাসিত দুই রাজ্য- উত্তরাখণ্ড এবং উত্তর প্রদেশ চলতি মাসেই এই বিষয়ে ঘোষণাও করেছে।",,,,,
"উত্তরাঞ্চলীয় রাজ্য উত্তরাখণ্ড জানিয়েছে এই জাতীয় ঘটনায় অভিযুক্তকে এক লক্ষ টাকা পর্যন্ত জরিমানা করা হতে পারে। অন্যদিকে, এই সমস্যা মোকাবিলা করতে উত্তর প্রদেশ কঠোর আইন আনতে চলেছে।",,,,,
"সামাজিক যোগাযোগ মাধ্যমে প্রচার হওয়া একটি ভিডিওতে (এই ভিডিও যাচাই করা হয়নি) দেখা গিয়েছিল স্থানীয় খাবারের দোকানে ও রেস্তোরাঁর খাবারের থুতু ফেলছেন বিক্রেতারা। অন্য এক ভিডিওতে দেখা যায়, রান্না করা খাবারে প্রস্রাব মেশাচ্ছেন ওই বাড়ির কাজে নিযুক্ত এক কর্মী।",,,,,
কেউ কেউ আবার এই ভিডিওর মাধ্যমে মুসলমানদের নিশানা করে দোষারোপ এবং তাদের বিরুদ্ধে প্রচার করা হচ্ছে বলে অভিযোগ তোলেন। এই ভিডিওতে মুসলমানদের বিরুদ্ধে যে অভিযোগ তোলা হয়েছিল তা ‘ফ্যাক্ট-চেকিং’ ওয়েবসাইটগুলো তা খারিজ করে দিয়েছে।,,,,,
"সংবাদপত্র ‘ইন্ডিয়ান এক্সপ্রেস’-এর প্রতিবেদনে উত্তর প্রদেশের প্রস্তাবিত অধ্যাদেশের সমালোচনা করা হয়েছে। ""এটা কমিউনাল ডগ হুইসল হিসাবে কাজ করবে যা বিশুদ্ধতা ও দূষণ সম্পর্কে ধারণাকে নিশানা করবে। একইসঙ্গে সংখ্যালঘু যারা ইতোধ্যেই নিরাপদ নয়, তাদেরও নিশানা করে তুলবে।""",,,,,
"ভারতের জাতীয় খাবার হলো খিচুড়ি । কয়েক হাজার বছর প্রাচীন এই খাবারকে সংস্কৃত ভাষায় ""কৃশরঃ "" বলা হয়।",,,,,
দক্ষিণ ভারতীয় খাবারে সাম্বারের স্বাদ বিশেষভাবে পছন্দ করা হয়। ,,,,,
"দক্ষিণ ভারতীয় খাবারের কথা এলে প্রথমেই যে জিনিসগুলি মনে আসে তা হল ইডলি, দোসা, উৎপম এবং এই সমস্ত খাবারের সাথে চাটনি এবং সাম্বার পরিবেশন করা হয়।",,,,,
"তামিল ভাষায় 'আরচ্চুভিত্ত' অর্থ 'গুঁড়ো'। এটি তামিলনাড়ুর একটি ক্লাসিক খাবার যা ডাল এবং তাজা গুঁড়ো মশলা দিয়ে তৈরি। এই মশলার পেস্ট তৈরির জন্য, তাজা মশলা এবং নারকেল পিষে সাম্বার তৈরি করা হয়।",,,,,
"উডুপি সাম্বার হল একটি সুস্বাদু এবং সুগন্ধযুক্ত মসুর ডাল ভিত্তিক খাবার যা প্রায়শই ভাত, ইডলি, দোসা বা বড়ার সাথে পরিবেশন করা হয়।",,,,,
"বোম্বাই সাম্বার একেবারেই আলাদা কারণ এতে মসুর ডাল যোগ করা হয় না। বরং, গ্রেভি ঘন করার জন্য বেসন যোগ করা হয়। এটি দোসা, ইডলি এবং ভাতের সাথেও খাওয়া হয়।",,,,,
"কেরালা উল্লি সাম্বার অন্য সকলের থেকে আলাদা। এতে টক এবং মশলার মিশ্রণ রয়েছে। প্রচুর পরিমাণে তেঁতুলের পেস্ট, সুগন্ধি কারি পাতা, ভাজা চানা ডাল এবং সরিষা বীজের সাথে এর এক অনন্য স্বাদ রয়েছে।",,,,,
"দক্ষিণ ভারতের জনপ্রিয় খাবার সাম্বার, মারাঠার শাসক সম্ভাজি সর্বপ্রথম দুর্ঘটনাক্রমে তৈরি করেছিলেন। একদিন তার রাঁধুনির অনুপস্থিতিতে ডাল তরকারি তৈরির চেষ্টা করেছিলেন। এ সময় তিনি ভুলক্রমে ডালের সঙ্গে তেঁতুল যোগ করলেন, ফলস্বরূপ খাবারটি পরে ‘সাম্বার’ হিসাবে পরিচিতি লাভ করে।",,,,,
"কলকাতার ‘স্ট্রিট ফুড’ বৈচিত্র্যের মধ্যে ঐক্যের কথা বলে। একদিকে যেমন চীনা খাবার চাউমিন, অন্য দিকে পরোটা আর কাবাবের হাত ধরে আসা রোল।",,,,,
"দক্ষিণ ভারতীয় খাবারের মধ্যে ধোসা, ইডলি এবং সম্বর বড়া কলকাতায় সবচে জনপ্রিয়। জনপ্রিয়তার দু’টি প্রধান কারণ আছে বলও মনে করেন ভোজনরসিকরা।",,,,,
খাদ্যগুণ ও ভিন্ন স্বাদের জন্যই এসব স্ট্রিট ফুড বেশ জনপ্রিয়তা পেয়েছে। তবে কলকাতার ‘স্ট্রিট ফুডে’ তেল মশলার পরিমাণ একটু বেশি-ই। যা দক্ষিণ ভারতীয় খাবারগুলোতে সাধারণত থাকে না।,,,,,
"কলকাতায় দক্ষিণ ভারতীয় খাবার কতটা জনপ্রিয় এই প্রশ্নের উত্তরে একজন বিক্রেতা জানালেন, কলকাতার নিউ মার্কেটের উল্টো দিকে ধোসা, ইডলি, সম্বর বড়া বিক্রি করেন তিনি। বিক্রি কম করে হলেও প্রতি সন্ধ্যেতে অন্তত ৬০০টি ধোসা বানানো হয়।",,,,,
"উৎসবের কেনাকাটা চলতে থাকলে সেটা দ্বিগুণ এমনকি তিন গুণও হয়। এটা শুধু ধোসার হিসেব। এর সঙ্গে আছে ইডলি, সম্বর বড়াও।",,,,,
"‍বিক্রেতারা জানান, ধোসা বানানোর প্রক্রিয়া কিছুটা সময় সাপেক্ষ। এর জন্য আগের দিন থেকেই প্রস্তুতি নিতে হয়। প্রথমে পরিষ্কার জলে কিছু চালকে কমপক্ষে ৫ ঘণ্টা ভিজিয়ে রাখতে হয়। একই সময় ধরে ভিজিয়ে রাখতে হয় ডাল এবং মেথি বীজও।",,,,,
ধোসার জনপ্রিয়তা সবচেয়ে বেশি হলেও কলকাতায় দক্ষিণ ভারতীয় খাবার হিসেবে দ্বিতীয় স্থানে আছে ইডলি। ইডলি বানাতে একই রকম মিশ্রণ ব্যবহার করা হয়।,,,,,
ইডলি পরিবেশন করা হয় সম্বর ও চাটনির সঙ্গে। মধ্যাহ্ন ভোজ কিংবা রাতের খাবার হিসেবও জনপ্রিয় ইডলি বা ধোসা। তবে বেশি জনপ্রিয় বিকেলের পথ চলতি মুখরোচক খাবার হিসেবে।,,,,,
এরপরেই আসে সম্বর বড়া। দক্ষিণ ভারতে খাবারটি মেডু বড়াই নামে পরিচিত। ধোসা বা ইডলির মতোই এখানে মিশ্রণটি বানিয়ে নিতে হয় তারপর অল্প গরম তেলে বড়া ভেজে নিতে হয়।,,,,,
"জানা যায়, মারাঠাদের রান্না ঘর থেকে ১৭ শতাব্দীতে সম্বর সারা ভারতে ছড়িয়ে পড়ে। আবার অনেকে বলেন, ১৫৩০ সাল নাগাল তামিলদের খাবারে সম্বরের অস্তিত্ব দেখা যায়।",,,,,
"তবে দক্ষিণ ভারতে তৈরি হওয়া সম্বর প‍ূর্ব ভারতের রান্না করা সম্বরের থেকে অনেক বেশি টক। মনে রাখতে হবে, দক্ষিণ ভারতীয় রান্নায় সম্বর কিন্তু অপরিহার্য অঙ্গ।",,,,,
"ভাত-রুটি তো বটেই, সামান্য একটু মুড়ি খেলেও কাঁচালঙ্কায় কামড় দেন অনেকে। বিশেষজ্ঞদের মতে, ঝালের স্বাদ বুঝতে সাহায্য করে ক্যাপসাইসিন (Capsaicin)। এটি আমাদের মস্তিষ্কে এন্ডরফিন অর্থাৎ, ‘হ্যাপি’ হরমোন ক্ষরণে সাহায্য করে। ফলে মনমেজাজ চনমনে থাকে।",,,,,
"ভারতীয় মশলার খ্যাতি ছড়িয়ে রয়েছে সারা বিশ্বে। দিল্লি থেকে গোয়ার সমুদ্র সৈকত পর্যন্ত। ভারতীয় খাবারে ঝাল মানে শুধু মশলার ঝাঁজ নয়, এটি ঐতিহ্যের এক গল্প। জিরে, ধনে, এলাচ, গোলমরিচ, হলুদ এবং অবশ্যই লাল-সবুজ লঙ্কা—এ ভাবে স্বাদ তৈরি হয় ভারতীয় রান্নায়।",,,,,
"ভারতের প্রতিটি অঞ্চলের মশলায় লুকিয়ে রয়েছে তার নিজস্বতা। উত্তর ভারতীয় রান্নার স্বাদ পাওয়া যায় পদের মাখো মাখো গ্রেভিতে, তেমনই দক্ষিণ ভারতীয় রান্নায় রয়েছে নারকেলের দুধের সঙ্গে লঙ্কা মিশিয়ে তৈরি কারি। ",,,,,
"বিশ্বের সবচেয়ে ঝাল লঙ্কা, ভূত জলোকিয়া বা ‘গোস্ট পেপার’, উত্তর-পূর্বের ভারতের অসম থেকে আসে। এর ঝাল এতটাই বেশি, যে কৃষকরা এক সময়ে বুনো হাতিদের তাড়াতে এটি ব্যবহার করতেন।",,,,,
"জীবনের দৈর্ঘ্য মাত্র পঁচিশ বছর। জীবনের প্রসার অপরিমেয়। যে মুন্ডা লোকসমূহে তাঁর জন্ম, যে ভূখণ্ডের তিনি অধিবাসী, যে প্রতিরোধ সংগ্রামের তিনি নেতা, সে-সব ছাড়িয়ে তাঁর নাম বিস্তৃত হয়ে পড়েছে দেশের নানা প্রান্তে। ",,,,,
আদিবাসী লোকসমূহের কাছে ‘ধরতি আবা’ বিরসা মুন্ডা নিরবচ্ছিন্ন প্রতিরোধের প্রতীক।,,,,,
"‘ধরতি আবা’, আক্ষরিক অনুবাদে, পৃথিবীর পিতা, প্রকৃতপক্ষে এক আশ্চর্যরকমের প্রশস্ত শব্দব্যবহার: প্রকৃতি ও ভূমির সঙ্গে মানুষের গভীর সম্পর্কের দ্যোতক—একটি প্রাথমিক পরিবেশ-চেতনার প্রতীক। ",,,,,
"আবার, শাসকদের কাছে তাঁর নামটাই একটাই শীলমোহর। তাঁর জন্মভূমি বর্তমান ঝাড়খণ্ড রাজ্যের শহরে শহরে তো বটেই, তাঁর নাম ও মূর্তি ছড়িয়ে পড়েছে দেশের রাজধানী দিল্লি পর্যন্ত।",,,,,
"শাসক দলগুলো তাঁকে ব্যবহার করে চলেছে, প্রধানত আদিবাসী লোকসমূহের কাছে নিজেদের অপশাসনকে বৈধ করে তুলতে। তাঁকে জনজাতীয় নায়ক হিসেবে তুলে ধরার পাশাপাশি, তারা সেই কুকর্মগুলো চালিয়ে যায়, যেগুলোর বিরুদ্ধে লড়াই করে বিরসা জননায়ক ও শহীদ হয়েছিলেন।",,,,,
"ঊনবিংশ শতাব্দীর শেষভাগে ব্রিটিশ শাসনের ভূমি নীতি ছোটনাগপুরের সাবেক সামূহিক ভূমি-ব্যবস্থাকে বদলে দিয়ে ভূমিকে করে তোলে মালিকী সম্পত্তি। উদ্দেশ্য ছিল রাজস্ব আদায়ের পরিমাণ বহুগুণ বাড়িয়ে তোলা। এ অঞ্চলে ভূমি-ব্যবস্থাকে বলা হত ‘খুঁটকাঠি’, যা ছিল প্রাক-ঔপনিবেশিক যুগের সামষ্টিক ভূমি সংস্কৃতির প্রতীক। ",,,,,
ব্রিটিশ শাসনে এই সামূহিক ভূমি-ব্যবস্থা ধীরে ধীরে ভেঙে পড়ে; মহাজন ও বাইরে থেকে আসা লোকেরা জমির মালিক হয়ে ওঠে। এই ব্যবস্থার ওপর আঘাত আদিবাসীদের বস্তুগত জীবনকে বিপর্যস্ত করে তোলার পাশাপাশি মানুষে মানুষে এবং মানুষের সঙ্গে প্রকৃতির সম্পর্কটিকেও ভয়ানকভাবে ক্ষতিগ্রস্ত করে তোলে,,,,,
"যে-অরণ্য আগে আদিবাসীদের লৌকিক নিয়মে স্বাধীন এক সত্তা হিসেবে গণ্য হত, লোকেরা প্রয়োজন অনুযায়ী তা থেকে জীবনযাপনের রসদ যোগাড় করতেন, কিন্তু কখনোই তাকে কারও সম্পত্তি বলে মনে করতেন না, ঔপনিবেশিক আইনে তাকে সরকারি সম্পত্তি হিসেবে ঘোষণা করা হল।",,,,,
"একদিকে শিকার, জঙ্গলে অ-স্থায়ী চাষবাস, কাঠ জোগাড়—সবই অপরাধ বলে গণ্য হতে থাকে, অন্যদিকে সরকার ও তার দেশীয় সাঙাতরা লক্ষ লক্ষ একর বনভূমি লুঠ করে রাজস্ব ও ব্যক্তিগত পুঁজি ফাঁপিয়ে তোলে।",,,,,
এই-রকম এক পরিস্থিতিতে বর্তমান খুঁটি জেলার চালখাঁদ গ্রামের এক মুন্ডা পরিবারে বিরসার জন্ম। পারিবারিক দারিদ্র এবং সুযোগ বঞ্চনা সত্ত্বেও তিনি কিছুটা স্কুলশিক্ষা অর্জন করতে পারেন– চাইবাসার খ্রিস্টান স্কুলে।,,,,,
"সমাজব্যবস্থা সম্পর্কে প্রশ্ন থেকে তিনি ১৮৯০-এর দশকের মাঝামাঝি সময় থেকে তিনি মুন্ডা, ওরাঁও ও অন্যান্য গোষ্ঠীর মধ্যে আত্মশাসন, নৈতিক সংস্কার ও আধ্যাত্মিক জাগরণের বার্তা দিতে শুরু করেন। ",,,,,
"তাঁর বিখ্যাত আহ্বান ছিল, “আবুয়া দিশুম, আবুয়া রাজ– আমাদের দেশ, আমাদের শাসন”। বিরসার সেই ঘোষণা আজ ঝাড়খণ্ড সরকারের বিভিন্ন প্রচারে বড়ো আকারে জায়গা পেয়েছে, কিন্তু তাঁর সেই স্বপ্ন বাস্তবায়িত হয়ে উঠতে পারেনি। ",,,,,
"১৮৯৯–১৯০০ সালে বিরসা ব্রিটিশ ও তার স্থানীয় স্যাঙাতদের বিরুদ্ধে যে-প্রতিরোধ গড়ে তোলেন, উলগুলান নামে খ্যাত সেই প্রতিরোধ কেবল সশস্ত্র বিদ্রোহই ছিল না; এটি ছিল সামাজিক সংস্কার ও লৌকিক পুনর্জাগরণের মিশ্র রূপ।",,,,,
"গ্রামবাসীরা কর দিতে অস্বীকার করেন, নিজেদের জমি পুনর্দখল করেন এবং বিরসার নেতৃত্বে একত্রিত হন। শেষ পর্যন্ত ব্রিটিশ বাহিনী আন্দোলন দমন করে; বিরসাকে গ্রেপ্তার করে রাঁচি জেলে পাঠানো হয়, যেখানে ১৯০০ সালের ৯ জুন, মাত্র পঁচিশ বছর বয়সে, তিনি রহস্যজনকভাবে মারা যান।",,,,,
"যদিও আন্দোলনটি স্বল্পস্থায়ী ছিল, তবু এর সুবাদেই ১৯০৮ সালের ছোটনাগপুর টেনান্সি অ্যাক্ট প্রণীত হয়, যা আদিবাসী ভূমি বিক্রি বা হস্তান্তরের উপর নিয়ন্ত্রণ আরোপ করে। ",,,,,
"বিরসা মুন্ডার চিন্তায় চারটি মূল বিষয় স্পষ্টভাবে দেখা যায়: (ক) ভূমি পবিত্র, যৌথ ও অ-বিক্রেয় সম্পদ; (খ) নিজের লৌকিক সংস্কৃতির পুনর্জাগরণ; (গ) কুসংস্কার, মদ্যপান ও বিভেদের বিরোধিতা; এবং (ঘ) নৈতিক পরিবেশ চেতনা– মানুষ ও প্রকৃতির মধ্যে সঙ্গতির ধারণা। ",,,,,
"আজও ঝাড়খণ্ড, ছত্তিশগড়, ওড়িশা ও পূর্ব ভারতের বহু আদিবাসী এলাকা কর্পোরেট খনন, শিল্প প্রকল্প ও বাঁধ নির্মাণের কারণে উচ্ছেদের শিকার হচ্ছে। এই বাস্তবতা বিরসার যুগের ব্রিটিশ জমিদার ও দিকুদের আধুনিক রূপের মতোই।",,,,,
"লোকে বলে, বিরসার ঘোষণা ছিল, আমাদের জমি আমাদের মা। একে বিক্রি করা মানে নিজের আত্মাকে বিক্রি করা। বাস্তবিকই বিরসা এই উক্তিটি করেছিলেন কি না তার নথিভুক্ত প্রমাণ নেই। হতে পারে লোকেরা মুখে মুখে এই উক্তি রচনা করে নিয়েছে। ",,,,,
বিরসা মুন্ডা শুধু জমির লড়াই করেননি; তিনি আদিবাসী সমাজের দার্শনিক-সাংস্কৃতিক মর্যাদার সংগ্রামকে বিকশিত রূপ দিয়েছিলেন। সেই সংগ্রাম ছিল শাসকীয়তার বিরুদ্ধে লোকসমূহের মধ্যে প্রবাহিত জীবনের এক প্রশস্ত ধারণা। ,,,,,
"আদিবাসী ভাষা, নৃত্য, সংগীত, পোশাককে ‘লোকসংস্কৃতি’ হিসেবে প্রদর্শন করা হয়, কিন্তু সেই সংস্কৃতির জীবন্ত রাজনৈতিক অর্থকে আড়াল করা হয়। যেমন সরকারি অনুষ্ঠানে ‘আদিবাসী নৃত্য’ পরিবেশন করা হলেও, আদিবাসী ভাষা ও শিক্ষার জন্য বাজেট কমানো হয়।",,,,,
"আজকের ভারতে ধর্ম নিয়ে যে-মেরুকরণ চলছে, তাতে বিরসার এই অবস্থান অত্যন্ত গুরুত্বপূর্ণ। তিনি কোনও বহিরাগত ধর্মকে ঘৃণা করে প্রত্যাখ্যান করেননি, তাঁর প্রত্যাখান ছিল একান্তই আত্মসম্মান ও আত্মপরিচয়ের কারণে।",,,,,
"বহু সংগ্রাম ও ত্যাগের মধ্য দিয়ে, ২০০০ সালে যখন ঝাড়খণ্ড আলাদা গঠিত হয়, বিরসা মুন্ডাকে রাজ্যের প্রতীক হিসেবে বেছে নেওয়া হয়। তাঁর নামে বিশ্ববিদ্যালয়, বিমানবন্দর, স্টেডিয়াম, ডাকটিকিট— সব তৈরি হয়।",,,,,
"‘বিরসা মুন্ডা স্মারক উদ্যান’ তৈরি হলেও, সেই অঞ্চলের আদিবাসীরা প্রায়ই জমি হারাচ্ছে নতুন শিল্প প্রকল্পে। ",,,,,
ভারতীয় সঙ্গীতের জগৎটি গঠিতহয়েছে ধ্রুপদি ও আঞ্চলিক সংগীতধারার সংমিশ্রণে। ভারতীয় শাস্ত্রীয় সঙ্গীত দুটি ধারায় বিভক্ত – উত্তর ভারতের হিন্দুস্তানি শাস্ত্রীয় সঙ্গীত এবং দক্ষিণ ভারতের কর্ণাটিক সংগীত। ,,,,,
"আঞ্চলিক জনপ্রিয় সঙ্গীতের মধ্যে উল্লেখযোগ্য রবীন্দ্রসংগীত , হিন্দি ফিল্মি গান ও ইন্ডি-পপ এবং বাউল ও অন্যান্য বিভিন্ন প্রকার লোকসংগীত। ",,,,,
"ভারতের সঙ্গীত নাটক অকাদেমী দেশের আটটি নৃত্যকলাকে ধ্রুপদি ভারতীয় নৃত্য আখ্যা দিয়েছে। এগুলি হল তামিলনাড়ুর ভরতনট্যম, উত্তর প্রদেশের কত্থক , কেরলের কথাকলি ও মোহিনীঅট্টম , অন্ধ্রপ্রদেশের কুচিপুডি, মণিপুরের মণিপুরি , ওড়িশার ওড়িশি এবং অসমের সত্রিয় নাচ। এই নৃত্যশৈলীগুলি বর্ণনাত্মক ও পৌরাণিক ঘটনাকেন্দ্রিক।",,,,,
"ভারতীয় নাটকের বৈশিষ্ট্য হল সংগীত, নৃত্য ও তাৎক্ষণিক বা লিখিত সংলাপের যুগলবন্দী। এর বিষয়বস্তু কখনও পুরাণ থেকে, কখনও মধ্যযুগীয় প্রেমকাহিনিগুলিথেকে, কখনও আবার একালের সামাজিক ও রাজনৈতিক ঘটনাবলি থেকে গৃহীত।",,,,,
"ভারতীয় চলচ্চিত্র শিল্প সমগ্র বিশ্বের বৃহত্তম চলচ্চিত্র শিল্প। বাণিজ্যিক হিন্দি সিনেমা প্রস্তুতকারক বলিউড বিশ্বের সর্বাপেক্ষা সৃষ্টিশীল ফিল্ম ইন্ডাস্ট্রি। এছাড়াও বাংলা , কন্নড়, মালয়ালম , মারাঠি , তামিল ও তেলুগু ভাষায় ঐতিহ্যবাহী চলচ্চিত্র শিল্পের আছে।",,,,,
"ভারতের প্রাচীনতম সাহিত্য প্রথমে মৌখিকভাবে ও পরে লিখিত আকারে প্রচলিত হয়। এই রচনাগুলির মধ্যে উল্লেখযোগ্য বেদ , ভারতীয় মহাকাব্য রামায়ণ ও মহাভারত , নাটক অভিজ্ঞানশকুন্তলম্ ইত্যাদি সংস্কৃত সাহিত্যের ধ্রুপদী কীর্তিসমূহ এবং তামিলে রচিত সঙ্গম সাহিত্য ।",,,,,
ভারতীয় রন্ধনশৈলীর বিশেষত্ব হল বিভিন্ন বৈচিত্র্যপূর্ণ আঞ্চলিক রন্ধনপ্রণালী এবং ভেষজ ও মশলার অভিজাত প্রয়োগ। দেশের প্রধান খাদ্য ভাত (পূর্ব ও দক্ষিণ ভারতে) ও রুটি (মূলত উত্তর ভারতে)।,,,,,
"ভারতে পোষাকের ঐতিহ্য রং, ধরন ও জলবায়ুর মতো বিভিন্ন কারণে অঞ্চলভেদে ভিন্ন ভিন্ন। থানকাপড়ের পোশাক হিসাবে মহিলাদের ক্ষেত্রে শাড়ি ও পুরুষদের ক্ষেত্রে ধুতি বা লুঙ্গি বিশেষ জনপ্রিয়। এছাড়া সেলাই- করা পোষাকের মধ্যে মহিলাদের সালোয়ার-কামিজ ও পুরুষদের কুর্তা- পাজামা বা ইউরোপীয়-ধাঁচে ট্রাউজার্স ও শার্ট বিশেষভাবে প্রচলিত।",,,,,
"ভারতে উৎসব প্রকৃতিগতভাবে ধর্মীয়। যদিও অনেক ধর্ম ও জাতি নিরপেক্ষ উৎসবও পালিত হয়ে থাকে। দীপাবলি , গণেশ চতুর্থী , উগাদি , পোঙ্গল, দোলযাত্রা , ওনাম, দশেরা, দুর্গাপূজা , ঈদুল ফিত্র , ঈদুল আজহা , বড়দিন , বুদ্ধজয়ন্তী , বৈশাখী প্রভৃতি কয়েকটি জনপ্রিয় উৎসব।
",,,,,
টাঙ্গাইল শাড়ি' বাংলাদেশে বহুল পরিচিত একটি বিষয়। ঢাকার কাছে টাঙ্গাইল জেলার সাথে এর নাম জড়িয়ে আছে। কিন্তু সম্প্রতি ভারত দাবি করেছে 'টাঙ্গাইল শাড়ি' তাদের পণ্য। বিষয়টিতে বাংলাদেশে অনেকে বিস্ময় প্রকাশ করেছেন।,,,,,
"টিপু সুলতান (বা ফতেহ আলী সাহাব টিপুর জন্ম: ২০ নভেম্বর, ১৭৫০- মৃত্যু: ৪ মে, ১৭৯৯) ছিলেন ব্রিটিশ ভারতের মহীশূর রাজ্যের শাসনকর্তা। তিনি একজন বীর যোদ্ধা ছিলেন। ইংরেজদের বিরুদ্ধে তিনি বীরত্বসহকারে যুদ্ধ করেন। ",,,,,
"ণিপুরের রাজধানী ইম্ফালে শুরু হয়েছে চার দিনের জাতীয় জনজাতি চলচ্চিত্র উৎসব ও কার্নিভাল, যা জঞ্জাতিয়া গৌরব বর্ষ উদযাপন এর অংশ হিসেবে অনুষ্ঠিত হচ্ছে। ",,,,,
উৎসবে ৯টি রাজ্যের ২৩টি জনজাতি চলচ্চিত্র প্রদর্শিত হচ্ছে এবং ভারতের বৈচিত্র্যময় জনজাতি ঐতিহ্যকে চলচ্চিত্র ও সংস্কৃতির মাধ্যমে উদযাপন করা হচ্ছে।,,,,,
"মণিপুরের অতিরিক্ত মুখ্য সচিব অনুরাগ বাজপাই বলেছেন, উৎসবটি দেশের বিভিন্ন জনজাতি সম্প্রদায়ের চলচ্চিত্র, সংস্কৃতি এবং সৃজনশীল প্রকাশনা প্রচার ও উদযাপন করতে লক্ষ্য রাখে।",,,,,
ভারতে ইতিহাসচর্চার অনুকূলতা থাকলেও আধুনিক যুগে ইতিহাসচর্চা একেবারে ছিল না বা ভালো ছিল না। বিশেষ করে ইতিহাসচর্চার সূত্রপাত ঘটে মধ্যযুগের ইউরোপীয় ঐতিহাসিকদের লেখা গ্রন্থালয়ের প্রভাবে।,,,,,
অবশ্য বল্লভী যুগের শেষ ভাগস্থালী হওয়ার পর গ্রন্থে বৈজ্ঞানিক দিকটি জড়িত হয়েছে। তবে অনেকে মনে করেন ইউরোপীয় ইতিহাস চর্চার সঙ্গে বাংলার ইতিহাস চর্চার যোগসূত্র নেই।,,,,,
"ঐতিহাসিকদের মধ্যে ইতিহাসচর্চা ক্ষেত্রে যে বৈজ্ঞানিক দিক–বিচার, যৌক্তিক অনুসন্ধিৎসার সূচনা হয় তার মূলে ভারতীয় আধুনিক ইতিহাসচর্চার ও দিক-নির্দেশিতার অর্থাত্‍ প্রায় ৩০০ খ্রিস্টাব্দের পূর্বে ভারত ইতিহাসের ইতিহাসচর্চার অনেক উপকরণ ও তথ্য থাকা সত্ত্বেও বিদ্যা ও বিজ্ঞানের অভাবে ইতিহাসচর্চার সমৃদ্ধির সুযোগ সম্পূর্ণ অভাব দেখা যায়।",,,,,
"টীকা, আখ্যান রচিত অলংকরণ, ট্রট প্রবুর বিষয় পণ্ডিতগণ ভারতীয় ঐতিহাসিক এই ধরণের কথা ব্যবহার করে থাকেন।",,,,,
আমাদের ধারণা ইতিহাস ও জনশ্রুতির মধ্যে পার্থক্যজ্ঞানের অভাব থাকায় ভারতীয়গণ ইতিহাসকে ইতিহাস লেখার প্রণালী সম্পর্কে পরিচিত ছিলেন না।,,,,,
"ভারতের জনপ্রিয় উৎসব, আসলে ভারতবর্ষের দৈনন্দিন জীবনে ধর্ম ও আধ্যাত্মিকতা এমনভাবে মিশে আছে, যেন জীবন আর উৎসব একে অপরের পরিপূরক। হিন্দু, মুসলিম, শিখ, খ্রিস্টান, জৈন—বিভিন্ন ধর্ম ও সংস্কৃতির মানুষ একসঙ্গে মিলেমিশে বসবাস করেন এবং নিজেদের বিশ্বাস অনুযায়ী বিভিন্ন উৎসব পালন করেন। ফলে প্রায় প্রতিটি মাসেই দেশের কোনো না কোনো প্রান্তে চলে উৎসবের আনন্দ।",,,,,
"সাধারণত সেপ্টেম্বর থেকে জানুয়ারি পর্যন্ত সময়টা ভারতের উৎসব-ঋতু হিসেবে পরিচিত। যদি আপনি ভারত ভ্রমণের পরিকল্পনা করে থাকেন, তাহলে এই সময়ে আসার চেষ্টা করুন—এই সময় দেশজুড়ে রঙ, রীতি ও রসনার এক মহোৎসব চলতে থাকে।",,,,,
"এই পবিত্র রাতে ভক্তরা উপবাস করে শিবমন্দিরে যান এবং শিবলিঙ্গে দুধ, দই ও মধু নিবেদন করেন। সারা রাত ধরে চলে ভজন ও পূজা। হিমাচলের মান্ডিতে ভূতনাথ মন্দিরে এই উৎসব উপলক্ষে সপ্তাহব্যাপী মেলা বসে। এছাড়া উত্তরাখণ্ডের ঋষিকেশ ও অসমের গুয়াহাটিতেও মহাশিবরাত্রির বিশেষ আয়োজন থাকে।",,,,,
"হোলি মানেই রঙ, মজা আর বন্ধুত্বের উল্লাস। কৃষ্ণ ও রাধার প্রেমের প্রতীক এই উৎসবে সবাই গুলাল বা আবির ছিটিয়ে, পিচকারি দিয়ে জল ও রঙ ছিটিয়ে একে অপরকে রঙে রাঙিয়ে দেয়। ",,,,,
"এক মাস উপবাসের পর ঈদের দিন শুরু হয় প্রার্থনা ও উৎসবের মাধ্যমে। সকালে ঈদের নামাজ পড়া হয় এবং দরিদ্রদের জন্য ‘জাকাত-আল-ফিতর’ প্রদান করা হয়। খাওয়া-দাওয়ার অংশে থাকে সুস্বাদু ‘শির খুরমা’ ও ‘সেভাইয়া’, যেগুলো দুধ, সেমাই ও শুকনো ফল দিয়ে তৈরি।",,,,,
"রঙালী বিহু হল অসমের নববর্ষ ও ফসল তোলার উৎসব। সাত দিন ধরে চলে এই বিহু উৎসব, যেখানে মানুষ পরিধান করেন তাদের ঐতিহ্যবাহী পোশাক, নাচ-গানের মাধ্যমে আনন্দ করেন। বিহু নাচ, লোকগান আর ভোজনেই মেতে ওঠে সবাই। ",,,,,
"কেরালার সবচেয়ে জনপ্রিয় উৎসব ওনম ধর্ম বা জাতিগত সীমারেখা ছাড়াই সবার মধ্যে উদযাপিত হয়। এই দশদিনের ফসল তোলার উৎসবটি প্রাচীন রাজা মহাবলিকে উৎসর্গ করা হয়েছে, যিনি ওনমের দিনে তাঁর প্রভুকে পরিদর্শন করার জন্য অভিহিত হন। ",,,,,
"জন্মাষ্টমী (অথবা গোকুলাষ্টমী) উৎসবটি জন্মাষ্টমী নামে পালন করা হয়, যা প্রভু কৃষ্ণের জন্মদিবস। বলা হয়, কৃষ্ণ অর্ধরাত্রিতে জন্ম গ্রহণ করেছিলেন, এজন্য ভক্তরা রাত ভর জাগরণ করেন, প্রার্থনা পাঠ করেন এবং ভজন (ধর্মীয় গান) গান।",,,,,
"আফ্রিকাকে কেন এখনও এই চ্যালেঞ্জের মুখোমুখি হতে হচ্ছে? বিশ্লেষকরা বলছেন, আবহাওয়ার ক্রমাগত পরিবর্তন আর চলমান ইউক্রেন যুদ্ধের কারণে বিশ্ব বাণিজ্যে স্থবিরতা নেমে আসায় সমস্যা কাটিয়ে উঠতে পারছে না দেশগুলো।",,,,,
"সোমালিয়ার রাজধানী মোগাদিসুর একটি শরণার্থী শিবিরে বসবাস করেন পাঁচ সন্তানের জননী নাদিফা আইস্যাক। তার তিন সন্তানই ভুগছে রক্তশূন্যতা, রিকেটসসহ নানা অপুষ্টিজনিত রোগে। প্রয়োজনীয় ওষুধ তো দূরের কথা, তিন বেলা খাবার জোটাতেই হিমশিম অবস্থা পরিবারটির।",,,,,
"সোমালিয়ার এক নাগরিক বলেন, ‘আমরা শুধু বিভিন্ন শিবিরে অস্থায়ী হয়ে বসবাস করি। ঘরে কোনো খাবার নেই যে ওদের খেতে দেব। ওষুধের কথা তো আমরা চিন্তাই করতে পারি না। খরার কারণে গবাদি পশুগুলোও মারা গেছে। চরম দুর্দিন পার করতে হচ্ছে আমাদের।’",,,,,
"পরে আরব, মধ্য এশিয়া, এবং মুগল সাম্রাজ্যে এবং অন্যান্যদের আগমন ভারতীয় রান্নার উপর গভীর ও মৌলিক প্রভাব ফেলেছিল। ইসলামিক শাসনকালে শাখাগুলি সমৃদ্ধ ঝোল, পিলাফ এবং অ নিরামিষভোজী খাবার যেমন কাবাব প্রচলিত হয় যার ফলে মুঘলাই রন্ধনশৈলী গড়ে ওঠে।",,,,,
"সোমালিয়ার এক বিশিষ্ট নাগরিক বলেন, ইউক্রেন যুদ্ধ শুরুর পর থেকেই অস্থির বিশ্ববাজার। আমদানি-রফতানি বন্ধ থাকায় দেশে দেশে দেখা দিয়েছে খাদ্যসংকট। ",,,,,
আফ্রিকা মহাদেশের দক্ষিণাঞ্চলের দেশগুলোর প্রায় ৬ কোটি ৮০ লাখ মানুষ এল নিনো ধাঁচের আবহাওয়ার কারণে সৃষ্ট খরায় ভুগছেন। এর ফলে ওই অঞ্চলজুড়ে ফসলের আবাদ নিশ্চিহ্ন হয়ে গেছে। ,,,,,
চলতি বছরের গোড়ার দিকে শুরু হওয়া এই খরায় এসএডিসির দেশগুলোতে ফসলের আবাদ ভয়াবহভাবে ক্ষতিগ্রস্ত হয়েছে। এমনকি গবাদিপশুর প্রজননও ব্যাহত হয়েছে। এর ফলে ওই অঞ্চলে খাদ্য ঘাটতি ও অর্থনীতির ওপর মারাত্মক প্রভাব পড়েছে।,,,,,
গত কয়েক বছরের মধ্যে আফ্রিকার দক্ষিণাঞ্চলে সবচেয়ে ভয়াবহ খরা দেখা দিয়েছে চলতি বছর। পূর্ব প্রশান্ত মহাসাগরে পানির অস্বাভাবিক উষ্ণতা ও গ্রিনহাউস গ্যাস নির্গমনের কারণে গড় তাপমাত্রা বেড়ে যাওয়ায় বৈশ্বিক আবহাওয়ার এই ধরনে পরিবর্তন ঘটেছে।,,,,,
আপাতত খাদ্য সহায়তা প্রদানের পরিকল্পনা করছে সংস্থাটি। আর কিছু ক্ষেত্রে সরাসরি অর্থ সহায়তা দেওয়ার বিষয়টিও বিবেচনাধীন রয়েছে। যেমন পরবর্তী মার্চে ফসল ওঠার আগ পর্যন্ত মারাত্মক ক্ষতিগ্রস্ত সাত দেশের প্রায় ৬৫ লাখ মানুষ অর্থ সহায়তা পেতে পারেন।,,,,,
"ফসল নষ্ট হয়ে গেছে। অসংখ্য গবাদিপশু মারা গেছে। অবস্থা এতোটাই সংকটাপন্ন যে, দিনে একবেলা খেতে পেলে সেই শিশু ভাগ্যবান। পরিস্থিতি যথেষ্ট ভয়াবহ। পদক্ষেপ নেওয়ার প্রয়োজনীয়তা এতোটা স্পষ্টভাবে আগে দেখা যায়নি।",,,,,
"বিন্তা ফুড সিস্টেম অ্যাডভোকেট হিসেবে ফোনিও নামের প্রাচীন শস্য জনপ্রিয় করতে বেশ সক্রিয়৷ কিন্তু এই শস্যের প্রতি তাঁর বিশ্বাসের কারণ কী? ফাতমাতার মতেস ‘‘এটি অত্যন্ত পুষ্টিকর, খরা প্রতিরোধী, অত্যন্ত সহজে বেড়ে ওঠে৷ খুব বেশি পানিরও প্রয়োজন হয় না৷ ",,,,,
"কিন্তু শেফ বিন্তা কেন ফুলানি রন্ধনপ্রণালী বিশ্ববাসীর কাছে তুলে ধরতে আগ্রহী? কেনই বা তিনি সেই অভিজ্ঞতাকে ‘ডাইনিং অন এ ম্যাট' বলেন? ফাতমাতা বলেন, ‘‘এটা আফ্রিকার প্রাচীন সংস্কৃতি৷ আমার মতে, মানুষ এভাবে বসে৷ আড়ষ্টতা ঝেড়ে ফেলে খেতে বসে এবং পরস্পরের মধ্যে ভাবের আদানপ্রদান করে৷ মেঝেতে বসে হাতে করে খেলে কোনো চাপ থাকে না৷ ",,,,,
"ইউনিসেফের আঞ্চলিক পরিচালক রানিয়া দাগেশ বলেন, যে তহবিল আমরা পাই তা খুবই অপ্রতুল। প্রাকৃতিক দুর্যোগ আর অভ্যন্তরিন সংঘাতের কারণে খাদ্য সংকটতো ছিলোই। তারপর চলছে রুশ-ইউক্রেন যুদ্ধ। ফলে একদিকে বেড়েছে জ্বালানির দাম অন্যদিকে বেড়েছে খাবারের দাম।",,,,,
ক্ষুধার্ত হাজার হাজার মানুষের খাদ্যের ব্যবস্থা করতেই হাতি হত্যার অনুমতি দেওয়া হয়েছে। হত্যার পর এসব হাতির মাংস নাগরিকদের মাঝে বিতরণ করা হবে।,,,,,
এল নিনোর-প্রভাবে উদ্ভুত খরা দক্ষিণ আফ্রিকা অঞ্চলের ফসল উৎপাদন মারাত্মকভাবে ক্ষতিগ্রস্ত করেছে। অনেক এলাকায় ফসলের মাঠগুলো ধু ধু মরুভূমির মতো হয়ে গেছে। তীব্র খরা প্রায় ৭ কোটি মানুষকে প্রভাবিত করেছে এবং সমগ্র অঞ্চলজুড়ে খাদ্য ঘাটতি সৃষ্টি করেছে।,,,,,
"পূব থেকে পশ্চিম, উত্তর থেকে দক্ষিণ আফ্রিকার যে স্থানেই বেড়াতে যান না কেন, খাবারগুলো চেখে দেখতে ভুলবেন না। ওই খাবারের টানেই হয়তো বারবার যেতে চাইবেন মহাদেশটির একপ্রান্ত থেকে আরেক প্রান্তে। লেখাটি কেবলই ভ্রমণপ্রিয় ও অ্যাডভেঞ্চারপ্রিয় ভোজনরসিকদের জন্য।",,,,,
"নিরামিষ খাবারটিতে রয়েছে ডাল, বিট ও সবুজ শাকসবজি। ইনজেরা দিয়ে সার্ভ করা হয় বেয়েনাতু। ভাগাভাগি করে খেতে এর জুড়ি মেলা ভার। স্বাস্থ্যকর ও সুস্বাদু খাবার এটি।",,,,,
"পন্ডু কঙ্গোর ঐতিহ্যবাহী খাবার। কাসাভা পাতা, পেঁয়াজ, মরিচ ও পাম তেল দিয়ে তৈরি। সাদা ভাত ও লেবু দিয়ে মাখিয়ে খেয়ে দেখুন, স্বাদ লেগে রইবে অনেকদিন। বিখ্যাত খাবার এটি। হয়তো তাই প্রতিবেশী দেশ রুয়ান্ডায়ও রান্না হয়।",,,,,
কিটফো মসলাদার কাঁচা গরুর মাংসের ডিশ। ইথিওপিয়ার মসলা মিমিতা (মরিচের গুঁড়া) ও নিটের কিবেহ মেশানো হয় এতে। রোল করা রুটি দিয়ে খাওয়া হয়। এছাড়া অনেক ধরনের খাবারের সঙ্গে খাওয়া হয়। নাইজেরিয়াতেও জনপ্রিয় কিটফো।,,,,,
ওয়েজা ওয়া মূলত তানজানিয়ার আধা-স্বায়ত্তশাসিত অঞ্চল জাঞ্জিবারের খাবার এটি। এতে রয়েছে রান্না করা অক্টোপাস। লেবুগাছের নানা অংশ ও নারকেলের দুধ দিয়ে রান্না করা হয়। সামুদ্রিক খাবার খেতে পছন্দ করেন এমন মানুষের আদর্শ খাবার এটি।,,,,,
ক্যারাংয়ুজো ই কোকো  কাঁকড়ার নরম তুলতুলে মাংসের পদ। রান্না করা হয় মিষ্টি নারকেল দুধ দিয়ে। ঝোলঝোল করে পরিবেশন করা হয়।,,,,,
ডোরো ওয়াট মুরগির ডিশ। মাখন ও জ্যাম দিয়ে পাকানো হয়। সঙ্গে থাকে নানা ধরনের মসলা। ধৈর্য ও দক্ষতা ছাড়া এ খাবার রান্না করা সম্ভব নয়। দেশটির অন্যতম মুখরোচক ও বহুলচর্বিত খাবার এটি। ছুটির দিন ও বিভিন্ন ইভেন্টে পরিবেশন করা হয়।,,,,,
"বানি চোও রুটি, পাউরুটি ও মাংসপ্রিয়দের কাছে ভীষণ জনপ্রিয় বানি চোও। ঝোল ও নানা ধরনের মসলা বিশেষ কায়দায় রুটির ভেতরে দিয়ে বানানো হয় খাবারটি। দক্ষিণ আফ্রিকার বেড়াতে গেলে চাখতে ভুলবেন না।",,,,,
আফ্রিকার যে স্মৃতি আমার কাছে বেশি মনে পড়ে তা হল রাতের বেলা ক্যাম্পফায়ারের আলোতে বসে থাকা।তখন মাত্র কচি জেব্রার ঝলসান মাংস দিয়ে রাতের খাবার শেষ করেছি। হাতে মগ ভর্তি গরম কফি বা চা।,,,,,
কেউ কেউ পাইপে আগুন ধরাছে। আমরা আগুন থেকে খানিক দূরে বসেছি। আগুনের দিকে পিঠ ফেরান। এই সময়টা সবাই চুপ চাপ থাকত। যতক্ষণ না কাপ খালি না হয়।,,,,,
তখন একজন একটা মন্তব্য করলেই আড্ডার কুমড়োটা গড়ানো শুরু হত।,,,,,
"ক্যারি বসেছে একটা গাছের গুড়ির সাথে ঠেস দিয়ে।মুখে লাউয়ের খোলার পাইপ।ধুমপান করছে। খানিকটা ধোয়া মেঘের মত জমে আছে মুখের সামনে।
এইলকা নিজের পা দুটো ক্রস করে বসেছে। ওর মুখে পাইপ। টানছে।",,,,,
আমি বসেছি খানিক দূরে । আমার রাইফেলটা পরিষ্কার করছি। আর কাজের ফাকে ফাকে ঝলসানো ভুট্টার মধ্যে কামড় বসাছিলাম। আচ্ছা করে মাখনের প্রলেপ দেয়া হয়েছে ভুট্টাটার মধ্যে।,,,,,
আবাসুকু বসেছে বেশ খানিক দূরে। পিচ্চি করে নিজের জন্য আগুনের কুণ্ড বানিয়েছে সে। একটা তাওয়া বসিয়ে রেখেছে জ্বলন্ত কয়লার উপর। কচি একটা জলহস্তি মেরেছে বিকেলে। ওটার কিছু মাংস তাওয়াতে ভাঁজছে।,,,,,
"ধীরে ধীরে চিবুচ্ছে আর চারিদিকে নজর বোলাচ্ছে। আপাতত মনে হয় নিজের খাওয়া নিয়ে ই ব্যস্ত। কিন্তু আমি জানি রাতের একটা শব্দও ওর কান এড়িয়ে যাবে না। বহু দুরে সাপের কামড় খেয়ে ইদুর মারা যাচ্ছে, বা ছিমছাম বাতাসে পোকা উড়ে যাবে, বা কাছের নদীতে একটা জলহস্তি ঝুপ করে নামল সেই শব্দ ও ওর কানে আসবে। জুলু ব্যাটা।",,,,,
আফ্রিকা হছে পৃথিবীর সবচেয়ে বড় মাংসের ভাঁড়ার ঘর। মুরগি আর বুনো পশু থেকে প্রচুর মাংস পাওয়া যায়।,,,,,
ধরা যাক খানিক মাংস রান্না করতে গেলে আমরা শুধু সেদ্দ করছি তো করছি ই।যত ভাল সেদ্দ মাংসের স্বাদ তত ভাল হবে এই আশায় বসে থাকি।,,,,,
আর ভাল মত রান্না করতে পারলে সব কিছুই খেতে দারুন লাগে। সেটা হোক হাতির মাংস বা গিরগিটির মাংস ।রান্নাার সাধারণ নিয়ম গুলো কোটি কোটি মানুষ জানে না। অথচ তারা প্রতিদিন ই রান্না করছে।,,,,,
"ধরা যাক খানিক মাংস রান্না করতে গেলে আমরা শুধু সেদ্দ করছি তো করছি ই।যত ভাল সেদ্দ মাংসের স্বাদ তত ভাল হবে এই আশায় বসে থাকি।
কিন্তু শেষ মুহুতে মাংসে কিছু সবজি গোল মরিচ আর লবণ দিলে স্বাদ অনেক বদলে যায়। আর এই সব দেয়ার পর মাত্র ১০ মিনিট সেদ্দ করতে হবে।",,,,,
"হাতির মাংস খেতে ভাল, তবে হাতির শুড় সবচেয়ে মজার । মসলা দিয়ে রান্না করলে ভালই লাগে। হাতির পা সাধারণ মাংসের মতই রান্না করা হয়। অনেক সময় লাগে রান্না করতে। কেমন আঠালু। স্বাদহীন। একদম ফালতু।",,,,,
আমি বেশির ভাগ আফ্রিকার খাবারের রেসিপি পেয়েছি আমালিতা নামে এক কালো বাবুচির কাছে। এিশ বচ্ছর ধরে রান্না করছে বেচারা। বেশির ভাগ সময় সরকারি অতিথীশালায় রান্না করত ।,,,,,
"বড় বুনো মুরগি, বাচ্চাউটপাখি,জংলা হাঁস এগুলোর পেটের ভেতরে সসেজের টুকরো, ভুট্টার দানা, আর আলুভত্তা ভড়ে আগুনে ঝলসে খেতে দারুন। অল্প আঁচে সময় নিয়ে ঝলসাতে হবে।",,,,,
সারা পৃ থিবীতে দুই ধরনের কারি মারাত্নক রকম জনপ্রিয়। ইনডিয়ান কারি আর মালাই কারি। চিঙড়ি দিয়ে দারুন মালাই কারি হয়। কিন্তু আফ্রিকায় সহজে চিংড়ি পাওয়া যায় না। তবে পেলেই খাওয়া হত।,,,,,
"সব ধরনের মাংস দিয়েই তরকারি রান্না করা যায়।, বুনো দাঁতাল শূয়র, বুনো মোষ, জেব্রা, বড় শিংওয়ালা অ্যানটিলোপ, ভেরা, মোদ্দা কথা আফ্রিকান সব বুনো প্রাণী দিয়েই তরকারি রান্না করা যায়।",,,,,
"বেশির ভাগ আমেরিকান সাফারিতে এসে ভেড়া, গরু, বাছুর আর শূয়রের মাংস খেতে পছন্দ করে।ইটালিয়ান, পতুগিজ আর স্প্যানিশরা যা পায় তাই খায়। কোন বাছ বিচার নেই। ফরাসীরা সে সবই খায় যে গুলোর স্বাদ আসল সবাদের চেয়ে ভিন্ন । জার্মানরা সব খায়। যদি রান্নাটা ভাল হয়। গ্রিক আর রাশিয়ানরা সবই খায়। আর সব সময় ওদের খিদে লেগেই আছে।",,,,,
আফ্রিকান রাত দারুন মায়াবী । সুন্দর বাতাস বইত। সরসর করে লম্বাঘাস গুলো বাতাসে দুলতে থাকত। সেই বাতাসে মাংস পোড়া দারুন চনমন করা ঘ্রান আর ধোঁয়া ভেসে যেত খদ্দেরের নাকে। কয়লার আগুনে দেখতাম ওদের চোখ খিদেয় ঝিকিমিকি করছে।,,,,,
"আমেরিকানদের আরও একটা মজার অভ্যাস হল বারবিকিউ করার সময় ঝলসান ভুট্টা খাবেই খাবেই।কেন কে বলবে?
দ্বিতীয় জিনিসটা হল আনতিলোপের ঝলসানো মাংস। ওদের চাই ই চাই।",,,,,
যে কোন বারবিকিউ মাংসের জন্য দরকার ভাল বারবিকিউ সস। সস ভাল হয়ে বারবিকিউয়ের স্বাদ ভাল হবে। আফ্রিকান রান্নায় মাসরুম থাকে। কারন এখানে জঙ্গলে সারা বছরই নানা জাঁতের নানান রঙের মাশরুম পাওয়া যায়।,,,,,
কফি হয় এখানে। প্রচুর। মনে মনে। এই কফি চলে যায় সারা দুনিয়াতে। নাম করা ব্র্যান্ডের প্যাকেট মুড়ে বের হয়। কালো আফ্রিকান যারা ওরা চা আর কফি দুটোই প্রচুর গিলে। সকাল বা রাত কোন ব্যাপার না। উগান্ডাতে দুধ চা কে ওরা বলে ' চায়ে'। ইনডিয়ানদের কাছ থেকে শিখেছে। নইলে ওরা লাল চা ই বেশি খায়।,,,,,
উগান্ডার একদম নিঝুম গ্রামে গেলে ও আপনি চা পাবেন। আমি লেক ভিক্টরিয়ার আশে পাশের কিছু গ্রামে ছিলাম। সন্ধের পর দারুন শীত পড়ে। বিশ্বাস ই হয় না এটা আফ্রিকা।,,,,,
"তার আগে ঢাউস এক কাপ কফি। টিনের হলুদ মগে করে চা দিত। জেলখানায় এমন মগ ব্যাবহার করা হয়।ক্যাফে খালি। মাত্র ২/৪ জন খদ্দের।
বাইরে দারুন হাওয়ার রাত। কত পোকামাকড়ের শব্দ। । শনশন বাতাসের শব্দ। কেমন একটা বুনো ঘাসের ঘ্রান। আকাশ ভতি অযুত লক্ষ তারা। এত তারা পৃথিবীর আর কোথাও পাবেন না আপনি। এ যে আফ্রিকা। আদিম। বুনো।মায়াবী।",,,,,
দিনের পর দিন কলা সেদ্দ খেয়ে থাকে উগান্ডার আদিবাসিরা। একে বলে মাটোকো। কলা খোসা ছাড়িয়ে সেদ্দ করে গুতিয়ে ভত্তা বানান হয়। দেখতে হলুদ আঠালো গ্রিজের মত লাগে। খুব বিপদে পড়ে ২/১ বার খেয়ে দেখিছি।,,,,,
"চিকবু থেকে ওল্ড কাম্পালা ফেরার পথে দেখতাম রাস্তার মোড়ে মোড়ে ফেরিওয়ালা ঝালমুড়ির মত কি যেন বিক্রি করছে। কাগজের প্যাচান কোন ভর্তি করে। কি জিনিসটা? কাছে গিয়ে দেখি ঘাস ফড়িং।ঠ্যাং আর পাখা ফেলে দিয়ে মসলা দিয়ে তেলে ভেজে বিক্রি করছে, সাথে পেয়াজ কুঁচি।",,,,,
দিনের পর দিন আমি এই সেদ্দ শিমের দানা খেয়েছি।খারাপ লাগেনি।সাথে আটার রুটি।রুটিকে চাপাতি বলে। ইনডিয়ানদের কাছে শিখেছে এটা।,,,,,
"আলু ভাঁজা। শুনতে যত সাধারন মনে হয়, আফ্রিকায় তত সাধারন একটা খাবার নয়। সবাই খায় এটা। সব জায়গাতেই পাওয়া যায়। অভিজাত হোটেল হতে গ্রামের পথের দোকান গুলোতেও। পটেটু চিপস বলে। বিশাল আলুগুলোর খোসা ছড়িয়ে লম্বা ফালি করে কেটে ডুবো তেলে ভেজে পরিবেশন করা হয়।",,,,,
"আফ্রিকায় যাবেন আর তেলাপিয়া খাবেন না তা কিন্তু হয় না। অনেকটা দিল্লিতে গিয়ে দিল্লির লাডডু না খাওয়ার মতই। বিশেষ করে কেনিয়া, উগান্ডা আর তানজানিয়ার লোকজন তো তেলাপিয়া খেয়েই বেঁচে আছে।",,,,,
"লেক ভিক্টোরিয়ার আশেপাশে প্রচুর হোটেল আর ক্যাফে গজিয়ে উঠেছে, এরা সারা বছর দারুন ব্যাবসা করে।",,,,,
"এ দিকে মুস্তাফা বকবক করেই যাছে। এই কালোদের একটা বাজে স্বভাব হচ্ছে এরা প্রচুর কথা বলে। এমন বাচাল
জাতি আর দেখিনি আগে।",,,,,
"মাত্র পনের মিনিট পর প্লেটে করে চলে এল তেলাপিয়া। সাইজ দেখে পিলেটা চমকে গেল।আধহাত লম্বা ।প্লেটের
বাইরে লেজ ঝুলছে। প্লেটের আকার ও মারাত্নক। ভাজা মাছের পাশে সুন্দর করে রাখা আছে লম্বা করে কাটা আলু ভাঁজা। হলুদ ২ টুকরো লেবুর ফালি।",,,,,
মাছের উপর মাখান হয়েছে ঘন লালচে কমলা রঙের অচেনা এক সস। অদভূত লোভনীয় ঘ্রান আচ্ছিল।জানতে পারলাম ঐ সসটার নাম চিলি-গালিক সস। ,,,,,
"পরিবেশের কারনে খাবারের স্বাদ আগাল বাগাল হয়। সিডনি শহরে এই তেলাপিয়া মাছ ভাজা সস্তা থাইল্যান্ডি
রেস্তুরেন্ট গুলোতে শুধু বিক্রি হয়। স্বাদ জঘন্য। কিন্তু লেক ভিক্টরিয়ার মাঝে এক নিঝুম দ্বীপে এর স্বাদ অন্য রকরম।",,,,,
পুইশাঁকের মত শ্যাওলাগুলো সৈকতে এসে পরে আছে। ঠাণ্ডা হিম বাতাস ভেসে আসছে দূর থেকে। লম্বা দীঘল ঘাসগুলো শনশন করছে। খেয়ে ফেলা অধেক বিস্কুটের মত চাঁদটা ঝুলে আছে আকাশে।,,,,,
"আফ্রিকান সোহালিলি ভাষার গান। আগামাথা কিছুই বুঝতে পারছিলাম না। তবে সুরটা দারুন।
আমার সামনে প্লেট ভর্তি রাক্ষুসে সাইজের তেলাপিয়া। একটু একটু করে ভেঙ্গে মুখে দিচ্ছি।",,,,,
"লেক ভিকটরিয়ার আশেপাশের গ্রামগুলোতে বাদাম সেদ্দ করে বিক্রি করে। জীবনের প্রথম দেখলাম।এবং খেলাম।
দাম কত সস্তা। বিশাল পাত্রে লবন দিয়ে সেদ্দ বসিয়ে দেয় বাদামগুলো। খাবার সময় মনে হল বিচিত্র স্বাদের মটরশুঁটির দানা খাচ্ছি।",,,,,
"উগান্ডায় প্রচুর আঁখ হয়। সাইজ দেখলে বাঁশ লজ্জা পাবে। ফলে চিনির উৎপাদন দারুন। বস্তা ভর্তি চিনি চলে যায় সুদান, কেনিয়া আর বতসোয়ানাতে। কাউল্লা গুলো চিনি পছন্দ করে। এক কাপ চায়ে ৪ থেকে পাঁচ চামচ চিনি ও নেয়।",,,,,
"মুরগিকে ওরা বলে কুরু। অদ্ভুত নাম। এখানে মুরগি খাওয়া দারুন বিলাসের ব্যাপার। কারন মুরগি পালতে গম, ভুট্টা এই রকম শস্য দানা লাগে যে। পাবে কোথায়?",,,,,
হান্টার চয়েজ নামে কেনিয়ান একটা ব্র্যানডি দারুন চলত। খুব পুরানো এই হান্টার চয়েজ। পুরানো দিনের শিকারিরা এটা ছাড়া অচল। অনেক বিখ্যাত শিকারি নাকি পছন্দ করতেন এই বোতলটা। রঙটা মধুর মত।ঝাঝাল স্বাদ।,,,,,
কলা পচিয়ে আর ভুটটা পচিয়ে ও মদ বানায়। গ্রামের পুরুষ মানুষ গুলো তো অকর্মা। সরাইখানায় বসে বসে মদ গিলে। মহিলা আর বাচ্চা গুলো খুব পরিশ্রম করে। সারা দিন মাঠে কাজ করে।,,,,,
"রান্না কয়লার আগুনে হয়। কাজেই দারুন চনমন করা একটা সুঘ্রান থাকে খাবারে। পাহাড়ি গ্রাম গুলোতে সন্ধের
পর শীত পরে ।",,,,,
"ভুট্টার ময়দা জ্বাল দিলে ফুলে ফেঁপে কিম্ভুত একটা দলা হয়, দেখতে হালুয়ার মত। ওরা বলে পুষো। ভাতের বিকল্প
জিনিস। শিমের দানা দিয়ে খেতে ভাল । এই খায় ওরা। ভিকটোরিয়া লেকের পাশে যারা থাকে ওরা মাছ খেতে পায়। যারা দুরে থাকে তারা আত্নীয় স্বজনদের মাছ নিয়ে ফিরতে বলে।",,,,,
প্রেসিডেন্ট থাকার সময় ব্যক্তিগত শেফ জোলিশওয়া নদোইয়া ম্যান্ডেলার জন্য খাবার রান্না করতেন। পাঁচ বছর পর ক্ষমতা থেকে সরে যান ম্যান্ডেলা। কিন্তু নদোইয়ার খাবার তাঁর খুবই পছন্দ হয়ে যায়। ,,,,,
মাদিবা বিশ্বের প্রখ্যাত ব্যক্তি হলেও তাঁর পছন্দ ছিল খুব সাদামাটা। দক্ষিণ আফ্রিকার ঐতিহ্যবাহী খাবারগুলো খেতেই তিনি পছন্দ করতেন। ,,,,,
"রাশিয়ায় প্রচলিত সাধারণ খাবারগুলো খেলেও ম্যান্ডেলার পছন্দের তালিকায় বেশ কিছু বৈচিত্র্যপূর্ণ খাবারও ছিল। পিনাট বাটার, রাশিয়ার বিশেষ সবজি স্পিনিচের স্যুপ পছন্দ করতেন তিনি।",,,,,
"কাসাভা। এক ধরনের শক্ত কান্ড ওয়ালা গাছ। কোন কোন দেশে এটাকে ""টাপিওকা"" বলেও ডাকা হয়। এই গাছের (এটা গাছ নাকি গুল্ম সেটাও নিশ্চিত নই) শেকড় থেকে এক আশ্চর্য পাউডার তৈরী হয় যেটা পৃথিবীর তৃতীয় সর্বোচ্চ কার্বোহাইড্রেট সরবরাহের উৎস।",,,,,
"সাংবাৎসরিক ফসল হিসেবে দক্ষিন আমেরিকা, আফ্রিকা এবং এশিয়ার বিভিন্ন দেশে ব্যাপক ভাবে কাসাভার চাষ হয়ে থাকে। কান্ডের মধ্যকার স্পোর থেকে মূল গাছ জন্মায়। স্পোর লাগানোর পর ফসল আহরণের জন্য সাধারনতঃ এক বৎসর সময় লাগে।",,,,,
"বাংলাদেশে গ্লুকোজ উৎপাদনের জন্যই কাসাভা চাষ হয় বলে আমি জানতাম। দেশের বাইরে কাসাভার সাথে পরিচিত হই ২০০৬/৭ সালে কেনিয়াতে। তারপর মিশর, সুদান, নাইজেরিয়া এবং উগান্ডা সহ আফ্রিকার বিভিন্ন দেশে এই কাসাভার ফল এবং পাউডার (আমি এটাকে কাসাভা ময়দা বলবো) দেখেছি। ",,,,,
"কাসাভা খেয়ে দেখেছি। প্রথমতঃ শুকানোর প্রক্রিয়াতে সঠিক যত্ন না থাকাতে প্রচুর ধুলা বালি মেশানো থাকে। দ্বিতীয়তঃ স্বাদ একেবারেই আহামরি কিছু নয়। আমাদের দেশের আটা শুধু মাত্র পানিতে সিদ্ধ করে কাই করে নিলে যেরুপ স্বাদ হবে, অনেকটা সেরকমই স্বাদ।",,,,,
কাসাভা দিয়ে চোলাই মদ তৈরী হয় দেদার। ছাল ছাড়ানোর পর একটু পিষে তারপর পানিতে চুবিয়ে রাখলে (সাথে ইস্ট যোগ করতে হবে অবশ্যই) ৭-১০ দিনের ভেতরই ফার্মেন্টেড হয়ে যায়। এরপর সরাসরি অথবা পাতন প্রণালী করে চোলাই মদ তৈরী হয়। গন্ধ অত্যন্ত বাজে। স্বাদ ও খুব ভাল হবে না বলেই ধারণা।,,,,,
"আফ্রিকার অধিকাংশ দেশে কাসাভাই একমাত্র প্রধান খাদ্য (ষ্টেপল ফুড)। হাটে-বাজারে, গ্রামে –গঞ্জে যেখানেই গিয়েছি সেখানেই দেখেছি কাসাভা, কাসাভার ময়দা এবং তৈরী খাবার। ",,,,,
"দক্ষিণ এশিয়ার বিভিন্ন দেশে যেমন বিরিয়ানি নিয়ে রেষারেষি রয়েছে, আফ্রিকার পশ্চিমের দেশগুলির মধ্যেও এক ধরনের বিরিয়ানি নিয়ে বিবাদ রয়েছে৷ বিশেষ করে নাইজেরিয়া ও ঘানা সেরা রান্নার দাবি করছে৷",,,,,
আফ্রিকায় কে সবচেয়ে ভালো জলোফ তৈরি করতে পারে? নাইজেরিয়ার মানুষের মনে সে বিষয়ে কোনো দ্বন্দ্ব নেই৷ নিজেদের রন্ধনশৈলি নিয়ে তারা বেশ সন্তুষ্ট৷,,,,,
জাস্ট জলোফ রেস্তোরাঁ জলোফ রাইসে হাত পাকিয়েছে৷ কাঠের আগুনেও সেটি রান্না করা যায়৷ সেটাকে ফায়ারউড জলোফ বলা হয়৷ সেই ভাতের মধ্যে স্মোকি ফ্লেভার পাওয়া যায়৷,,,,,
আমার কাছে বড় হওয়ার সময়ে জলোফ রাইস মূলত উৎসবের সময়ে খাওয়া হতো৷ আজকাল আমাদের সমাজে অনেক ভাত ছাড়া কোনো পার্টি সম্ভব হয় না।,,,,,
"ঘানার মানুষের মতো নাইজেরীয়রা লম্বা বাসমতি চাল পছন্দ করেন না৷ তাঁরা ছোট দানার চাল খান৷ রান্নার জন্য লাগে পানি, টমেটো পেস্ট, আদা, রসুন, থাইম পাতা, নানা ধরনের মরিচ, মাংসের স্টেক, ক্রেফিশ মাছ, শুটকি মাছ বা চিংড়ি, যা কিছু বাড়তি স্বাদ যোগ করে৷",,,,,
জলোফ রাইসের এত বৈচিত্র্যের পেছনে পশ্চিম আফ্রিকা জুড়ে ওলোফ জনগোষ্ঠীর মানুষের আনাগোনা অন্যতম কারণ৷ সেই অঞ্চলের অনেক দেশের নিজস্ব রন্ধন প্রক্রিয়া রয়েছে৷,,,,,
"পাতে পোকা পড়লে খাবার ফেলে দেন বহু মানুষ। তবে দক্ষিণ আফ্রিকার জোহানেসবার্গের এক মহিলা কিন্তু ঠিক উল্টো কাজই করেন। সকাল-দুপুর-রাত, যখনই খাবার খান, তাঁর পাতে কোনও না কোনও পোকা থাকা চাই-ই চাই।",,,,,
তাজিন (Tagine) নিঃসন্দেহে মরক্কোর আইকনিক খাবারগুলোর মধ্যে অন্যতম। গম্বুজ আকৃতির মাটির ঢাকনা এবং থালার ভেতরে রান্নার উপাদানগুলো সাজিয়ে চুলার ওপর রেখে এটা তৈরি করা হয়। ,,,,,
তারপর গোলাকার বানরুটির সঙ্গে সাধের তাজিন খাওয়া হয়। মরুভূমিতে ঘুরতে গিয়েও স্পেশাল ডিনার হিসাবে একদিন তাজিন খেয়েছি।,,,,,
"তাঞ্জিয়া (Tangia) মরক্কোর আরেকটি বিশেষ খাবার যা কলস আকৃতির টেরাকোটা মাটির পাত্রে রান্না করা হয়। মজা করেই বলা হয় কিনা জানি না; তবে শুনেছি তাজিন এবং তাঞ্জিয়া নাকি আলাদা জেন্ডারের, একটা পুরুষ আর অন্যটা নারী! সাধারণত ভেড়া বা অন্য কোনো মাংসের সঙ্গে সংরক্ষিত লেবু, জিরা, রসুন, জাফরান, জলপাই তেল ইত্যাদি উপকরণ কলসিতে ভরে সেটি সিল করে দেওয়া হয়।",,,,,
কুসকুস (Couscous) মূলত উত্তর আফ্রিকার খাবার। ভেজা এবং গুঁড়া গম বা বার্লি হাতে গড়িয়ে ছোট ছোট নরম দানা বানিয়ে সেটিকে ষ্টিম করে কয়েক রকমের সিদ্ধ সবজি এবং মাংস দিয়ে সার্ভ করা হয়।,,,,,
"আমার খাওয়ার তালিকায় এটি ছিল বলে প্রথম দিনেই হোটেলের অ্যাটেনডেন্ট আমিনাকে জিজ্ঞাসা করি, কোথায় ভালো কুসকুস পাওয়া যায়। সে জানায়, টুরিস্টদের জন্য কিছু রেস্টুরেন্ট প্রতিদিনই এটি তৈরি করে তবে আসল কুসকুস খেতে হলে শুক্রবার পর্যন্ত অপেক্ষা করতে হবে। কেননা, কুসকুস এখানকার আমজনতার শুক্রবার দুপুরের বিশেষ খাবার। ",,,,,
"বাব্বুচে মরক্কোর এক স্ট্রিট ফুড, যা মূলত শীতকালে খাওয়া হয়। এতে ১২ থেকে ১৫ রকমের মসলা, যেমন গোলমরিচ, জিরা, আদা, মৌরি, পুদিনা ইত্যাদি পানিতে মিশিয়ে কম আঁচে দীর্ঘক্ষণ জ্বাল দিয়ে মাটিতে থাকা শামুক সেদ্ধ করা হয়।",,,,,
"বাষ্পে সেদ্ধ ভেড়ার মাথা বা ষ্টিমড শিপ হেড (Lahem Ras) আমার খাওয়া আরেকটি অন্যরকম খাবার। এটি এখানে বেশ জনপ্রিয় খাবার, বিশেষ করে কোরবানির ঈদের সময় বাড়িতে বাড়িতে আয়োজন করে মানুষ এটি খায়। ",,,,,
আফ্রিকার গ্রামীণ মানুষের জীবন সূর্যোদয়ের সাথে শুরু হয় আর সূর্যাস্তের সঙ্গে শেষ হয়। তারা আজকে বাঁচে। আগামী দিনের চিন্তা তাদের খুবই কম। অতি অল্পে তুষ্ট থাকাই তাদের বৈশিষ্ট্য।,,,,,
"আফ্রিকায় কেবল জঙ্গল নেই। এখানে প্রকৃতিক সম্পদের বিপুল ভাণ্ডার রয়েছে। মানুষের সংখ্যা তুলনামূলক কম, তাই সম্ভাবনাও অফুরন্ত।",,,,,
"উগান্ডা অনেক গোছানো, সমৃদ্ধ এবং চমৎকার দেশ। এখানে যে কেউ নিরাপদে ভ্রমণ করতে পারবেন।",,,,,
"মানুষের আবাস প্রথমে আফ্রিকার দক্ষিণ অংশে সীমাবদ্ধ ছিল। সেখানে লাখখানেক বছর থাকার পর ধীরে ধীরে এশিয়া, উত্তর আমেরিকা, ইউরোপ, অস্ট্রেলিয়াসহ সারা বিশ্বে ছড়িয়ে পড়ে। ",,,,,
বিশ্বের বিভিন্ন প্রান্তে পৌঁছাতে শেষ পর্যন্ত প্রায় দুই লাখ বছর লেগেছে। অবশ্য বিভিন্ন গোষ্ঠীতে বিভক্ত মানুষের দল একটানা কখনো হেঁটে চলেনি। হয়তো সুবিধাজনক কোনো স্থানে কয়েক শ বা কয়েক হাজার বছর থেকে তাদের এক দল আবার স্থানান্তর হতে শুরু করে। ,,,,,
"ধারণা করা হয়, ৭০ হাজার বছর থেকে ১ লাখ বছর আগে আধুনিক মানুষ আফ্রিকা মহাদেশ থেকে এশিয়া ও ইউরোপের দিকে যাত্রা শুরু করে। ৩৫ হাজার থেকে ৭০ হাজার বছর আগে অস্ট্রেলিয়ায় পৌঁছায়। এ বিষয়ে খান একাডেমির ‘হোমোসেপিয়েনস অ্যান্ড আর্লি হিউম্যান মাইগ্রেশন’-এ বিস্তৃত জানা যাবে।",,,,,
মানুষ প্রায় ৩০ হাজার বছর আগে রেড সির ওপরের অংশ ঘুরে দক্ষিণ-পূর্ব এশিয়ায় পৌঁছায়। এরপর এশিয়ার ব্যারিং প্রণালি পার হয়ে চলে যায় উত্তর আমেরিকার দিকে। আবার আরেক দল দক্ষিণ এশিয়া হয়ে অস্ট্রেলিয়ার দিকে যায়। আমেরিকায় পৌঁছানোটা কঠিন ছিল।,,,,,
"জাতি বর্ণ ও সংস্কৃতির মিশ্রণে গড়ে উঠা আফ্রিকা মহাদেশের এক বিশেষ মানব সম্প্রদায় পিগমি। শিকারের অভাব, বন নিধন এবং যুদ্ধভিত্তিক সহিংসতায় এখন পিগমি সম্প্রদায় অনেকটাই বিলুপ্ত।তবে এখনও প্রতিকূল পরিবেশের সঙ্গে লড়াই করে কঙ্গোর গভীর বনাঞ্চলে কিছু পিগমি সম্প্রদায় বসবাস করে।",,,,,
ক্ষুদ্র যেকোনো বস্তু বোঝাতে পিগমি শব্দটি ব্যবহৃত হয়। গড়ে সাড়ে চার ফুট উচ্চতার এই পিগমি গোত্র নিজেও জানে না যে বাইরের দুনিয়ার মানুষ তাদের এই নামে ডাকে। এমনকি তারা নিজেরাও পিগমি শব্দটির সঙ্গে পরিচিত নয়। ,,,,,
"কঙ্গো, ক্যামেরুন এবং গ্যাবনের জঙ্গলে পিগমিদের বেশ কয়েকটি উপজাতি বাস করে। এছাড়া ফিলিপাইন, আন্দামান দ্বীপপুঞ্জ এবং পাপুয়া নিউগিনিতে কিছু পিগমীর বসবাস রয়েছে।বর্তমানে পুরো পৃথিবীতে জীবিত পিগমি মানবের সংখ্যা এক লাখেরও কম। তাদের মধ্যে ৩০ থেকে ৪০ হাজার মুগুতি প্রজাতির পিগমি শুধুমাত্র কঙ্গোর জঙ্গলেই বাস করে। ",,,,,
"তাদের মধ্যে ৩০ থেকে ৪০ হাজার মুগুতি প্রজাতির পিগমি শুধুমাত্র কঙ্গোর জঙ্গলেই বাস করে। পিগমিরা সাধারণত হিংস্র নয়। যুদ্ধ শব্দটি তাদের অভিধানেই নেই। এমনকি তারা নিজেদের মধ্যে কখনো ঝগড়া বিবাদেও লিপ্ত হয় না। প্রার্থনা, আনন্দ-বেদনা ও দুঃখ এসব কিছুর প্রকাশ তারা বিভিন্ন নাচের মাধ্যমে করে। ",,,,,
পিগমিরা সাধারণত বিভিন্ন ধরনের বুনো ফল এবং মধু সংগ্রহ করে জীবন ধারণ করে। এছাড়া চতুষ্পদ যেকোনো প্রাণী তারা খাদ্য হিসাবে গ্রহণ করে। প্রতিটি পিগমি দলের দলপতি সবকিছু নিয়ন্ত্রণ করেন।,,,,,
পিগমি নারী পুরুষ উভয়েই বন্যপশু শিকারে অত্যন্ত দক্ষ। তারা অনেকদূর থেকে শিকারের গন্ধ পায় এবং পায়ের চিহ্ন দেখে শিকারের আকার ও বয়স ধরে ফেলতে পারে।বৈচিত্র্যময় গান ও নাচ পিগমি সংস্কৃতির অন্যতম বৈশিষ্ট্য।,,,,,
পিগমিরা অতিমাত্রায় কুসংস্কারাচ্ছন্ন। প্রতিটি দলে একজন ওঝার নেতৃত্বে পিগমিরা তাদের ধর্মীয় অনুষ্ঠান পালন করে। পিগমীরা এমন সব কাজ এড়িয়ে চলে যেসকল কাজে দেবতাদের অসন্তুষ্ট হওয়ার সম্ভাবনা থাকে।,,,,,
"পৃথিবীজুড়ে শান্তির বাণী প্রচার করা কয়েকটি দেশই প্রত্যক্ষ এবং পরোক্ষভাবে তাদের বিলুপ্তির কারণ।ইতালি, জাপান এবং পর্তুগিজ বিভিন্ন কাঠভিত্তিক কয়েকটি বড় বড় প্রতিষ্ঠান প্রতিনিয়ত কাঠ কেটে আফ্রিকার বনজ পরিবেশ ধ্বংস করছে। ",,,,,
"তে প্রত্যক্ষভাবে ধ্বংস হচ্ছে পিগমিদের বসবাসপযোগী বনভূমি। জায়গা সংকুলান না হওয়ায় ক্রমশ কমে যাচ্ছে তাদের বিচরণক্ষেত্র, কমে যাচ্ছে শিকার এবং বাসস্থান সংকট।কয়েকটি প্রতিবেদনে উঠে এসেছে, কঙ্গোর সৈন্যরা জঙ্গলে পিগমিদের শিকার করে তাদের মাংস ভক্ষণ করে। ",,,,,
"ফসিল রেকর্ড ধরে হিসাব করলে আফ্রিকাতেই পাওয়া যাবে মানবজাতির সবচেয়ে আদি বসতভূমির সন্ধান। ধীরে ধীরে মানবজাতি এশিয়া, ইউরোপ, অস্ট্রেলিয়া আর আমেরিকাসহ সারা বিশ্বে ছড়িয়ে পড়েছে। খনিজ, বনজ কিংবা অন্য যেকোনো প্রাকৃতিক সম্পদের দিক থেকে বিশ্বের অন্যতম সমৃদ্ধ রাষ্ট্রগুলোর অবস্থান পড়বে আফ্রিকাতেই। ",,,,,
"সাহারা মরুভূমি সংলগ্ন এলাকয় আছে বিপুল পরিমাণ প্রাকৃতিক গ্যাস আর খনিজ তেলের ভান্ডার। উত্তর আফ্রিকার খনিজ সম্পদের তালিকায় আছে স্বর্ণ, তামা সহ মূল্যবান সব ধাতু। কিন্তু এই অঞ্চলে কাচামালের তুলনায় শিল্পায়ন মোটেই এগিয়ে যায়নি।",,,,,
আফ্রিকার প্রতিটি দেশেই আছে এই মহাদেশের অন্যতম প্রধান সম্পদ কর্মক্ষম তরুণেরা। এই মহাদেশের জনসংখ্যার একটি বড় অংশের বয়স ১৮ থেকে ৩০ বছর। কিন্তু এত সম্পদের মাঝেও যেন কোথায় হারিয়ে গেছে আফ্রিকা।,,,,,
"গরীব মহাদেশের তালিকায় পড়ে ধুকে ধুকে যেন এগিয়ে চলছে আফ্রিকার উন্নয়ন। গৃহযুদ্ধ যেন জড়িয়ে আছে এই মহাদেশের রন্ধ্রে রন্ধ্রে। শিক্ষার অভাব, কুসংস্কার আর মহামারী কেড়ে নিচ্ছে লক্ষ প্রাণ।",,,,,
"আফ্রিকার ইতিহাসে সবচেয়ে ভয়ংকর অধ্যায়ের সূচনা হয় ১৪০০ সালের দিকে, যখন দলে দলে ইউরোপীয় পর্তুগীজ বণিকেরা আসতে থাকে। আফ্রিকার পশ্চিম উপকূলে এই বণিকেরা শুরু করে আখ চাষাবাদ। শক্ত সামর্থ্য আফ্রিকানদের শুরুতে কাজ দেওয়া হয় আখের ক্ষেতগুলোতে। ",,,,,
আফ্রিকানদের রক্ত-ঘামে ধীরে ধীরে গড়ে উঠেছে ইউরোপীয় আর আমেরিকান শিল্প-সভ্যতার ভিত। ইউরোপিয়ান ঔপনিবেশিক শক্তিগুলো তাদের নিজেদের দাস ব্যবসা আর অবাধ শ্রমিকের সরবরাহ খনি হিসাবে আফ্রিকাকে ব্যবহার করতে এই এলাকার শিক্ষা ব্যবস্থাকে মাথা তুলে দাঁড়াতে দেয়নি।,,,,,
আফ্রিকার অর্থনৈতিক প্রবৃদ্ধির পথে অন্যতম বাধা দুর্নীতি আর সুশাসনের অভাব। আফ্রিকান ডেভেলপমেন্ট ব্যাংকের হিসাব মতে প্রতি বছর পুরো আফ্রিকা জুড়ে প্রায় ৫০ বিলিয়ন ডলারের দুর্নীতি হচ্ছে। ,,,,,
"মহাদেশ হিসেবে আফ্রিকার পরিচিতি। যেখানে ধনীর চেয়ে গরিবের সংখ্যাই বেশি। যদিও আফ্রিকার মাটির নিচে রয়েছে অসংখ্য খনিজ সম্পদ, রয়েছে শক্তিশালী জনবল। তারপরও পৃথিবীর সবচেয়ে দরিদ্র দেশের তালিকার প্রথম ১০টি দেশই আফ্রিকার।",,,,,
"আফ্রিকার ‘মক্কা’। কেমন অদ্ভুত যেন শোনাল যখন ইথিওপিয়া ভ্রমণ নিয়ে বিভিন্ন ব্লগ পড়ছিলাম। আসল মক্কায়ই যাওয়া হয়নি, আফ্রিকার মক্কায় যাওয়ার পথ পাওয়া যাবে তো! তার ওপর ইথিওপিয়ায় পা দিয়েই বিচিত্র সব অভিজ্ঞতার মধ্য দিয়ে যেতে হয়েছে। ",,,,,
চলাচলে নিষেধাজ্ঞার কারণে ইথিওপিয়ার ভেতরে এক শহর থেকে অন্য শহরে আমাকে বাসে চলাচলের অনুমতি দেওয়া হয়নি। সব শহরে আমাকে প্লেনে করে যেতে হয়েছে। আরও আশ্চর্যের বিষয় হলো বেশির ভাগ শহরের সঙ্গে অন্য শহরে যাওয়ার জন্য ডাইরেক্ট ফ্লাইট নেই। ,,,,,
"ইথিওপিয়ায় এক মাসের বেশি সময় ভ্রমণ করে নানা অভিজ্ঞতা হয়েছে। অন্য শহরে যাওয়ার ফ্লাইটও আগে বাতিল হয়েছিল। আর পরে যাওয়ার ফ্লাইট ছিল দুদিন পর। যা–ই হোক, এবার বেশিক্ষণ অপেক্ষা করতে হয়নি। আমার জায়গা হয়েছে পরের ফ্লাইটে।",,,,,
"আমার ইথিওপিয়া ভ্রমণের সবশেষ শহর হলো হারার। বেশ সাহস করেই গাইড ছাড়া এই প্রথম একা হোটেল থেকে বেরিয়ে পাবলিক মিনিবাসে রওনা দিলাম হারারের উদ্দেশে। একমাত্র ইথিওপিয়া ছাড়া আমি কোথাও গাইড নিয়ে ঘুরি না, নিজের মতো ঘুরি। ",,,,,
"ইথিওপিয়ায় এসে হারার সম্পর্কে আমার একধরনের ফ্যান্টাসি কাজ করছিল। একে তো অনেক জায়গায় যাওয়া নিষেধ তার ওপর অনেক ঝুঁকি নিয়ে বিভিন্ন জায়গায় যেতে হয়েছিল তাই আদৌ হারার পর্যন্ত আমার পা জোড়া পৌঁছাতে পারবে কি না, নিশ্চিত ছিলাম না। এখন মনে হচ্ছে সত্যি সত্যিই আমি পৌঁছাতে পেরেছি।",,,,,
এক গলি থেকে নানা গলি চলে গেছে। গলির দুপাশে দেয়াল আর দেয়ালের ওপাশে মানুষের ঘরবাড়ি। সবই একতলা। কোনো দেয়ালের সামনে লম্বা জায়গায় ছোট ছোট গাছ লাগানো। যত দূর চোখ যায় আকাশ ছুঁয়ে আছে সবুজ গাছপালা।,,,,,
"সাদা দেয়ালের পথ ধরে এগোতে এগোতে সামনে একটা মাদ্রাসা পড়ল। আমি অতিসাহসী হয়ে ছেলেদের মাদ্রাসায় ঢুকে গেলাম দেখতে, কীভাবে পড়াশোনা করে তারা। ভেতরে উঠান, উঠান পেরিয়ে একতলা মূল মাদ্রাসা ভবন। উঠানে ১২–১৪ বছরের বাচ্চারা ঘুরছে। ওরা এখন পড়ছে না। পড়াশোনা আজকের মতো শেষ।",,,,,
"হারার শহরে জনসংখ্যার অধিকাংশই মুসলমান। ইসলাম প্রচারের শুরুর দিকে একদল সাহাবি সমুদ্রপথে আফ্রিকার যে অঞ্চলে এসে নোঙর ফেলেন, সে জায়গাটির নামই হারার। সাহাবিরা এখানে ব্যবসা-বাণিজ্য ও ইসলাম প্রচারের কাজে নিয়োজিত ছিলেন এবং পাকাপাকিভাবে বসবাসও শুরু করেন।",,,,,
"মাদ্রাসা দেখে আমি নিজের মতো হাঁটছি। হঠাৎ ইসমাইলের চিৎকার। হাত দিয়ে একটা ভবন দেখাল। বুঝলাম, এখানে দেখার মতো কিছু আছে। প্রাচীর পেরিয়ে ভেতরে গিয়ে দেখি সেটা হারারের আমির শেরিফ আদবেল্লাহর বাসভবন, বর্তমানে এটি মিউজিয়াম। দোতলা ভবনের স্তম্ভ কাঠের, দরজায় কাঠের ওপর কারুকাজ। ",,,,,
"আফ্রিকান সংস্কৃতি হলো আফ্রিকা মহাদেশের বিভিন্ন জাতি ও জনগোষ্ঠীর জীবনধারা, বিশ্বাস, শিল্পকলা, এবং সামাজিক রীতিনীতির এক বিচিত্র ও সমৃদ্ধ মিশ্রণ। এটি শুধু আফ্রিকার মধ্যেই সীমাবদ্ধ নয়, বরং আফ্রিকান বংশোদ্ভূত যারা বিশ্বের অন্যান্য অংশে বসবাস করেন তাদের মধ্যেও এর প্রভাব দেখা যায়। ",,,,,
"আফ্রিকার উপজাতীয় সংস্কৃতির অন্যতম বৈশিষ্ট্য হলো এর ভাষাগত ও জাতিগত বৈচিত্র্য। নাইজেরিয়া, ক্যামেরুন,ইথিওপিয়া,সুদান ও গণতান্ত্রিক কঙ্গো প্রজাতন্ত্রে বহু উপজাতি বসবাস করে।",,,,,
"অনেক উপজাতির নিজস্ব প্রাক-ইসলামিক ও প্রাক-খ্রিস্টান ধর্মীয় বিশ্বাস রয়েছে। এদের বিশ্বাস সাধারণত প্রকৃতি,পূর্বপুরুষ পূজা,আত্মা ও দেবতার অস্তিত্বের উপর ভিত্তি করে গড়ে উঠেছে। যেমন,পশ্চিম আফ্রিকার ইউরুবা উপজাতির ওরিশা দেবতা ব্যবস্থা,যেখানে বহু দেবতাকে পূজা করা হয়।",,,,,
"তবে আফ্রিকার বহু অঞ্চলে ইসলাম ও খ্রিস্টান ধর্মের প্রভাবও দৃশ্যমান। ধর্মীয় বিশ্বাসগুলোর মধ্যে উপজাতীয় ও আধুনিক ধর্মের মিশ্রণ দেখা যায়। অনেক সময় ঐতিহ্যগত চিহ্ন,যেমন – মাস্ক,নৃত্য বা বলি,ধর্মীয় আচার-অনুষ্ঠানের অংশ হিসেবে ব্যবহৃত হয়।",,,,,
"উপজাতীয় পোশাক সাধারণত তাদের সামাজিক অবস্থান,বয়স,বৈবাহিক অবস্থা এবং ধর্মীয় পরিচয়ের প্রতিফলন। রঙিন কাপড়,হাতে তৈরি গয়না, পশুর চামড়া,পাখির পালক ইত্যাদি ব্যবহার সাধারণ। মাসাই,হিম্বা,জুলু,তুয়ারেগ প্রভৃতি জাতিগোষ্ঠীর পোশাক বিশ্বের নন্দনতত্ত্বে প্রভাব ফেলেছে।",,,,,
"অনেক উপজাতি শরীরের বিভিন্ন অংশে অলংকার পরিধান করে – যেমন কানের লতিতে ফোঁড়া,ঠোঁট ও নাকের মধ্যে প্লেট বসানো বা শরীর রঞ্জন ও উল্কি আঁকা। এগুলো ব্যক্তিগত পরিচয়,শক্তি বা গর্বের প্রতীক।",,,,,
"প্রতিটি উপজাতির নিজস্ব খাদ্যাভ্যাস রয়েছে। খাদ্য সাধারণত কৃষি,পশুপালন এবং স্থানীয়ভাবে সংগৃহীত উদ্ভিদের উপর নির্ভরশীল। উদাহরণস্বরূপ, ইথিওপিয়ায় ইঞ্জেরা (এক প্রকার প্যানকেক) ও ওয়াট (মসলা জাতীয় তরকারি)প্রচলিত। পশ্চিম আফ্রিকায় ফুফু ও সুপ সাধারণ খাবার। অনেক উপজাতি শিকার করা মাংস ও গাছের ফল খেয়ে থাকে।",,,,,
"আফ্রিকান রন্ধনপ্রণালী তার সংস্কৃতি এবং অঞ্চলের বৈচিত্র্যের প্রতিফলন। উত্তর আফ্রিকায়, খাবার আরব এবং ভূমধ্যসাগরীয় প্রভাব দ্বারা চিহ্নিত করা হয়,যেমন খাবারের সাথে cous-cus এবং tajine নায়ক হিসেবে। অন্যদিকে,পশ্চিম আফ্রিকার উপকূল,স্থানীয় উপাদান যেমন লেবু,চাল এবং কাসাভার উপর ভিত্তি করে মশলাদার খাবার সরবরাহ করে।",,,,,
"আফ্রিকান উপজাতীয় সমাজে বিভিন্ন ঋতুভিত্তিক উৎসব,প্রজনন উৎসব,প্রাপ্তবয়স্ক হওয়ার অনুষ্ঠান (Initiation Ceremony),বিবাহ ও ফসল কাটা উৎসব প্রচলিত। এসব উৎসবে গানে,নৃত্যে ও ধর্মীয় আচার-অনুষ্ঠানে মুখরিত হয়ে ওঠে জনপদ।",,,,,
বিশেষ করে প্রাপ্তবয়স্ক হওয়ার অনুষ্ঠানে কিশোর-কিশোরীরা কঠিন পরীক্ষার মধ্যে দিয়ে যায় এবং সামাজিকভাবে প্রাপ্তবয়স্কের স্বীকৃতি লাভ করে। অনেক উপজাতিতে বিবাহ অনুষ্ঠান বহুদিন ধরে উদযাপিত হয় এবং পরিবারের মধ্যকার চুক্তি ও উপহার আদান-প্রদান অন্যতম অংশ।,,,,,
"আফ্রিকান উপজাতীয় সমাজ সাধারণত বয়োজ্যেষ্ঠদের নেতৃত্বে চলে এবং সামাজিক শ্রেণিবিন্যাস সুসংগঠিত। অধিকাংশ উপজাতির মধ্যে পরিবারই প্রাথমিক সামাজিক একক এবং সমাজপতিরা (chief বা elder) বিচার,সিদ্ধান্ত ও ধর্মীয় দায়িত্ব পালন করেন।",,,,,
"কানজু তানজানিয়ায়, বিশেষ করে সোয়াহিলি-ভাষী সম্প্রদায়ের পুরুষদের দ্বারা পরিহিত একটি দীর্ঘ, প্রবাহিত পোশাক।. এই মার্জিত পোশাক, প্রায়শই সাদা বা ক্রিম রঙের কাপড় দিয়ে তৈরি, বিবাহ, ধর্মীয় অনুষ্ঠান এবং আনুষ্ঠানিক অনুষ্ঠানের জন্য একটি প্রধান জিনিস।",,,,,
"ব্যবহৃত কাপড় ব্যবহার করার প্রথম কারণ, আমাদের ব্র্যান্ড ল্যারি জে, আমরা পরিবেশের কথা অনেক ভাবি। সে কারণে পুরোনো কাপড় যেন যেখানে-সেখানে পড়ে না থাকে, পানিতে মিশতে না পারে, সেই চেষ্টা করি। তাই স্থানীয় মার্কেট থেকে পুরোনো কাপড় কিনে আমরা বাসায় এনে সবাই মিলে বাছাই করি।",,,,,
"আফ্রিকার ঐতিহ্যবাহী ফর্ম শিল্পীদের অনুপ্রাণিত ও প্রভাবিত করে চলেছে আজ অব্দি। এ রকম একটি শিল্প নাইজেরিয়ান টেক্সটাইল আর্ট, যা প্রাণবন্ত রঙ ও জটিল নিদর্শনের জন্য পরিচিত।",,,,,
"Adire নামে পরিচিত রেজিস্ট-ডাইং কৌশল প্রজন্মের পর প্রজন্ম ধরে চলে আসছে সেখানে। আধুনিক শিল্পীরা তা গ্রহণ করেছেন এবং যুক্ত করেছেন আধুনিক নকশা ও নান্দনিকতা। ফলে একদিকে যেমন ঐতিহ্য সংরক্ষণের সুযোগ তৈরি হয়েছে, পাশাপাশি জন্ম নিয়েছে উত্তেজনাপূর্ণ কিছু তৈরির সুযোগ। এ রকম আরেকটি উদাহরণ হতে পারে দক্ষিণ আফ্রিকার পুঁতির কাজ।",,,,,
"দৃশ্যত অত্যাশ্চর্য এবং সাংস্কৃতিকভাবে উল্লেখযোগ্য শিল্পকর্ম দূর করেছে অতীত ও বর্তমানের মধ্যকার ব্যবধান। সমসাময়িক শিল্পে ঐতিহ্যের এমন তাসির নাইজেরিয়া ও দক্ষিণ আফ্রিকার বাইরেও বিস্তৃত। ঘানার আকান জনগণের কাঠের খোদাই থেকে শুরু করে কঙ্গো গণতান্ত্রিক প্রজাতন্ত্রের কুবা জনগণের ঝুড়ি বুনন কৌশল পর্যন্ত মহাদেশজুড়ে ঐতিহ্যবাহী শিল্পের রূপগুলোকে হালের শিল্পীরা নতুনভাবে কল্পনা ও পুনর্ব্যাখ্যা করছেন, যা বহু পুরনো অভ্যাসের মধ্যে নতুন প্রাণ ফুকে দিচ্ছে।",,,,,
সাম্প্রতিক দিনগুলোয় আফ্রিকান শিল্পীরা তাদের প্রতিভা ও সৃজনশীলতা দ্বারা বিশ্বব্যাপী শিল্পপ্রেমীদের মুগ্ধ করেছে। প্রতিষ্ঠিত প্রতিভা থেকে উদীয়মান মুখ পর্যন্ত এ প্রবণতা বিস্তৃত। তাদের অনন্য দৃষ্টিভঙ্গি ও শৈল্পিক দক্ষতার জন্য স্বীকৃতি অর্জন করেছে।,,,,,
"আফ্রিকা মহাদেশের আদিবাসীদের মধ্যে আছে জুলু, হটেনটট, পিগমি। নিগ্রো, বুশম্যান। আমাদের যেমন পোশাক নিয়ে আছে নানা ফ্যাশন তাদের মাঝেও আছে ঠিক এমনইভাবে নানা ফ্যাশন। ",,,,,
বুশম্যান হচ্ছে আফ্রিকার দক্ষিণাংশের শিকার প্রিয় জনগোষ্ঠি। তাদের মূল আশ্রয় স্থল কালাহারি। তারা মূলত তাদের আঁকা এবং শিকারের জন্যই সুপরিচিত। ,,,,,
সাজের ক্ষেত্রে তাদের মূল আকর্ষণ ডিম। এরা ডিমের খোসা দিয়ে গহনা বানিয়ে পরে থাকে। এবং নানা উৎসবে এটি তাদের গলায় গহনা হিসেবে থাকে। বুশম্যানদের মধ্য নারীদের সম্মান সবার উপরে। মূলত তারা মায়ের নেতৃত নিয়েই চলে।,,,,,
আফ্রিকার অন্যতম আদিবাসী হচ্ছে জুলু। তাদের পোশাক যথেষ্ট মার্জিত। তাড়া পোশাক পরে থাকে তাদের বৈবাহিক অবস্থার উপর ভিত্তি করে। অবিবাহিত মেয়েরা গুঁটিকা তুলোর স্ট্রিং দিয়ে তৈরি জামা পরে থাকে। তা হয়ে থাকে ছোট স্কার্ট কিংবা কিছু কিছু ক্ষেত্রে ঘাসের তৈরি পোশাক। ,,,,,
সাহারার পুরুষরা নীল রঙের লম্বা ও বেশ ঢিলা এক ধরনের গাউন পরে। একে বলা হয় দারা। সঙ্গে মুখ ঢাকার জন্য থাকে ট্যাগেলমাস্টস নামে একটি কাপড় যেটি পর্দা হিসেবে ব্যবহার করা হয়।,,,,,
"দারা নামের পোশাকটির উৎপত্তি আজ থেকে কয়েকশো বছর আগে, উত্তর আফ্রিকানদের মাধ্যমে। অনেকের মতে সময়টা ৭ম অথবা ৮ম শতকে। সে সময় সাব-সাহারান ও উত্তর আফ্রিকার মানুষদের মধ্যে জিনিস বদল করে বাণিজ্য করা হতো।",,,,,
"মৌরিতানিয়ার স্থানীয় গাইড দাহিদ ডেইডু বলেন, ‘দারা পোশাকটির ধরন ও আকৃতি শুধু যে কঠিন পরিস্থিতিতে পরে থাকার জন্য তাই নয়। মধ্য মরুভূমিতে শরীরে পানি ধারণ করে রাখার জন্যও পোশাকটি সাহারার মানুষদের জন্য খুব দরকারি।’ ",,,,,
কাজের সন্ধানে অনেক মানুষ এখন বড় বড় শহরে চলে গিয়েছে। পশ্চিমা ফ্যাশনের পোশাকগুলোর ব্যবহার এখন বেশি। অতীতের ঐতিহ্যবাহী এ পোশাক শহরে কেউ পরে না।,,,,,
"কাজের সন্ধানে অনেক মানুষ এখন বড় বড় শহরে চলে গিয়েছে। পশ্চিমা ফ্যাশনের পোশাকগুলোর ব্যবহার এখন বেশি। অতীতের ঐতিহ্যবাহী এ পোশাক শহরে কেউ পরে না। সাহারার পুরুষরা গরম মরুভূমিতে টিকে থাকার জন্য যে পোশাক পরত এক সময়, তা আজ অতীতের ঐতিহ্য। ",,,,,
জাপানের কিমোনো অথবা কাফতানের আদি উৎস প্রাচীন মেসোপটেমিয়া থেকে। দারা নামের পোশাকটি দেখতে অনেকটা এই কিমোনোর মতো। ,,,,,
সাহারাতে প্রাকৃতিক রঙিন পোশাক সব সময় তৈরি করা যেত না। হালপুলাররা যে প্রাকৃতিক নীল রঙের কাপড় দিত সেটাই ধীরে ধীরে জনপ্রিয়তা পায়।,,,,,
"হালপুলার গোষ্ঠী নীল দারার প্রচলন করলেও, তুয়ারেগ গোষ্ঠী একে নতুন করে গ্রহণ করে এবং ফ্যাশনকে জনপ্রিয় করে তোলে। সাহারার এই পুরুষদের বলা হতো নীল মানুষ। প্রখর সূর্যের তাপে পুরো শরীর নীল পোশাকে ঢাকা থাকত বলে ধীরে ধীরে তাদের এই পরিচিতি গ্রহণযোগ্য হতে থাকে।",,,,,
"দক্ষিণ আফ্রিকার নাজারেথ গির্জা। সেখানেই বছরে দু’বার আয়োজিত হয় এক অদ্ভুত অনুষ্ঠান। প্রায় দেড় হাজার সদস্য শিঙ্গা, মাদল বাজাতে বাজাতে চলেন কোয়াজুলু-নাটাল প্রদেশের দিকে তাঁদের পবিত্র মাঠে। মূলত পুরুষরাই অংশ নেন এই উৎসবে। তবে বিষয় হল অনুষ্ঠানে অংশগ্রহণকারীদের পোশাক। তা দেখলেই চমকে উঠবে যে কেউ। প্রতি নর্তকীর শরীরেই জড়ানো চিতাবাঘের ছাল। কারোর মাথায় ফারের টুপি। যা দেখলেই বোঝা যাবে, ভালুকের ত্বকের ওপরে আটকে দেওয়া হয়ে মহিষের শিং।",,,,,
"এখানকার পুরুষদের পোশাক আরবদের মতোই, আর নারীরা ম্যাক্সির সঙ্গে একটা বড় ওড়না দিয়ে মাথা ঢেকে রাখেন। পরের কক্ষে আমির বা রাজাদের পোশাক রাখা। আরবের রোবের ওপর এঁরা মাথায় রঙিন নকশাদার টুপি পরেন। আর নারীরা ম্যাক্সির ওপর বড় ওড়না পরেন।",,,,,
"অভিজাত ঘরের নারীরা অবশ্য সিল্কের ম্যাক্সি পরেন। আর অনুষ্ঠানে গলার হার, হাতের বালার সঙ্গে মাথায় টায়রাও পরেন, যার নকশা আলাদা। হারারের টায়রা অন্যান্য অঞ্চলের টায়রার মতো নয়। ত্রিভুজাকৃতির তিনটি চাকতি কপালে ঝুলিয়ে টায়রা পরা হয়।",,,,,
নারী ও পুরুষের পোশাক আর গয়নার জন্য আলাদা কক্ষ। সেখানে বিভিন্ন রঙের পোশাক পরা ম্যানিকুইন নারী-পুরুষ শোভা পাচ্ছে কাচের শোকেসের ভেতরে। আরও কয়েকটি শোকেসে রাজাদের পোশাক ও গয়না শোভা পাচ্ছে। পোশাকগুলো সিল্কের তৈরি আর তাতে করা আছে জারদৌসি নকশা। ,,,,,
"রাজাদের জুতা তেমন জাঁকালো নয়। খুব সাধারণ চামড়ার স্যান্ডেল পরতেন তাঁরা। তবে আশ্চর্য হলাম এখানে কাঠের তৈরি খড়ম দেখে। খড়ম যে শুধু এশিয়ায় ব্যবহৃত হতো, তা নয়। আফ্রিকায়ও এর কদর ছিল। ",,,,,
ত্রয়োদশ শতাব্দীতে হারার স্বয়ংসম্পূর্ণ মুসলিম শহর হিসেবে প্রতিষ্ঠিত হয়। ১৫২০ সালে সুলতান আবু বকর ইবনে মুহাম্মদ হারারকে আদাল সালতানাতের রাজধানী হিসেবে ঘোষণা দেন। ,,,,,
"আফ্রিকাকে সভ্যতার আঁতুড়ঘর হিসেবে ভাবলে এটাও মানতে হবে, যে অনেক অর্থে সেই মহাদেশ ফ্যাশনেরও জন্ম দিয়েছিল৷ আমার অন্তরাত্মা অত্যন্ত আফ্রিকান৷ অনেক রং ও প্রিন্ট  দেখে আমি বড় হয়েছি৷ বিভিন্ন রংয়ের মধ্যে সংঘাত ঘটানো আমাদের জন্য বেশ স্বাভাবিক৷ যে কোনো দুটি রংয়ের মেলবন্ধনের কোনো নিয়ম নেই, পরে নিলেই হবে৷",,,,,
"রান্নার জিনিসপত্র সবই মাটির তৈরি। পানি, কফি রাখা হয় আজও মাটির সুরাহিতে। কফির সুরাহির মুখ বন্ধ থাকে। থালাবাসন কিছু রুপা ও কিছু সাধারণ ধাতুর। খাবার রাখার জন্য আলাদা ঢাকনাসহ ধামার মতো দেখতে ঝুড়ি হলো ইথিওপিয়ার বৈশিষ্ট্য।",,,,,
একটা গলিতে কলকল করে কয়েকজন ফেরেশতা দেখি উড়ে যাচ্ছে। সবে তাদের স্কুল ছুটি হয়েছে। স্কুল শেষে তারাও বাড়ি ফিরছে। কেউ কেউ আবার অপার বিস্ময়ে আমাকে দেখছে। ট্যুরিস্ট আসে না তেমন আগের মতো হারারে। ,,,,,
ইসমাইল আমাকে নিয়ে জুগলের মূল গেট দেখাতে নিয়ে এল। জুগলের গেট মোট পাঁচটি। মূল গেট উল্লেখযোগ্য এই কারণে যে এটি কাবা শরিফের আদলে গড়া। রং অবশ্য সাদা।,,,,,
"আফ্রিকার দক্ষিণাংশে শিকার প্রিয় জনগোষ্ঠী হিসেবে পরিচিত বুশম্যান বা স্যান জনগোষ্ঠী দক্ষিণ আফ্রিকা, জিম্বাবুয়ে, লেসোথো, মোজাম্বিক, সোয়াজিল্যান্ড, বতসোয়ানা, নামিবিয়া এবং অ্যাঙ্গোলার বিস্তীর্ণ এলাকা জুড়ে বসবাসরত আদিবাসী। জু ভাষী লোকজন জু কিংবা হোয়ানসি এবং কাং জনগোষ্ঠী কাং নামে পরিচিত। সম্মিলিতভাবে তাদেরকে বুশম্যান নামে আখ্যায়িত করা হয়। তারা খোইসান ভাষাভাষী ও খোইখোই জাতির সাথে সম্পৃক্ত।
",,,,,
"বুশম্যানদের সমাজব্যবস্থায় শিশুদের কোন দায়বদ্ধতা নেই। অন্যান্য সকল বয়সীদের ন্যায় তারাও খেলাধূলা এবং অবসরকালীন বিনোদনে অভ্যস্ত। আলাপ-আলোচনা, স্ফূর্তি-মজা করা, গান করাসহ উদ্যাম নৃত্যে মেতে উঠে তারা। ",,,,,
"স্যান সমাজে মহিলারা উচ্চ মর্যাদার অধিকারী ও সকলের সম্মানীয়া। তারা নিজস্ব পরিবারের প্রধান হয়ে থাকেন। পানির সন্ধানে পরামর্শ, খাদ্য সংগ্রহ সহ কখনোবা শিকারেও অংশ নিয়ে থাকেন।",,,,,
খাবার খোঁজা তাদের প্রধান শিক্ষা। বুশম্যানদের বাঁচা-মরার লড়াইয়ে শিকার খুবই জরুরী ও মৌলিক উপাদান। দলবদ্ধভাবে পায়ে হেঁটে এক স্থান থেকে অন্য স্থানে শিকারের সন্ধান করে। পুরুষেরা ছেলেদের শিকার করতে শেখায়। বেশীর ভাগ কৌশলই শিকারের গল্পগুলোর নাটকীয় অভিনয়ের মাধ্যমে শেখানো হয়। ,,,,,
"যখন তারা অস্ত্র ছোড়ায় পারঙ্গমতা প্রদর্শন করে, তখন তাদেরকে অন্যান্য অস্ত্রের ব্যবহার শেখানো হয়। শিকার করার জন্য দরকার পড়ে ধৈর্য্য আর সহনশীলতা।",,,,,
জুলু জনগোষ্ঠীর ভাষা হল জুলু বা ইসিজুলু যা বান্টু ভাষাগোষ্ঠীর অন্তর্গত। আরো নির্দিষ্টভাবে বলতে গেলে জুলু ভাষা হল বান্টু ভাষার উনগুনি উপগোষ্ঠীর ভাষাশ্রেণীর অন্তর্গত। জুলু দক্ষিণ আফ্রিকায় সবচেয়ে বেশী কথিত ভাষা। ,,,,,
উনবিংশ শতাব্দীতে দক্ষিণ আফ্রিকার ইতিহাসে জুলুদের অত্যন্ত গুরুত্বপূর্ণ ভূমিকা ছিল। তখন কৃষ্ণকায় জুলুদেরকে দ্বিতীয় শ্রেণীর নাগরিক হিসেবে দেখা হত। কিন্তু বর্তমানে তারা সর্ববৃহৎ জনগোষ্ঠী হিসেবে স্বীকৃত এবং তাদের অধিকার বর্তমানে সংরক্ষিত রয়েছে।,,,,,
জুলু এবং তাদের সাথে উনগুনি জনগোষ্ঠীর ঐতিহ্যগত সঙ্গীত বিশেষ প্রশংসার দাবীদার। বিশেষ করে আফ্রিকার সকল মানুষেরই একটি সাধারণ বিশ্বাস হল গানের মাধ্যমে আবেগ ও অনুভূতির যে বহিঃপ্রকাশ এবং আদান প্রদান ঘটানো সম্ভব তা কথোপকথন বা এরকম অন্য কিছুর দ্বারা কোন ভাবেই সম্ভব নয়।,,,,,
"পৃথকীকরণ নীতির আওতায় জুলু জনগোষ্ঠীর জন্য একটি নিজস্ব আবাসভূমি তৈরি করা হয়েছিল যার নাম দেয়া হয় কোয়া-জুলু। কোয়া-জুলু হল গুটিকতক বিচ্ছিন্ন ভূমিখন্ডের সমষ্টি যার বর্তমান নাম কোয়া-জুলু নাটাল। ১৯৭০ সালে বান্টু মাতৃভূমি নাগরিকত্ব আইনের মাধ্যমে বলা হয় যে, জুলু জনগোষ্ঠীর সবাইকে দক্ষিণ আফ্রিকান নাগরিকত্ব ত্যাগ করে কোয়া জুলুর নাগরিক হতে হবে। ",,,,,
মাসাইরা কেনিয়া এবং তানজানিয়ায় বসবাসকারী একটি আধা-যাযাবর উপজাতি। তারা তাদের যোদ্ধা সংস্কৃতি এবং বহুবিবাহের অনুশীলনের জন্য পরিচিত। মাসাইরা গয়না এবং কারুশিল্প তৈরিতে তাদের দক্ষতার জন্যও বিখ্যাত।,,,,,
"আফ্রিকান উপজাতিদের রীতিনীতি ও আচার-অনুষ্ঠানের কথা শুনে অবাক হতে হয়।  রীতি অনুযায়ী সেখানের নারীরা বিয়ের আগে মাথার চুল কামিয়ে ফেলেন। বোরানা উপজাতির মানুষ শত শত বছর ধরে এই ঐতিহ্য অনুসরণ করে আসছেন। এই উপজাতির নারীরা বর খোঁজার সময় ঘন, লম্বা এবং সিল্কি চুলের বর খোঁজেন।",,,,,
"ডেইলি মেইলের প্রতিবেদনে বলা হয়েছে, সময়ের পরিবর্তনের সঙ্গে সঙ্গে এখন উপজাতির মানুষ শিক্ষার গুরুত্ব বুঝতে পেরেছে। তাদের অনেকে শহরের দিকে যেতে শুরু করেছে। ফলে এখন এই ঐতিহ্যগুলোও ধীরে ধীরে হ্রাস পাচ্ছে।",,,,,
ননগোমা প্রাসাদে এক ঐতিহ্যবাহী অনুষ্ঠানের মধ্য দিয়ে প্রিন্স মিসুজুলু কা জুয়েলথিনিকে শনিবার জুলু রাজার মুকুট পরিয়ে দেয়া হয়।,,,,,
"এই রাজকীয় অনুষ্ঠানকে স্মরণীয় করে রাখার জন্য মিসুজুলু কা জুয়েলথিনি আগের দিন যে সিংহ শিকার করেছিলেন, তার চামড়া তিনি পরিধান করেন। ঐ সিংহ শিকারের মধ্য দিয়ে তাকে প্রমাণ করতে হয়েছিল যে জুলু জাতিকে নেতৃত্ব দেয়ার প্রশ্নে তিনিই উপযুক্ত নেতা। উৎসবের প্রস্তুতি হিসেবে ১০টিরও বেশি গরু জবাই করা হয়।",,,,,
"উত্তর আফ্রিকার দেশগুলোর আরবি ভাষাভাষী জনগণকে নিয়ে অনেকের মনেই একটা প্রশ্ন আছে- তারা কি আফ্রিকান, নাকি আরব? ভৌগলিক দিক থেকে উত্তর আফ্রিকা পরিষ্কারভাবেই আফ্রিকা মহাদেশের অন্তর্ভুক্ত। ",,,,,
"সপ্তম শতকে ইসলাম প্রচারের জন্য আরবরা যখন উত্তর আফ্রিকায় অভিযান চালায়, তারপর থেকে তাদের অনেকেই সেখানে স্থায়ীভাবে বসতি গড়ে তোলে। কালক্রমে ব্যবসায়িক এবং প্রশাসনিক কারণেও আরব উপদ্বীপ থেকে অনেকে উত্তর আফ্রিকায় পাড়ি জমায়।",,,,,
"মরক্কো, আলজেরিয়াসহ উত্তর আফ্রিকার বিভিন্ন দেশে বর্তমানে যে বিপুল সংখ্যক আরবি ভাষাভাষী জনগণ বসবাস করে, তাদের অধিকাংশই আরবদের বংশোদ্ভূত আরব না। তারা মূলত আরবিকৃত স্থানীয় জনগোষ্ঠী।",,,,,
"স্মৃতিচারণায় তুলে আনলেন দোষী সাব্যস্ত হওয়া ব্যক্তিটির নানান ইতিবাচক দিক। তাঁর করা ভালো কাজ, চারিত্রিক গুণাবলি। আর সব শেষে তাঁদের মুখে উচ্চারিত হল ‘ক্ষমা’ (Forgiveness)। না, কোনো চলচ্চিত্র কিংবা উপন্যাসের পাতা থেকে এই দৃশ্য তুলে আনা হয়নি। এই ছবি বাস্তবের। অপরাধীদের এভাবেই ‘শাস্তি’ দেয় বাবেম্বা (Babemba Tribe) উপজাতির মানুষরা। ",,,,,
বাবেম্বারা মূলত বান্টু জনগোষ্ঠীর উপজাতি। জাম্বিয়ার সেন্ট্রাল প্রোভিন্স এবং দক্ষিণ আফ্রিকায় বসবাস তাঁদের। সভ্য সমাজের সঙ্গে তাঁদের যোগ নেই বলেই চলে। অনেকটা মাসাইদের মতোই শিকার ও পশুপালন করেই দিন কাটায় বাবেম্বারা।,,,,,
"যুদ্ধ, চোখের বদলে চোখ— এসব শব্দ বাবেম্বাদের শব্দভাণ্ডারে নেই। বরং, প্রাচীনকাল থেকেই ক্ষমায় বিশ্বাস করে আসছে বাবেম্বারা। পৃথিবীর যে-কোনো ধর্মেই লেখা রয়েছে শান্তির কথা।",,,,,
আফ্রিকা মহাদেশের দক্ষিণাঞ্চলের ১৬টি দেশে খাদ্যাভাবে রয়েছে অন্তত চার কোটি ৫০ লাখ মানুষ। জাতিসংঘের অন্তর্ভুক্ত বিশ্ব খাদ্য কর্মসূচি (ডব্লিউএফপি) বৃহস্পতিবার এই তথ্য জানিয়েছে।,,,,,
আফ্রিকার দক্ষিণাঞ্চলের অন্তত ১৬টি দেশে অর্থনৈতিক অস্থিতিশীলতা বিরাজ করছে। এছাড়া ভয়াবহ বন্যা ও খরার কারণে প্রয়োজনীয় খাবার পাচ্ছে না সেখানকার সাড়ে চার কোটি মানুষ।,,,,,
"ফ্রিকার দক্ষিণাঞ্চলে নিয়োজিত ডব্লিউএফপির আঞ্চলিক প্রধান লোলা কাস্ত্রো এক বিবৃতিতে বলেন, ‘এই খাদ্যাভাবের মাত্রা এত বেশি, যা আমরা আগে কখনো দেখিনি। বিভিন্ন তথ্য বলছে, এই সংকট আরো বাড়বে।’",,,,,
"সম্প্রতি জাতিসংঘের আফ্রিকান অর্থনৈতিক কমিশন জানিয়েছে, আফ্রিকা মহাদেশের ২৮ কোটি মানুষ খাদ্য সংকট ও অপুষ্টির শিকার হয়েছেন। এই সংকটের কারণে গত ত্রিশ বছরের তুলনায় এই মহাদেশে খাটো বা বেটে শিশুর সংখ্যা বেড়ে গেছে এবং খাদ্য সংকটের শিকার এই শিশুদের ৮২ শতাংশ ভালো চিকিৎসা সুবিধা পায়নি। ",,,,,
আফ্রিকা মহাদেশ প্রতি বছর শিশুদের ক্ষুধার কারণে তার জাতীয় গড় আয়ের দুই থেকে ১৭ শতাংশ থেকে বঞ্চিত হয়। তাই এ মহাদেশে ভালো খাদ্য-দ্রব্যের যোগান থাকাটা খুবই জরুরি।,,,,,
"দিও বিশ্বের কোনো কোনো অঞ্চলে কৃষিজাত খাদ্য-শস্যের উৎপাদন বেড়েছে এবং শস্য মজুদে প্রবৃদ্ধি হয়েছে তিন শতাংশ, কিন্তু তা সত্ত্বেও খরা ও নানা ধরনের দ্বন্দ্ব সংঘাতের কারণে বেড়ে গেছে ক্ষুধা, শরণার্থী ও গৃহহারা মানুষ।",,,,,
জাতিসংঘের মানবিক ত্রাণসংস্থা এই মানবীয় বিপর্যয় প্রসঙ্গে হুঁশিয়ারি দিয়ে বলেছে: বর্তমানে অন্য যে কোনো সময়ের তুলনায় আফ্রিকার উপকূলীয় অঞ্চলের মানুষ ক্ষুধার শিকার হয়েছে। ,,,,,
"জাতিসংঘ জানিয়েছে, চাদ, মালি, মৌরিতানিয়া, নাইজার, ক্যামেরুন ও নাইজেরিয়াসহ আফ্রিকার উপকূলীয় নয়টি দেশে দুর্ভিক্ষ আর ক্রমবর্ধমান ক্ষুধার শিকার। ",,,,,
"বিশেষ করে ক্যামেরুন, সেনেগাল ও নাইজেরিয়ার উত্তরাঞ্চলে খাদ্যের নিরাপত্তাহীনতার মাত্রা বাড়বে বলে জাতিসংঘ আশঙ্কা করছে।",,,,,
আফ্রিকার শৃঙ্গেও অনেকটা একই অবস্থা বিরাজ করছে। এ অঞ্চলে গত ৬০ বছরের ইতিহাসের সবচেয়ে মারাত্মক খরা চলছে।,,,,,
। ১৯৮০ সাল থেকে এ পর্যন্ত ৪২ বার খরা হয়েছে এ অঞ্চলে এবং এইসব খরার ফলে ক্ষতিগ্রস্ত হয়েছে দশ কোটি মানুষ। ১৯৮৪ সালে ইথিওপিয়ায় যে দুর্ভিক্ষ হয়েছিল তাতে দশ লাখ মানুষ প্রাণ হারিয়েছিল।,,,,,
"আবহাওয়ার পরিবর্তন আফ্রিকায় খাদ্য-সংকটের অন্যতম প্রধান কারণ। আফ্রিকার সাহারা বা মরু অঞ্চলে কৃষি পরিস্থিতিতে উন্নতির কোনো লক্ষণ দেখা যাচ্ছে না, বরং জনসংখ্যা বাড়ার কারণে এ অঞ্চলে ক্ষুধার্তের সংখ্যাও বাড়ছে।",,,,,
আফ্রিকা মহাদেশে খরা এখন অতীতের তুলনায় ঘন ঘন হচ্ছে। আগে সেখানে খরা হতো সাধারণত দশ বছরে একবার। এখন তা ৫ বছরে বা তার চেয়েও কম সময়ে একবার করে হচ্ছে। ,,,,,
আফ্রিকায় আগামী ৩৫ বছরে ভুট্টা উৎপাদন ত্রিশ শতাংশ কমে যাবে বলে আশঙ্কা করা হচ্ছে।,,,,,
"অবশ্য খরা, দারিদ্র ও পঙ্গপালের মত বিষয়গুলোই আফ্রিকার দেশগুলোতে খাদ্য সংকট জোরদার করছে তা নয়, মুক্ত-বাজার অর্থনীতির প্রসার ও সরকারি নিয়ন্ত্রণ হ্রাসের মতো বিষয়গুলোও ভোগ্য-পণ্যের মূল্যবৃদ্ধিসহ খাদ্য-সংকট জোরদারে ভূমিকা রাখছে",,,,,
"অবশ্য খরা, দারিদ্র ও পঙ্গপালের মত বিষয়গুলোই আফ্রিকার দেশগুলোতে খাদ্য সংকট জোরদার করছে তা নয়, মুক্ত-বাজার অর্থনীতির প্রসার ও সরকারি নিয়ন্ত্রণ হ্রাসের মতো বিষয়গুলোও ভোগ্য-পণ্যের মূল্যবৃদ্ধিসহ খাদ্য-সংকট জোরদারে ভূমিকা রাখছে। ",,,,,
আফ্রিকার জনগণের প্রধান খাদ্য জনার বা জোয়ারের দাম দুই থেকে তিন গুণ বেড়েছে। পর-নির্ভরতা ও দারিদ্রের সুযোগে পাশ্চাত্য আফ্রিকার দেশগুলোর ওপর চাপিয়ে দিচ্ছে মুক্ত বাজার অর্থনীতি।,,,,,
বিশ্বের দ্বিতীয় দরিদ্রতম দেশ নাইজারের দৃষ্টান্তই এর প্রমাণ। এইসব দেশ এখন জনগণকে সরাসরি খাদ্য সাহায্য না দিয়ে নগদ অর্থ সহায়তা দিচ্ছে। ,,,,,
কিন্তু জাতিসংঘও তাদেরকে বিনা মূল্যে খাদ্য দিচ্ছে না!  ফলে শিশুদের মধ্যে বাড়ছে অপুষ্টি ও রোগ-ব্যাধি। অর্থের অভাবে দুগ্ধ-পোষ্য শিশুদের মায়েরা যা-তা খাচ্ছেন বলে বাচ্চারা হচ্ছে দুর্বল ও রোগাক্রান্ত এবং আফ্রিকার নতুন প্রজন্মকে দুর্বল শরীর নিয়েই বেঁচে থাকতে হবে।,,,,,
ক্ষুধার জ্বালায় হাসপাতাল থেকে এবোলার রোগীর পালিয়ে যাওয়ার ঘটনাও ঘটছে লাইবেরিয়ার মতো দেশে। ,,,,,
"গিনি, সিয়েরা লিওন ও লাইবেরিয়ায় এ রোগ বেশি ছড়িয়ে পড়েছে। এ দেশগুলোর কোনো কোনো অঞ্চলে চলাচলের ওপর সীমাবদ্ধতা আরোপের পর জনগণ আতঙ্কিত হয়ে বেশি মাত্রায় খাবার কিনতে শুরু করে। ফলে খাদ্যের দাম বেড়ে গিয়ে খাদ্য সংকটকে আরো প্রকট করে তুলেছে।",,,,,
বিশ্ব খাদ্য সংস্থা ফাওয়ের কর্মকর্তা ভিনসেন্ট মার্টিন বলেছেন: 'এবোলা ছড়িয়ে পড়ার আগেই এ ভাইরাস-কবলিত কোনো কোনো অঞ্চলের ৮০ শতাংশ আয় ব্যয় করা হতো খাদ্য সামগ্রী কেনার পেছনে। ,,,,,
জলবায়ু পরিবর্তনের কারণে স্মরণকালের সবচেয়ে ভয়াবহ খরা মোকাবিলা করছে আফ্রিকার প্রায় সব দেশ। খাদ্য সংকটে দেশের মানুষের মুখে খাবার তুলে দিতে সাতশোর বেশি বন্যপ্রাণি হত্যার ঘোষণা দিয়ে বিতর্কের মুখে পড়েছে নামিবিয়ার সরকার।,,,,,
"আফ্রিকার দক্ষিণাঞ্চল মোকাবিলায় করছে শত বছরের মধ্যে সবচেয়ে ভয়াবহ খরার। জাতিসংঘ বলছে, দেশটির খাদ্যের মজুতের ৮৪ শতাংশই ধ্বংস হয়ে গেছে খরার কারণে। অন্তত ২৫ লাখ মানুষ চরম খাদ্য নিরাপত্তায় ভুগছে।",,,,,
"এই অঞ্চলটি বরাবরই খরাপ্রবণ। তবে জলবায়ুর এল নিনো প্রভাবে সারাবিশ্বে উষ্ণায়ন বাড়ায় এই অঞ্চলে খরা ভয়াবহ আকার ধারণ করেছে। নামিবিয়া, জিম্বাবুয়ে, মালাওয়ি ও জাম্বিয়ায় জরুরি অবস্থা জারি করা হয়েছে।",,,,,
আফ্রিকার সাহেল অঞ্চল চরম বিপর্যয়ের মুখোমুখি---এর ফলে সেখানকার মানুষ নিজেদের ক্ষুধা নিবারণ করতেও মারাত্মকভাবে অক্ষম হয়ে পড়বে।,,,,,
"ফিরি বলেন, 'উগ্রবাদি দলগুলো লোকজনদেরকে তাদের বাড়িঘর থেকে তাড়িয়ে দিচ্ছে ফলে বাস্তুচ্যুত মানুষের সংখ্যা বৃদ্ধি পেয়েছে প্রায় ৪’শ শতাংশ। মানুষ খরার কারণে অনাহারে রয়েছে এবং কোভিড মহামারীর কারণে নানা অর্থনৈতিক সমস্যায় নিদারুণ হতাশায় ভুগছে",,,,,
ডাব্লিউএফপির প্রতিবেদনে বলা হয়েছে যে সম্প্রতিবুরকিনা ফাসো থেকে বেনিনে এই সংঘাত ছড়িয়ে পড়ায় তা সমগ্র অঞ্চলকে আরও অস্থিতিশীল করে তুলবে এবং উন্নয়নমূলক অর্জনগুলোকে ধ্বংস করে দেবে।,,,,,
"বৈজ্ঞানিক নাম 𝘔𝘰𝘯𝘪𝘩𝘰𝘵 𝘦𝘴𝘤𝘶𝘭𝘦𝘯𝘵𝘢, ইংরেজী নাম cassava বাংলা নাম শিমুল আলু। এটি আফ্রিকায় চাষ হত আগে। এ",,,,,
অনেক সময় অন্যান্য আলুর বিকল্প হিসেবে খাওয়া হয় শিমুল আলু। এ আলুতে নেই কোনো রোগের প্রাদুর্ভাব। ,,,,,
"কাসাবায় রয়েছে বিভিন্ন পুষ্টিগুণ। উচ্চ ক্যালোরিযুক্ত কার্বোহাইড্রেটসমৃদ্ধ ফসল এই কাসাবা। কাসাবা থেকে উন্নতমানের সাদা আটা পাওয়া যায়। যা দিয়ে রুটি, বিস্কুট, চিপস্, গ্লুকোজসহ বিভিন্ন প্রকার খাদ্য তৈরি করা যায়। ",,,,,
কাসাভার খাদ্যমানের মধ্যে প্রেটিন আছে ১০ শতাংশেরও বেশি। এ্যমাইনো আসিড ও কার্বোহাইড্রোট আছে যথাক্রমে ১০ ও ৩০ শতাংশ। ,,,,,
সে কারণে সাম্প্রতিক বছরগুলোর মধ্যে এবছর সবচেয়ে চরম খরা দেখা দিয়েছে। প্রশান্ত মহাসাগরের পানির উষ্ণতা আবহাওয়ার ধরন পাল্টে দিয়েছে। গ্রীনহাউস গ্যাস নির্গমণের ফলে এর স্বাভাবিক তাপমাত্রার চেয়ে বেড়ে গেছে।,,,,,
"আফ্রিকায় খাবারের মেন্যুর মধ্যে থাকে সুষম বণ্টন, যা পশ্চিমা দেশগুলোতে দেখা যায় না৷",,,,,
"আফ্রিকার শিশুরা কম ফ্যাট কিন্তু আঁশযুক্ত, সবজি সমৃদ্ধ খাবার খাচ্ছে৷ অন্যদিকে ইটালির শিশুরা খাচ্ছে টিপিক্যাল পশ্চিমা খাবার, কম আঁশযুক্ত কিন্তু প্রাণীর প্রোটিন সমৃদ্ধ খাবার৷ সাথে স্যুগার এবং ফ্যাট৷ গবেষকরা দেখেছেন,",,,,,
"বুরকিনা ফাসোর শিশুরা যে খাবার খাচ্ছে, তার থেকে শিশুর দেহে তৈরি হওয়া ফ্যাটি অ্যাসিড শিশুকে শক্তি জোগাচ্ছে৷ সমীক্ষায় বলা হয়েছে, এই ফ্যাটি অ্যাসিডই রোগ প্রতিরোধক শক্তি তৈরি করছে৷",,,,,
"সুদানের অবরুদ্ধ শহর আল-ফাশেরে মানবিক সংকট চরম আকার ধারণ করেছে। সেখানকার হাজার হাজার মানুষ, যাদের মধ্যে শিশুরাও রয়েছে, বেঁচে থাকার জন্য পশু খাদ্য খেতে বাধ্য হচ্ছে। ",,,,,
"উত্তর দারফুরের এই রাজধানী শহরটি, যা সুদানের সেনাবাহিনী এবং আধা-সামরিক র‍্যাপিড সাপোর্ট ফোর্সেস (RSF)-এর মধ্যে যুদ্ধের প্রধান রণাঙ্গন, এক বছরেরও বেশি সময় ধরে অবরুদ্ধ অবস্থায় রয়েছে।",,,,,
"জ্বালানির অভাবে স্বেচ্ছাসেবকরা সীমিত ত্রাণ সরবরাহ করার জন্য গাধার উপর নির্ভর করতে বাধ্য হচ্ছেন। বাস্তুচ্যুত মা ফাতমা ইয়াকুব বলেন, ""আমরা ক্ষুধার্ত। আমাদের শিশুরা বিবস্ত্র। পশু খাদ্য ছাড়া আমাদের আর কিছুই খাওয়ার নেই।",,,,,
"RSF শহরটি দখল করার চেষ্টা করছে, যা তাদের দারফুরের বেশিরভাগ অংশের নিয়ন্ত্রণ দেবে। এই উদ্দেশ্যে তারা খাদ্য সরবরাহ বন্ধ করে দিয়েছে এবং শহরে আসা ত্রাণবহরগুলিতে হামলা চালাচ্ছে। ",,,,,
"RSF-এর ক্রমাগত আর্টিলারি ও ড্রোন হামলার কারণে আল-ফাশেরের বাজারগুলো প্রায় জনশূন্য। যে সামান্য খাবার পাওয়া যাচ্ছে, সেগুলোর দাম আকাশছোঁয়া।",,,,,
"সুদান ২০২৩ সালের এপ্রিলে যুদ্ধে জড়িয়ে পড়ে, যখন সুদানের সেনাবাহিনী এবং RSF-এর মধ্যে ক্রমবর্ধমান উত্তেজনা রাজধানী খার্তুমে পূর্ণমাত্রার যুদ্ধে রূপান্তরিত হয়।",,,,,
"দামে সস্তা হওয়ায় ‘কোটা’ নামের এ খাবারটি দক্ষিণ আফ্রিকার বস্তিবাসীদের কাছে অত্যন্ত প্রিয়৷ পনির, আলুভাজা, ব্রেড আর সস দিয়ে তৈরি এ খাবারটির দাম সাধারণত ৩০ থেকে ৯০ সেন্ট পর্যন্ত হয়ে থাকে৷",,,,,
"দেশটির সুপারমার্কেটগুলোতে প্রতি কেজি সসেজ বিক্রি হয় মাত্র তিন ইউরোতে, অর্থাৎ প্রায় পৌনে তিনশ টাকা৷ সসেজগুলোতে থাকে ৪৬ ভাগ মাংস৷ আর বাকি উপাদানগুলোর মধ্যে রয়েছে কার্বোহাইড্রেট, পানি ও রাসায়নিক পদার্থ৷ দামে সস্তা হওয়ায় এ খাবারগুলোই গরীবদের পুষ্টির একমাত্র উৎস৷",,,,,
"এ ধরণের খাদ্যাভ্যাসের কারণে দেখা দিচ্ছে বিভিন্ন ধরণের রোগবালাই৷ বিশ্ব স্বাস্থ্য সংস্থা বলছে, চর্বি, চিনি, লবণ, এ জাতীয় খাবারে ডায়াবেটিস, স্ট্রোক ও ব্লাড প্রেসারের ঝুঁকি থাকে৷ আর এ ধরণের রোগবালাই সাম্প্রতিক সময়ে দ্রুত ছড়িয়ে পড়ছে দক্ষিণ আফ্রিকানদের মাঝে৷",,,,,
"দক্ষিণ আফ্রিকানদের অনেকেরই পছন্দের খাবার সবজি৷ তবে সবজি দিয়ে খাবার প্রস্তুত করতে গিয়ে তাঁরা এর সাথে উচ্চমাত্রার চর্বিযুক্ত মাংস মিশিয়ে থাকেন৷ ওয়েস্টক্যাপ বিশ্ববিদ্যালয়ের অধ্যাপক থান্ডি পুয়ানে বলেন, এ ধরনের মাংস মিশিয়ে স্বাস্থ্যকর খাবারটিকে অস্বাস্থ্যকর বানিয়ে ফেলেন তাঁরা৷",,,,,
"দক্ষিণ আফ্রিকানদের অনেকেরই পছন্দের খাবার সবজি৷ তবে সবজি দিয়ে খাবার প্রস্তুত করতে গিয়ে তাঁরা এর সাথে উচ্চমাত্রার চর্বিযুক্ত মাংস মিশিয়ে থাকেন৷ ওয়েস্টক্যাপ বিশ্ববিদ্যালয়ের অধ্যাপক থান্ডি পুয়ানে বলেন, এ ধরনের মাংস মিশিয়ে স্বাস্থ্যকর খাবারটিকে অস্বাস্থ্যকর বানিয়ে ফেলেন তাঁরা৷",,,,,
"মানবজাতির আঁতুড়ঘর হিসেবে পরিচিত আফ্রিকা মহাদেশে যেমন অজস্র ভাষা আর শত শত ঐতিহ্যবাহী ধর্মের সম্মিলন ঘটেছে, তেমনিভাবে সেখানকার সৌন্দর্য আর সম্ভাবনা টানে আগমন ঘটেছে পৃথিবীর বিভিন্ন প্রান্তের মানুষের। ",,,,,
"রাষ্ট্র বলতে আমরা যে রাজনৈতিক কাঠামোকে বুঝে থাকি আধুনিককালে, তার সূচনাও হয়েছিল আফ্রিকা মহাদেশে। ",,,,,
সাহারা মরুভূমির মাধ্যমে দ্বিধাবিভক্ত আফ্রিকা মহাদেশের সাথে এশিয়ার মানুষদের সুদূর অতীত থেকেই যোগাযোগ থাকলেও ইউরোপের সাথে এর যোগাযোগ স্থাপিত হয় পঞ্চদশ শতাব্দীতে।,,,,,
শুরুতে বাণিজ্যের প্রয়োজনে আসা ইউরোপীয়রা একসময় দক্ষ প্রশাসন আর প্রশিক্ষিত সেনাবাহিনী দ্বারা উপনিবেশ করে আফ্রিকা মহাদেশের সবগুলো দেশকেই। ,,,,,
"দ্বিতীয় বিশ্বযুদ্ধের পরবর্তী রাজনৈতিক পরিবর্তনকে কাজে লাগিয়ে স্বাধীনতা অর্জনের আগ পর্যন্ত প্রায় পাঁচশো বছর আফ্রিকাকে বিভিন্নভাবে শোষণ করেছে ইউরোপের সাম্রাজ্যবাদী শক্তিগুলো, আফ্রিকা সরাসরি ইউরোপের রাজনৈতিক শাসনের অধীনে ছিল একশো বছরেরও বেশি সময়।",,,,,
"পঞ্চদশ শতাব্দীতে পর্তুগালের রাজপুত্র হেনরির আগমন ঘটে আফ্রিকা মহাদেশে, ইউরোপের সাথে সরাসরি যোগাযোগ স্থাপিত হয় আফ্রিকার। কাছাকাছি সময়ে ইউরোপীয় বণিকেরা ছড়িয়ে পড়ে পৃথিবীর অন্যান্য প্রান্তে, অর্থনৈতিকভাবে ইউরোপকে যুক্ত করে পৃথিবীর সবগুলো অংশের সাথে।",,,,,
"এশিয়া মহাদেশের বিভিন্ন অংশে অষ্টাদশ শতাব্দীর শুরু থেকেই উপনিবেশ স্থাপন শুরু করলেও আফ্রিকাতে প্রক্রিয়া শুরু হয় ঊনবিংশ শতাব্দীর শেষদিকে। শুরুর দিকে সাম্রাজ্যবাদী শক্তিগুলোর আগ্রহের মধ্যে ছিল আফ্রিকার সমুদ্র বন্দরগুলো নিয়ন্ত্রণ করা, এশিয়ার সাথে নিরবচ্ছিন্ন বাণিজ্য রুট তৈরি করে দেওয়া দেশীয় বণিকরা।",,,,,
"আফ্রিকান দাসদের প্রতি ইউরোপীয়দের আচরণ মানবসভ্যতার নিষ্ঠুরতম অধ্যায়গুলোর একটি, আধুনিক যুগে একে ব্যাখ্যা করা যায় জাতিগত নিধনের চেষ্টা হিসেবেও। ",,,,,
"ঊনবিংশ শতাব্দীর শেষদিকে এসে আন্তর্জাতিক রাজনীতির সমীকরণ বদলে যায়, একে একে আফ্রিকার বিভিন্ন অঞ্চলের নিয়ন্ত্রণ নিতে থাকে ইউরোপের সাম্রাজ্যবাদী শক্তিগুলো।",,,,,
"উপনিবেশ স্থাপনের এ প্রতিযোগিতা চলে প্রথম বিশ্বযুদ্ধের আগ পর্যন্ত, ইতিহাসে তা পরিচিতি পায় ‘স্ক্র্যাম্বল অভ আফ্রিকা’ নামে। তৎকালীন সাম্রাজ্যবাদী শক্তিগুলোর প্রায় সবগুলোই অংশ নেয় ১৮৮৫ সালের বার্লিন সম্মেলনে, আফ্রিকাতে উপনিবেশ স্থাপন করে ব্রিটেন, ফ্রান্স, পর্তুগাল, বেলজিয়াম, জার্মানি, স্পেন, ইতালি, নেদারল্যান্ডের মতো সাম্রাজ্যবাদী শক্তিগুলো।",,,,,
"ইউরোপের সাম্রাজ্যবাদী শক্তিগুলোর পৃথিবীর বিভিন্ন প্রান্তে ছড়িয়ে পড়ার প্রাথমিক কারণ ছিল ব্যবসা করা, আন্তর্জাতিক বাণিজ্যে পৃথিবীর বিভিন্ন অংশের সাথে ইউরোপকে যুক্ত করা।",,,,,
ফ্রিকার কৃষিপ্রধান অর্থনীতি সে কাঁচামাল যোগানের মাধ্যম হয়েছে। উপনিবেশ স্থাপন করে ইউরোপীয় শক্তিগুলো বিস্তৃত করেছিল নিজেদের উৎপাদিত পণ্যের বাজার।,,,,,
"আফ্রিকা মহাদেশকে উপনিবেশ করার প্রচেষ্টার মধ্য দিয়ে ইউরোপীয় শক্তিগুলো উদ্ভাবিত নতুন অস্ত্রগুলোর কার্যকারিতা পরীক্ষার সুযোগ পায়, নিজেদের অধীনে থাকা বিশাল সামরিক বাহিনীকে কাজে লাগানোর সু্যোগ পায়, সন্তুষ্ট করে জাতীয়তাবাদী রাজনৈতিক গোষ্ঠীগুলোকেও।",,,,,
"সাংস্কৃতিক বৈচিত্র্যের আধার আফ্রিকা মহাদেশের প্রতি ইউরোপের আগ্রহের অন্যতম কারণ ছিল প্রাকৃতিক সম্পদ। তেল ও গ্যাসের উৎস ছিল আলজেরিয়া, অ্যাঙ্গোলো, ক্যামেরুন, সাদ, কঙ্গোর মতো দেশগুলো।",,,,,
"হীরকও পাওয়া যেত আফ্রিকা মহাদেশের বিভিন্ন অংশে। সোনা, নিকেল, ইউরেনিয়াম, আকরিক লোহা, অ্যালুমিনিয়ামের মতো মূল্যবান প্রাকৃতিক সম্পদের যোগান দিয়েছে আফ্রিকা মহাদেশ, পশ্চিম সাহারায় পাওয়া যেত ফসফেট, কপারের মতো খনিজ পদার্থ।",,,,,
"আবার, আটলান্টিক রেভ্যলুশনের পর থেকেই ইউরোপ শাসনতান্ত্রিক পরিবর্তনের জন্য আন্দোলনের মধ্যে গিয়ে গিয়েছে, বিভিন্ন দেশে সংস্কারপন্থীদের মাধ্যমে হয়েছে বিপ্লব। ক্যাথলিক আর প্রোটেস্ট্যান্টদের মধ্যে ধর্মীয় বিরোধও তখন তুঙ্গে ওঠে, ধর্মীয় বিরোধগুলো বিভিন্নভাবে ধারণ করতে থাকে সহিংস রূপ। ",,,,,
"খ্রিষ্টান ধর্ম প্রচারের উদ্দেশ্যেও ইউরোপীয় শক্তিগুলোর আগমন ঘটে আফ্রিকাতে। আফ্রিকা মহাদেশে খ্রিষ্টান ধর্মের আগমন ঘটে প্রথম শতাব্দীতেই, বিস্তৃত হয় উত্তর আফ্রিকার বিভিন্ন দেশগুলোতে।",,,,,
"পরবর্তী সময়ে, সপ্তম শতাব্দীতে ইসলামের বিকাশ ঘটে আফ্রিকায়, বিস্তৃত হয় আফ্রিকার বড় একটা অংশ জুড়ে। সাম্রাজ্যবাদী শক্তিগুলো নিজেদের সাম্রাজ্য বিস্তারের সাথে সাথে নিজেদের উপনিবেশ শাসনের নৈতিক বৈধতা অর্জনের জন্য করেছে ধর্মপ্রচারের কাজও। ",,,,,
"ফলে, আফ্রিকাতে পঞ্চদশ শতাব্দীতে পর্তুগালের আগমনের সাথে সাথে আগমন ঘটে খ্রিষ্টান মিশনারিদেরও।",,,,,
"অভিবাসী হওয়া ইউরোপীয়রা আফ্রিকাতে এসে পায় ভূমির দখল, চর্চার সুযোগ পায় রাজনৈতিক ক্ষমতা। জনসংখ্যার এই বিকেন্দ্রীকরণ অভিবাসী হওয়া ইউরোপীয়দের এবং মূল ভূখণ্ডে থাকা ইউরোপীয়দের জীবনমান বাড়ায়।",,,,,
"এখন পর্যন্ত রাষ্ট্রবিজ্ঞানীদের ধারণা, আফ্রিকাতে রাজনৈতিক প্রতিষ্ঠান হিসেবে রাষ্ট্রের যাত্রা শুরু হয়, মানবসভ্যতার প্রথম রাষ্ট্র ছিল বর্তমান ইথিওপিয়া ও মিশরকে কেন্দ্র করে গড়ে ওঠা রাষ্ট্রটি।",,,,,
"সুদীর্ঘকাল থেকে আফ্রিকাতে রাষ্ট্রকাঠামো ও রাজনীতির চর্চা থাকলেও, পরিবর্তিত রাজনৈতিক পরিস্থিতির সাথে খাপ খাওয়াতে বারবারই ব্যর্থ হয়েছে আফ্রিকার দেশগুলো।",,,,,
"ইউরোপীয়দের সংস্পর্শে আসার পরেও একটা দীর্ঘ সময় স্বাধীনতা ছিল আফ্রিকানদের, ম্যালেরিয়ার ভয়ে ইউরোপীয়দের দখলদারিত্ব সীমাবদ্ধ ছিল সমুদ্র তীরবর্তী অঞ্চলগুলোতেই। ",,,,,
"নিজেদের প্রতিরক্ষা ব্যূহ তৈরি করার জন্য কয়েক শতাব্দী সময় পেলেও সেটা কাজে লাগায়নি আফ্রিকানরা, ব্যবহার করতে পারেনি প্রকৃতিপ্রদত্ত ভৌগোলিক সুবিধাগুলো।",,,,,
"প্রায় একই কারণে ইউরোপের উপনিবেশ শাসনের অধীনে গেছে এশিয়া মহাদেশের বড় একটা অংশ, ইউরোপের উপনিবেশ শাসনের অধীনে ছিল উত্তর আমেরিকা আর দক্ষিণ আমেরিকার বড় একটা অংশ।",,,,,
"বাংলাদেশ থেকে কাজ আর উপার্জনের আশায় যে বিপুল সংখ্যক মানুষ প্রতিবছর বিদেশে যায়, তাদের কাছে মধ্যপ্রাচ্য এবং ইউরোপের বিভিন্ন দেশ ছাড়াও জনপ্রিয় একটি গন্তব্য হয়ে উঠেছে দক্ষিণ আফ্রিকা।",,,,,
বাংলাদেশ থেকে মানুষজন দক্ষিণ আফ্রিকায় কাজের সন্ধানে যেতে শুরু করে নব্বই-এর দশক থেকে। তবে গত ১৫ বছর ধরে বাংলাদেশিদের জন্য দক্ষিণ আফ্রিকা হয়ে উঠেছে একটি গুরুত্বপূর্ণ গন্তব্য।,,,,,
"অভিবাসী হওয়া ইউরোপীয়রা আফ্রিকাতে এসে পায় ভূমির দখল, চর্চার সুযোগ পায় রাজনৈতিক ক্ষমতা। জনসংখ্যার এই বিকেন্দ্রীকরণ অভিবাসী হওয়া ইউরোপীয়দের এবং মূল ভূখণ্ডে থাকা ইউরোপীয়দের জীবনমান বাড়ায়।",,,,,
"আফ্রিকা একমাত্র মহাদেশ যেখানে ক্ষুধার প্রবণতা উল্টো যাচ্ছে। সেখানে ২০২৩ সালে ২৯৬ মিলিয়ন মানুষ পর্যাপ্ত পুষ্টি পাননি, যা ২০২৪ সালে বেড়ে ৩০৬ মিলিয়নে পৌঁছেছে।",,,,,
"দীর্ঘদিনের খেতি, অতিরিক্ত রাসায়নিক ব্যবহার এবং খরার কারণে আফ্রিকার মাটি পুষ্টিহীন হয়ে গেছে। মাটি পুনরুজ্জীবিত করার মাধ্যমে ফসলের ফলন বৃদ্ধি করা সম্ভব।",,,,,
"আফ্রিকা মহাদেশ আজ এক বড় চ্যালেঞ্জের মুখোমুখি। খরা, বন্যা এবং ক্ষয়প্রাপ্ত জমির কারণে খাদ্য নিরাপত্তা ঝুঁকির মধ্যে রয়েছে।",,,,,
আফ্রিকার নীতি নির্ধারকরা সময়মতো কার্যকর পদক্ষেপ নিলে এই পরিস্থিতি রোধ করা সম্ভব। সবচেয়ে কার্যকর উপায় হলো কৃষি উৎপাদনশীলতা বৃদ্ধি করা এবং আবহাওয়ার চরম প্রভাব—যেমন খরা ও অতিবৃষ্টির ঝুঁকি কমানো।,,,,,
আফ্রিকার কৃষি উন্নয়নের জন্য পাঁচটি গুরুত্বপূর্ণ ক্ষেত্রের দিকে জোর দিতে হবে। এর মধ্যে সবচেয়ে জরুরি হলো মাটির স্বাস্থ্য উন্নয়ন এবং ক্ষয়প্রাপ্ত ভূমি পুনরুদ্ধার। ,,,,,
আফ্রিকার নেতারা ক্রমশ এই সংকটের গুরুত্ব বুঝতে শুরু করেছেন। ২০২৪ সালে আফ্রিকান ইউনিয়ন সার্বিকভাবে সার ও মাটির স্বাস্থ্য বিষয়ক একটি শীর্ষ সম্মেলন আয়োজন করে। ,,,,,
আফ্রিকার কৃষিক্ষেত্রে টেকসই উৎপাদন বৃদ্ধি ও স্থিতিশীলতা নিশ্চিত করতে গবেষণা ও উন্নয়নে (R&D) বিনিয়োগ বৃদ্ধি একটি অপরিহার্য পদক্ষেপ।,,,,,
"চলতি বছরের শুরুতে বোৎসওয়ানা নিজস্ব স্যাটেলাইট চালু করেছে। এর মাধ্যমে কৃষিতে রিয়েল-টাইম তথ্য সরবরাহ করা সম্ভব হবে, যা রোগ ও কীটপোকা শনাক্তকরণ, সেচ পরিকল্পনা এবং ফসলের উৎপাদন বৃদ্ধি ক্ষেত্রে গুরুত্বপূর্ণ ভূমিকা রাখবে।",,,,,
আফ্রিকার কৃষি খাত দ্রুত পরিবর্তনের মুখোমুখি। নতুন প্রযুক্তি ও উদ্ভাবন গ্রহণের জন্য শুধু কৃষকদের কাছে সেগুলো পৌঁছে দেওয়া যথেষ্ট নয়। সরকারগুলোকে আরও ব্যাপকভাবে এগিয়ে আসতে হবে। এর মধ্যে অন্যতম হলো কৃষকদের আর্থিক সহায়তা বৃদ্ধি করা।,,,,,
"আফ্রিকায় কৃষিকাজের প্রায় ৪০ শতাংশ শ্রমিক মহিলা কিন্তু তারা নানা ধরনের প্রতিবন্ধকতার কারণে সম্পূর্ণ অংশগ্রহণ করতে পারে না। সীমিত জমির মালিকানা, প্রশিক্ষণের অভাব এবং সামাজিক-নীতিগত বাধা তাদের উন্নয়নের পথে বাঁধা সৃষ্টি করে।",,,,,
যুব সমাজও আফ্রিকার কৃষি খাতে গুরুত্বপূর্ণ ভুমিকা রাখতে পারে। ২০৫০ সালের মধ্যে আফ্রিকার যুবসংখ্যা প্রায় দ্বিগুণ হবে। ,,,,,
"আফ্রিকান ইউনিয়ন এবং অন্যান্য অংশীদারদের যুবকৃষক ও উদ্ভাবকদের জন্য প্রশিক্ষণ, অর্থায়ন এবং প্রয়োজনীয় সম্পদ সরবরাহ করতে হবে। এতে শুধু ক্ষুধা হ্রাস হবে না, দীর্ঘমেয়াদি অর্থনৈতিক প্রবৃদ্ধিও নিশ্চিত হবে।",,,,,
"আফ্রিকায় ক্ষুধার সমস্যার সমাধানের জন্য প্রয়োজন শুধু সঠিক সুযোগ, সহায়তা ও নীতি। মহাদেশের কাছে ইতিমধ্যেই সমাধানের বীজ আছে, এখন সেগুলোকে ফলিয়ে তোলার সঠিক পরিবেশ তৈরি করলেই দীর্ঘমেয়াদি খাদ্য নিরাপত্তা নিশ্চিত হবে।",,,,,
আফ্রিকার দেশগুলোতে একের পর এক সেনা অভ্যুত্থানের মাধ্যমে গণতান্ত্রিক শাসনব্যবস্থার অবসান ঘটছে। এর বদলে উত্থান হচ্ছে নতুন নতুন সেনাশাসকের।,,,,,
০২০ সাল থেকে আফ্রিকায় ১০টি অভ্যুত্থানের ঘটনা ঘটেছে। এসব অভ্যুত্থানের বেশিরভাগই হয়েছে মধ্য ও পশ্চিম আফ্রিকার দেশগুলোতে। কিন্তু সামরিক অভ্যুত্থানকারীদের বিরুদ্ধে অবস্থান না নিয়ে বরং গণতন্ত্রের এ পতনে উল্লাস করতে দেখা গেছে এসব দেশের মানুষকে। রাজপথে অভ্যুত্থানকারীদের পক্ষ নিয়ে স্লোগান দিয়েছেন তারা।,,,,,
"আফ্রিকার এই রাজনৈতিক অবস্থার পেছনের কারণটি পশ্চিমাবিরোধী মনোভাব। আর গণতন্ত্রের ওপর আস্থাহীনতায়। কারণ অঞ্চলচির বেশিরভাগ দেশে মানুষের কথা ভেবে গণতান্ত্রিক ব্যবস্থা পরিচালিত হয় না, এটা হয় মুষ্টিমেয় মানুষের স্বার্থে।",,,,,
গত বুধবার সামরিক অভ্যুত্থানে ক্ষমতাচ্যুত হয়েছেন ২০০৯ সাল থেকে মধ্য আফ্রিকার দেশ গ্যাবনের প্রেসিডেন্ট হিসেবে দায়িত্ব পালন করা আলি বাঙ্গো। অভ্যুত্থানের পরপরই প্রকাশিত সংক্ষিপ্ত একটি ভিডিও চিত্রে তিনি তার পক্ষে ‘আওয়াজ তোলার জন্য’ দেশবাসীর প্রতি আহ্বান জানান তিনি।,,,,,
"আলজাজিরা বলছে, গ্যাবনের আগে আফ্রিকায় সর্বশেষ অভ্যুত্থানটি হয়েছে গত ২৬ জুলাই, নাইজারে। অভ্যুত্থানের পর দেশটির জেনারেলরা রাষ্ট্রক্ষমতার দখল নেন। সেই সামরিক সরকারের সমর্থনে স্টেডিয়ামগুলো ছিল কানায় কানায় পূর্ণ।",,,,,
অভ্যুত্থানের মাধ্যমে তাকে ক্ষমতা থেকে অপসারিত করে সামরিক বাহিনী। গিনির সেই অভ্যুত্থানের পক্ষে অবস্থান নিয়েছিল দেশটির জনতার বড় অংশ। সেনাদের ক্ষমতা দখল উদযাপন করেছিল তারা।,,,,,
আফ্রিকায় বেসামরিক নেতৃত্ব নিয়ে সাধারণ মানুষ হতাশ। সামরিক নেতৃত্ব নিয়ে তাদের এ আশাবাদ সে হতাশারই প্রতিফলন। ,,,,,
"কোফি হফম্যান বলেন, সামরিক বাহিনীর রাষ্ট্রক্ষমতা দখলে জনগণের এ সমর্থন সরাসরি নয়। অর্থাৎ মানুষ সেনাবাহিনীকে সমর্থন নয়, বরং তারা ক্ষমতার পালাবদল চায়।",,,,,
"আলজাজিরার প্রতিবেদন বলছে, গত বছর আফ্রিকার দেশগুলোতে একটি জরিপ পরিচালনা করে আফ্রিকাভিত্তিক গবেষণা প্রতিষ্ঠান আফ্রোব্যারোমিটার। তাতে দেখা যায়, মহাদেশটির মাত্র ৪৪ শতাংশ মানুষ মনে করে, ভোট দেওয়ার মাধ্যমে নিজেদের অপছন্দের প্রার্থীকে ক্ষমতা থেকে অপসারিত করা",,,,,
"আফ্রিকার দেশগুলোতে ক্ষমতাসীন প্রেসিডেন্টরা সময় পেরোলে নির্বাচন দেন ঠিকই, যা নিতান্তই নিয়ম রক্ষার। গ্যাবনের প্রেসিডেন্ট আলি বাঙ্গো তার একটি উদাহরণমাত্র। উগান্ডা, রুয়ান্ডা, ইকুয়েটোরিয়াল গিনি ও ক্যামেরুনের মতো দেশগুলোর প্রেসিডেন্টরাও অন্তত দুই দশক ধরে রাষ্ট্রীয় ক্ষমতা আঁকড়ে ধরে আছেন।",,,,,
ক্রমাগত নিত্যপণ্যের দাম বাড়তে থাকায় আফ্রিকার জনজীবনে চরম দুর্দশা দেখা দিয়েছে। এতে সংঘাত-সংঘর্ষের ঘটনাও বাড়ছে। বাড়ছে দরিদ্র মানুষের সংখ্যা। ,,,,,
"গত পাঁচ বছরে আফ্রিকার যেসব দেশে সেনা অভ্যুত্থান হয়েছে, সুদান বাদে বাকি সব দেশই একসময় ফ্রান্সের উপনিবেশ ছিল। এসব দেশের সরকারের ওপর প্রভাব, কর্র্তৃত্ববাদী শাসকদের পক্ষ নেওয়া ও তাদের প্রতি সমর্থন জুগিয়ে যাওয়ায় ফ্রান্সকে দায়ী করে থাকে সাধারণ মানুষ।",,,,,
"আফ্রিকার মানুষ যে সেনা অভ্যুত্থানকে স্বাগত জানাচ্ছেন, তার অন্যতম কারণ সাধারণ মানুষের গণতান্ত্রিক অধিকার না থাকা ও এর সুফল না পাওয়া। তবে তারা এ-ও বলছেন, সুন্দর ভবিষ্যতের যে আশায় সাধারণ মানুষ সামরিক সরকারকে সমর্থন দিচ্ছে, সেই সরকারও তাদের ভাগ্য পরিবর্তনে কাজে আসবে না।",,,,,
"যুক্তরাষ্ট্রভিত্তিক প্রতিষ্ঠান অ্যাটলাস নেটওয়ার্কের সেন্টার ফর আফ্রিকান প্রসপারিটির ফেলো ইব্রাহিম আনোবা এ প্রসঙ্গে বলেন, এটা অনেকটা ঘা হওয়ার মতো।",,,,,
", আফ্রিকায় অভ্যুত্থান-বলয়ের পরিধি বাড়ছেই। অভ্যুত্থান ছড়িয়ে পড়েছে পুরো সাহেল অঞ্চলে। প্রাথমিক বিচারে অভ্যুত্থানের এ প্রবণতাকে আফ্রিকার দেশগুলোর পশ্চাৎযাত্রা বলে মনে হতে পারে। মনে হতে পারে দেশগুলো সামরিক শাসনে ফিরে যেতে আগ্রাসী পথ নিচ্ছে। ",,,,,
"আফ্রিকার বাস্তব পরিস্থিতি আরও বেশি জটিল। তিনি মনে করেন, অভ্যুত্থানের পেছনে বিচিত্র কারণ রয়েছে। এর মধ্যে রয়েছে, দুর্বল রাষ্ট্রকাঠামো, শক্তিশালী সেনাবাহিনী ও আধা সামরিক বাহিনী, জলবায়ু পরিবর্তনের ফলে জীবনযাত্রার সংকট, বিশালাকার তরুণ জনগোষ্ঠী ও অর্থনৈতিক অনিশ্চয়তা।",,,,,
"আফ্রিকার প্রতি গুরুত্ব দিয়েছেন, এ দেশের পররাষ্ট্রনীতি, বাণিজ্য বা সর্বোপরি অর্থনীতির জন্য তা একটা ভালো দৃষ্টিভঙ্গি। ",,,,,
"। আফ্রিকার প্রতি বাংলাদেশের আরও আগ্রহী হওয়া উচিত, এ কথা নানান স্টাডি ফোরামে দীর্ঘদিন থেকে বলা হচ্ছে। সব থেকে আশ্চর্য লাগে, বাংলাদেশ ও আফ্রিকার মানুষের গায়ের রং, আচার-আচরণ বা পারিবারিক, সামাজিক কাঠামো ও রীতিনীতি একই রকম।",,,,,
অন্যান্য এশীয় দেশ ইতোমধ্যে অনেক যোগাযোগ বাড়িয়েছে আফ্রিকার সঙ্গে। যেমন এ সপ্তাহেই এশিয়ার অন্যতম ধনী দেশ সিঙ্গাপুর আফ্রিকায় তাদের বিনিয়োগ ও বাণিজ্য আরও বাড়ানোর জন্য চুক্তি করেছে। ,,,,,
সিঙ্গাপুরের মতো এশিয়ার সব থেকে ধনী দেশ চায়নাও আফ্রিকার অনেক দেশে তাদের বিনিয়োগ ও ব্যবসা বাড়িয়ে চলেছে প্রতিনিয়ত। ,,,,,
যা ২০৫০ সালের মধ্যে হওয়ার কথা সেই লক্ষ্যে আফ্রিকার দেশগুলো ২০৩০-এর মধ্যে পৌঁছানোর পথে।,,,,,
আফ্রিকার কৃষি উৎপাদন ও কৃষি-শিল্পে ছোট আকারে বিনিয়োগ যথেষ্ট লাভজনক। যার ফলে আফ্রিকা তাদের টেকসই উন্নয়নের লক্ষ্যে আগামী ২০৬৩-তে পৌঁছে যাবে।,,,,,
"পৃথিবীর অর্থনীতির বড় অংশ যেমন এশিয়ার হাতে থাকবে, তেমনি আফ্রিকাও এই শতকের মধ্যভাগে গিয়ে অর্থনীতির একটি বড় অঞ্চল হবে। ",,,,,
আফ্রিকার অন্যান্য দেশও দ্রুত এগোবে- কারণ সেখানে বিদ্যুৎ ও শ্রম সস্তা। তাই বাংলাদেশকে আফ্রিকার দিকে মনোযোগ দেয়া এখন একটি অনিবার্য বিষয়। ,,,,,
বাংলাদেশকেও এখন মনোযোগ দিতে হবে আফ্রিকার কৃষি উৎপাদন ও কৃষিজাত পণ্য উৎপাদনে বিনিয়োগের দিকে,,,,,
আফ্রিকার প্রতিটি কৃষিপণ্যের ওপর এখন গবেষণা করা দরকার। যাতে তার প্রতিটি কৃষিপণ্যের ফলন বাড়ে। ,,,,,
"কঠোর শাসক গাদ্দাফীর বিরুদ্ধে দমন-পীড়নসহ কিছু কিছু অভিযোগ ছিল। কিন্তু এ কথাও সত্য যে, তার আমলে লিবিয়ায় স্থিতিশীলতা ছিল। ছিল কর্মসংস্থান। ",,,,,
"আফ্রিকা তো বটেই, এশিয়ার বিভিন্ন দেশের অভিবাসী শ্রমিকদের কাছে লিবিয়া ছিল লোভনীয় কর্মক্ষেত্র। দেশটিতে গিয়ে তারা বিপুল অর্থ আয় করেছে।",,,,,
কিন্তু মু‘আম্মার গাদ্দাফীর পতনের পর লিবিয়ায় শুরু হয় অস্থিরতা। হানাহানি ছড়িয়ে পড়ে সর্বত্র। চরম অরাজক পরিস্থিতিতে আফ্রিকার দেশ ঘানার অনেক প্রবাসী শ্রমিক লিবিয়া ছাড়তে বাধ্য হয়। ,,,,,
ঐ শ্রমিকদের কাছে গাদ্দাফী ছিলেন আফ্রিকার ত্রাতা। লিবিয়ার মৃত নেতার জন্য তাদের মন এখনো কাঁদে।,,,,,
"এক অনুসন্ধানে দেখা যায়, বিশ্বের ৬৪ কোটি ৩০ লাখেরও বেশি মানুষ চরম দারিদ্র্যে দিন কাটাচ্ছে। এর মধ্যে দুই-তৃতীয়াংশ আফ্রিকার অধিবাসী। ",,,,,
এ বছরের শেষ নাগাদ আফ্রিকার দেশগুলোর এই দরিদ্র মানুষের সংখ্যা বর্তমানের চেয়ে প্রায় ৩২ লাখ বাড়বে।,,,,,
আফ্রিকা সবচেয়ে বেশি তেল উৎপাদনকারী দেশ হওয়া সত্ত্বেও নাইজেরিয়া তাদের সম্পদ ব্যবহার করে জীবনমান উন্নয়নে সংগ্রাম করে যাচ্ছে।,,,,,
"সম্প্রতি তেলের মূল্যবৃদ্ধি দেশটির অর্থনীতি চাঙা করতে সাহায্য করছে। চলতি বছরের মার্চ মাসের পরিস্থিতি তুলে ধরে আন্তর্জাতিক মুদ্রা তহবিল (আইএমএফ) জানায়, যদিও প্রবৃদ্ধি বাড়ছে, তারপরও নাইজেরিয়াকে বেকারত্ব ও দারিদ্র্য দূর করায় আরও অনেক কিছু করতে হবে।",,,,,
"নাইজেরিয়াতে যেখানে প্রতি মিনিটে আনুমানিক ছয়জন চরম দারিদ্র্যসীমার নিচে বসবাস করে, সেখানে ভারতে দারিদ্র্য কমছে।",,,,,
"গবেষণায় দেখা গেছে, আফ্রিকার ১৮টি দেশের মধ্যে ১৪টিতে দারিদ্র্য বাড়ছে। এ ধারা অব্যাহত থাকলে ২০৩০ সাল নাগাদ বিশ্বের দরিদ্র মানুষের ৯০ শতাংশই হবে এই মহাদেশের।",,,,,
"পঞ্চদশ শতাব্দীতে ইউরোপের সাথে আফ্রিকার যোগাযোগ স্থাপিত হওয়ার সাথে সাথেই দুই মহাদেশের মধ্যে শুরু হয় ব্যবসা-বাণিজ্য, শুরু হয় সাংস্কৃতিক আদান-প্রদান। সময়ের সাথে দাস ব্যবসার সাথে জড়িয়ে পড়ে ইউরোপীয়রা, ঊনবিংশ শতাব্দীর শেষদিকে এসে স্থাপন করে উপনিবেশ।",,,,,
"পুরো সময় জুড়ে ইউরোপ থেকে বিভিন্ন কারণে মানুষ আফ্রিকায় এসেছে, আফ্রিকা ইউরোপীয়দের আগ্রহের কেন্দ্রবিন্দুতে থেকেছে এর সম্পদ আর কাঁচামালের ভাণ্ডারের জন্য।",,,,,
"তবে শুরুর দিকে ইউরোপীয়দের বাণিজ্যিক কার্যক্রম সীমাবদ্ধ ছিল সমুদ্র তীরবর্তী অঞ্চলগুলোতেই, ম্যালেরিয়াতে মৃত্যুর ভয়ে ভূখণ্ডের খুব বেশি ভেতরের দিকে যায়নি ইউরোপীয়রা।",,,,,
"সম্পদের প্রাচুর্য আর বাণিজ্যিক সম্ভাবনায় আফ্রিকায় আসা ইউরোপীয় সাম্রাজ্যবাদী শক্তিগুলোর পরোক্ষ উপনিবেশের অধীনে ছিল প্রায় চার শতক, প্রত্যক্ষ উপনিবেশ ছিল গড়ে প্রায় সাত দশক। ",,,,,
আফ্রিকায় ইউরোপীয় উপনিবেশবাদকে তিনটি পর্যায়ে ভাগ করা যায়। প্রথম পর্যায়ে প্রায় তিন দশক আফ্রিকাতে পরোক্ষ উপনিবেশবাদ চলে ইউরোপীয় দেশগুলোর। ,,,,,
"এ পর্যায়ে আফ্রিকার বিভিন্ন অঞ্চল থেকে আফ্রিকানদের বন্দী করে জোরপূর্বক দাস হিসেবে বিক্রি করে দেয় উত্তর আমেরিকা, দক্ষিণ আমেরিকা আর ক্যারিবীয় অঞ্চলের দেশগুলোতে, বিভিন্ন পণ্য কম দামে আফ্রিকা থেকে কিনে নিয়ে বিক্রি করতে থাকে ইউরোপের বাজারে, ইউরোপের বণিকদের নজর পড়ে আফ্রিকার প্রাকৃতিক সম্পদের দিকেও।",,,,,
"দ্বিতীয় পর্যায়ে ইউরোপীয় শক্তিগুলো জাতীয়তাবাদী চেতনায় উদ্ধুদ্ধ হয়ে সাম্রাজ্যে বিস্তারের নেশায় সরাসরি উপনিবেশ স্থাপন করতে থাকে আফ্রিকাতে, নিতে শুরু করে রাজনৈতিক নিয়ন্ত্রণ। জার্মানির বিসমার্ক আর ফ্রান্সের প্রধানমন্ত্রী জুলিফেরির আগ্রহে হওয়া বার্লিন সম্মেলনে আফ্রিকা ভাগ হয় সাম্রাজ্যবাদী শক্তিগুলোর মধ্যে। এ পর্ব চলে দ্বিতীয় বিশ্বযুদ্ধের সমাপ্তি পর্যন্ত। ",,,,,
"সরাসরি উপনিবেশ স্থাপনের সময়টাতে নির্বিচারে আফ্রিকানদের হত্যা করে ইউরোপীয় শক্তিগুলো। তাদের কাছ থেকে ভূমি কেড়ে নিয়ে নিজেদের কাজে ব্যবহার শুরু করে, প্রাকৃতিক সম্পদ উত্তোলন করে সেগুলো পাচার করে দিতে থাকে মূলভূমিতে। ",,,,,
"তৃতীয় পর্যায় হিসেবে চিহ্নিত করা যায় দ্বিতীয় বিশ্বযুদ্ধের সমাপ্তির পর থেকে দেশগুলোর স্বাধীনতা অর্জনের সময় পর্যন্ত। আধুনিক শিক্ষায় শিক্ষিত আফ্রিকানদের একটি অংশ দ্বিতীয় বিশ্বযুদ্ধের পরবর্তী সময়ে দাবি জানাতে থাকে উপনিবেশ শাসন থেকে সমাপ্তির, নিজেদের রাজনৈতিক ভবিষ্যৎ নির্ধারণের অধিকার নিজেদের হাতে পাওয়ার।",,,,,
মানবসভ্যতার অন্যতম ধ্বংসাত্মক আর বিস্তৃত যুদ্ধ ছিল দ্বিতীয় বিশ্বযুদ্ধ। এ যুদ্ধের অভিজ্ঞতা আর বিশ্বযুদ্ধ পরবর্তী পৃথিবীতে তৈরি হওয়া মূল্যবোধ স্থায়ীভাবে বদলে দেয় আন্তর্জাতিক রাজনীতিকে।,,,,,
"জাতিসংঘের মতো বিভিন্ন আন্তর্জাতিক সংগঠন তৈরির সাথে সাথে স্বীকৃতি আসে বিশ্বজনীন মানবাধিকার আর রাজনৈতিক অধিকারের। সাম্রাজ্যবাদের যুগ থেকে পৃথিবী প্রবেশ করে জাতিরাষ্ট্রের যুগে, স্বাধীনতা অর্জন করে পৃথিবীর বিভিন্ন প্রান্তের উপনিবেশগুলো।",,,,,
ভারতীয় উপমহাদেশ বিশ্বযুদ্ধের পরপরই স্বাধীনতা অর্জন করলেও আফ্রিকা মহাদেশের দেশগুলোকে স্বাধীনতা অর্জনের জন্য রাজনৈতিক আন্দোলন আর সংগ্রাম করতে হয় আরো বছর দশেক থেকে কয়েক দশক পর্যন্ত।,,,,,
আফ্রিকা মহাদেশের দেশগুলোর স্বাধীনতা অর্জনের প্রক্রিয়াকে প্রভাবিত করেছিল বেশ কিছু রাজনৈতিক আর সাংস্কৃতিক নিয়ামক; কিছু নিয়ামকের ফলে স্বাধীনতার প্রক্রিয়া হয়েছিল ত্বরান্বিত।,,,,,
"গোষ্ঠীবদ্ধ কাঠামোতে আফ্রিকার নাগরিকেরা সভ্যতার সাথে এগিয়েছে, গোষ্ঠী কাঠামোতেই ইউরোপীয়দের বিরুদ্ধে এক অসম যুদ্ধ করেছে আফ্রিকানরা। ",,,,,
"গোষ্ঠীবদ্ধ কাঠামোতে আফ্রিকার নাগরিকেরা সভ্যতার সাথে এগিয়েছে, গোষ্ঠী কাঠামোতেই ইউরোপীয়দের বিরুদ্ধে এক অসম যুদ্ধ করেছে আফ্রিকানরা। ",,,,,
"ভাষা, অঞ্চল আর ধর্মকে কেন্দ্র করে গঠিত হয়েছে গোষ্ঠীগুলো, তৈরি হয়েছে নৃতাত্ত্বিক পরিচয়। চার হাজার ভাষা আর পাঁচশোর বেশি ধর্মের সম্মিলন ঘটেছে আফ্রিকা মহাদেশে। ফলে, আফ্রিকা মহাদেশের মানুষদের মধ্যে ছিল ভাষাকেন্দ্রিক বিভাজন, ধর্মকেন্দ্রিক বিভাজনের সাথে ছিল অঞ্চলভিত্তিক স্বার্থের দ্বন্দ্বও।",,,,,
"উপনিবেশ শাসনের অধীনে থাকা দেশগুলোর মধ্যে রাজনৈতিক দল তৈরির প্রক্রিয়া তুলনামূলকভাবে আগে শুরু হয় নাইজেরিয়াতে। ১৯৪০ সালে সেখানে প্রতিষ্ঠিত হয় নর্দার্ন পিপলস কংগ্রেস, পরের বছর প্রতিষ্ঠিত হয় ন্যাশনাল কাউন্সিল ফর নাইজেরিয়ান কংগ্রেস।",,,,,
"দ্বিতীয় বিশ্বযুদ্ধের পরবর্তী সময়ে আফ্রিকার দেশগুলোতে সাম্রাজ্যবাদী শক্তিগুলো যখন স্বশাসন চালুর চেষ্টা করে, সে সুযোগ কাজে লাগিয়ে আফ্রিকার বিভিন্ন দেশে গড়ে ওঠে অনেকগুলো স্বাধীনতাকামী রাজনৈতিক দল। ",,,,,
"আলজেরিয়াতে ১৯৪৬ সালে প্রতিষ্ঠিত হয় মুভমেন্ট ফর দ্য ট্রায়াম্ফ অভ ডেমোক্রেটিক লিবার্টিজ (এমটিএলএফ), পরের বছর ঘানাতে প্রতিষ্ঠিত হয় ইউনাইটেড গোল্ড কোস্ট কনভেনশন নামক রাজনৈতিক দল। ",,,,,
"রাজনৈতিক দল তৈরির এ প্রক্রিয়া ছড়িয়ে পড়ে সেনেগাল, ক্যামেরুন, অ্যাঙ্গোলা, মোজাম্বিক, জাম্বিয়া, কেনিয়া, উগান্ডার মতো ঔপনিবেশিক দেশগুলোতেও। এই দলগুলো জনগণের মধ্যে রাজনৈতিক সচেতনতা তৈরি করে, স্বাধীনতার রাজনৈতিক আকাঙ্ক্ষা তৈরি করে, স্বাধীনতার জন্য সামষ্টিক চাপ প্রয়োগ করে সাম্রাজ্যবাদী শক্তিগুলোর উপর।",,,,,
বহু মত আর সাংস্কৃতিক বৈচিত্র্যের মধ্যে গোষ্ঠীকেন্দ্রিক বিভাজনে থাকা আফ্রিকার মানুষেরা দ্বিতীয় বিশ্বযুদ্ধের পরে একটি সাধারণ আকাঙ্ক্ষায় একত্র হয়- উপনিবেশ শাসন থেকে মুক্তি পেয়ে স্বাধীনতা অর্জন। ,,,,,
"ধর্ম, ভাষা, নৃতাত্ত্বিক পরিচয়ের উর্ধ্বে আফ্রিকার সব মানুষই ইউরোপীয়ানদের শোষণের শিকার হয়, অনেকে ইউরোপীয়দের কাছে হারায় ভূমি আর বাসস্থান। আফ্রিকানদের দাসত্বে বাধ্য করেছিল ইউরোপীয়রাই, কেড়ে নিয়েছিল মানুষ হিসেবে পাওয়া প্রাকৃতিক অধিকারগুলো। ",,,,,
আফ্রিকা মহাদেশের দেশগুলোর স্বাধীনতা অর্জনের ঘটনাপ্রবাহকে ‘বিউপনিবেশায়ন’ শব্দ দ্বারাই ব্যাখ্যা করা হয় আন্তর্জাতিক রাজনীতি সংক্রান্ত লেখাগুলোতে। শব্দটি ব্যবহারের মাধ্যমে পরোক্ষভাবে আফ্রিকার এই স্বাধীনতা অর্জনের প্রক্রিয়াকে ইউরোপীয় সাম্রাজ্যবাদী শক্তিগুলোর ‘স্বেচ্ছাসেবামূলক’ কাজ হিসেবে দেখানোর একটি প্রবণতা আছে। ,,,,,
"প্রথমত, দ্বিতীয় বিশ্বযুদ্ধের সময়ে সাম্রাজ্যবাদী শক্তিগুলো অর্থনৈতিকভাবে সংকোচনের মধ্য দিয়ে যাচ্ছিল, বিপুল সামরিক ব্যয় হ্রাস করেছিল সাধারণ নাগরিকদের জীবনমান। নষ্ট হয়ে গিয়েছিল বৈশ্বিক সাপ্লাই চেইন, ধ্বংসের দ্বারপ্রান্তে পৌঁছে গিয়েছিল ইউরোপের শিল্পকাঠামো।",,,,,
আমাদের অর্থনীতির দ্রুত বিকাশের জন্য আমাদের অধীনে থাকা বিদেশি সম্পদগুলোর পূর্ণ ব্যবহার প্রয়োজন। ঔপনিবেশিক সম্পদগুলোর ব্যবহার ছাড়া দেশের অভ্যন্তরের জীবনমানে কোনো বড় উন্নতি করা সম্ভব নয়,,,,,
অর্থনৈতিকভাবে সাম্রাজ্যবাদী শক্তিগুলো স্বেচ্ছায় আফ্রিকানদের স্বাধীনতা দেওয়ার কোনো কারণ ছিল না।,,,,,
"দ্বিতীয় বিশ্বযুদ্ধের পর আন্তর্জাতিক রাজনীতিতে নতুন সমীকরণ হাজির হয় পশ্চিমা শক্তিগুলোর সামনে। মতাদর্শ হিসেবে গণতন্ত্রের বিপরীতে লড়াইয়ে নামে সোভিয়েত ইউনিয়নের কমিউনিজম। মতাদর্শ হিসেবে কমিনিজম বিস্তারের জন্য আফ্রিকা মহাদেশ হতে পারত আদর্শ জায়গা, যা বদলে দিতে পারত আন্তর্জাতিক রাজনীতির সমীকরণ, বাধাগ্রস্ত করত মুক্তবাণিজ্যের বিকাশ।",,,,,
"পশ্চিমাদের লক্ষ্যই ছিল, আফ্রিকাতে কমিউনিজমের বিকাশ যেকোনোভাবে আটকানো। অর্থাৎ, রাজনৈতিকভাবেও স্বেচ্ছায় আফ্রিকা মহাদেশকে স্বাধীনতা দেওয়ার কোনো কারণ নেই ইউরোপীয় দেশগুলোর।",,,,,
"দীর্ঘ রাজনৈতিক আন্দোলন আর সশস্ত্র সংগ্রামের মাধ্যমে আফ্রিকার দেশগুলো স্বাধীনতা অর্জন করলেও এখনো আফ্রিকাতে চলছে ইউরোপীয় সাম্রাজ্যবাদী শক্তিগুলোর পরোক্ষ উপনিবেশবাদ, চলছে শোষণ।",,,,,
"আফ্রিকার ১৪টি দেশের মুদ্রা ছাপা হয় ফ্রান্সের টাকশালে, বৈদেশিক মুদ্রার ৮৫ শতাংশ জমা রাখতে হয় ফ্রান্সের কাছে, ভাড়া দিতে হয় উপনিবেশ আমলের নির্মিত অবকাঠামোগুলোর জন্য। ",,,,,
"আফ্রিকায় উৎপাদিত তেল আর অন্যান্য খনিজের সিংহভাগ লভ্যাংশই যায় ইউরোপীয় পুঁজিপতিদের হাতে, শান্তিরক্ষী মিশনগুলো অংশ হচ্ছে সাম্রাজ্যবাদীদের এ শোষণে, বিভিন্নভাবে জিইয়ে রাখছে ক্রিয়াশীল গোষ্ঠীগুলোর মধ্যে সংঘাত আর সহিংসতা।",,,,,
আফ্রিকার ভূভাগের বিশাল অংশ জুড়ে রয়েছে মালভূমি। এই মালভূমির বিস্তৃত অংশ রয়েছে আফ্রিকার দক্ষিণাঞ্চল। এই অঞ্চল ঘিরে রয়েছে উচ্চভূমি। এই মালভূমির সাথে যুক্ত রয়েছে পূর্ব আফ্রিকার মালভূমি।,,,,,
আফ্রিকার ভূভাগের বিশাল অংশ জুড়ে রয়েছে মালভূমি। এই মালভূমির বিস্তৃত অংশ রয়েছে আফ্রিকার দক্ষিণাঞ্চল। এই অঞ্চল ঘিরে রয়েছে উচ্চভূমি। এই মালভূমির সাথে যুক্ত রয়েছে পূর্ব আফ্রিকার মালভূমি। তবে এই মালভূমির উচ্চতা দক্ষিণ আফ্রকার মালভূমির চেয়ে একটু বেশি। ,,,,,
"এই মালভূমির উত্তর দক্ষিণাঞ্চল জুড়ে রয়েছে পার্বত্য অঞ্চল এবং নিম্নভূমি-অঞ্চল।  এই নিম্নভূমিতে সৃষ্টি হয়েছে উপত্যাকা। এই উপত্যাকায় রয়েছে নিয়াসা হ্রদ, তানগানিকা হ্রদ, কিভু হ্রদ, এডওয়ার্ড হ্রদ।",,,,,
আফ্রিকাকে মানবজাতির সূতিকাগার বলা হয়। প্রায় ৩ কোটি ৩০ লক্ষ বৎসর আগে এপদের আদি পূর্বপুরুষের আবির্ভাব ঘটেছিল। ,,,,,
"বর্তমান আফ্রিকা মহাদেশ ৫টি ক্র্যাটনের উপরে দাঁড়িয়ে আছে। এই ক্র্যাটনগুলো হলো- কাপ্‌ভাল, জিম্বাবুয়ে, তাঞ্জানিয়া, কঙ্গো এবং পশ্চিম আফ্রিকান।  এই ক্র্যাটনগুলোর উৎপত্তি হয়েছিল ৩৬০ কোটি থেকে ২০০ কোটি খ্রিষ্টপূর্বাব্দের ভিতরে।",,,,,
"প্রাচীনত্বের বিচারে কাপ্‌ভালকে আফ্রিকার আদি ক্র্যাটন হিসেবে বিবেচনা করা হয়। ৩৭০ কোটি খ্রিষ্টপূর্বাব্দে এই ক্র্যাটনের সূচনা হয়েছিল, আর ৩৬০ কোটি খ্রিষ্টপূর্বাব্দের ভিতরে এই ক্র্যাটন সুস্থির দশায় পৌঁছায়।",,,,,
ধারণা করা হয় ৩৬০ থেকে ৩২০ কোটি খ্রিষ্টপূর্বাব্দের দিকে কাপ্‌ভালা ক্র্যাটনের বার্বের্টোন গ্রিনস্টোন বলয়ে উদ্ভব হয়েছিল মাখোঞ্জওয়া পর্বতমালা। এই পর্বতমালার দৈর্ঘ্য ১২০ কিলোমিটার এবং প্রস্থ প্রায় ৬০ কিলোমিটার। ,,,,,
"এই মহাদেশের ইউরোপীয়দের আধিপত্য প্রতিষ্ঠিত হওয়ার পর. ইউরোপীয় এবং আরব বণিকেরা লক্ষ লক্ষ আফ্রিকানদের দাস হিসেবে উত্তর আমেরিকা, দক্ষিণ আমেরিকা ও ক্যারিবীয় দ্বীপপুঞ্জের পাঠিয়েছিল। ",,,,,
"খ্রিষ্টপূর্ব ৩৩০০ অব্দের দিকে আফ্রিকার  মিশর এবং তৎসংলগ্ন অঞ্চলে ফারাও সভ্যতার আলো ছড়িয়ে পড়েছিল। এরপর গ্রিক, রোমান, পারশিক, বার্বার, আরব ইত্যাদির দ্বারা মিশর এবং আফ্রিকার পূর্বাঞ্চল অধিকৃত এবং হাতবদল হয়েছে বহুবার।",,,,,
একই সাথে ইউরোপীয়রা আফ্রিকার প্রাকৃতিক সম্পদ নিজেদের দেশের কলকারখানায় কাঁচামাল হিসেবে ব্যবহারের জন্য নিষ্কাশনের জন্য আফ্রিকার বিভিন্ন অংশের উপর আধিপত্য বিস্তার করে। ,,,,,
"কোথাও সহিংস যুদ্ধ, আবার কোথাও বা ধীর সংস্কারের মাধ্যমে প্রায় সমস্ত আফ্রিকা ১৯৫০ এবং ১৯৬০-এর দশকের মধ্যে স্বাধীনতা অর্জন করে। ",,,,,
বিশ্ব অর্থনীতিতে উপনিবেশ-পরবর্তী আফ্রিকার অবস্থান দুর্বল। এখানকার যোগাযোগ ও পরিবহন ব্যবস্থা অনুন্নত এবং রাষ্ট্রগুলির সীমানা যথেচ্ছভাবে তৈরি।,,,,,
বর্তমানে আফ্রিকাতে মোট ৫৩টি রাষ্ট্র আছে। এদের মধ্যে ৪৭টি আফ্রিকার মূল ভূখণ্ডে এবং ৬টি আশেপাশের দ্বীপগুলিতে অবস্থিত। সাহারা মরুভূমির মাধ্যমে মহাদেশটিকে দুইটি অংশে ভাগ করা হয়।,,,,,
সাহারা বিশ্বের বৃহত্তম মরুভূমি; এটি আফ্রিকা মহাদেশের উত্তর অংশের প্রায় পুরোটা জুড়ে বিস্তৃত।,,,,,
"সাহারার উত্তরে অবস্থিত অঞ্চলকে উত্তর আফ্রিকা বলা হয়। সাহারার দক্ষিণে অবস্থিত আফ্রিকাকে সাহারা-নিম্ন আফ্রিকা বলা হয়। সাহারা-নিম্ন আফ্রিকাকে অনেক সময় কৃষ্ণ আফ্রিকাও বলা হয়।
",,,,,
"ভাগ্যের ফেরে পড়া এমনই এক মহাদেশের নাম আফ্রিকা। ‘অন্ধকারাচ্ছন্ন’ আর ‘অসভ্য’ কালো মানুষের বসবাস হিসেবে এই মহাদেশের পরিচিতি বিশ্ব দরবারে। কিন্তু দেখুন, ভাগ্যের কী নির্মম পরিহাস—পৃথিবীর সবচেয়ে পুরাতন মিশরিয় সভ্যতা কিন্তু তাদেরই।",,,,,
"পরিস্থিতিটা এমন করে রাখা হয়েছিলো যে, আঁতুড় ঘর থেকে একজন আফ্রিকানকে লিপ্ত হতে হয় জীবনযুদ্ধে। যে যুদ্ধ টিকে থাকার, কখনো তা নিজের সঙ্গে নিজের, কখনোবা জাতি হিসেবে নিজেদের ঐতিহ্য ও সংস্কৃতিকে টিকে রাখার",,,,,
"নিজেদেরকে, তাদের সংস্কৃতিকে, ঐতিহ্যকে টিকে রাখার এই সংগ্রামের সঙ্গী হয়েছে আফ্রিকার সব দেশপ্রেমীরা; আপামর জনগণ, সাহিত্যিক, শিল্পী, বুদ্ধিজীবী, নাট্যকার আর চলচ্চিত্রনির্মাতারা।",,,,,
"এক্ষেত্রে অবশ্য সবচেয়ে এগিয়ে আফ্রিকার চলচ্চিত্রনির্মাতারা। কেননা তারাই আফ্রিকাকে বিশ্বে তুলে ধরার জন্য কাজ করেছেন ক্যামেরা হাতে। অপশক্তির বিরুদ্ধে, মিথ্যার বিরুদ্ধে নিজেদের সত্যকে প্রতিষ্ঠা করতে তাদের বেগ পেতে হয়েছে। ",,,,,
"খ্রিষ্টপূর্ব সময় থেকেই আফ্রিকায় ইউরোপ এবং পশ্চিম এশিয়ার দেশগুলো আসতে শুরু করে। প্রথম দিকে তারা ব্যবসায়িক উদ্দেশ্য নিয়েই এসেছিলো। কিন্তু যখন তারা বুঝলো এই অঞ্চলে মূল্যবান খনিজ আছে এবং এখানকার মানুষ খুবই দরিদ্র, তখন তারা নতুন কৌশল নেয়। ",,,,,
"ধীরে ধীরে প্রকাশ পেতে থাকে তাদের আসল চরিত্র। তবে যতোদূর জানা যায়, আফ্রিকায় ব্যবসা করার উদ্দেশ্যে আরবরা যায় সপ্তম শতকে। এ সময় মূলত তারা সাব-সাহারা অঞ্চলে প্রবেশ করেছিলো নিজেদের পণ্যের বাজার খোঁজার জন্য।",,,,,
পরবর্তী সময়ে আরবদের দেখানো পথেই একে একে আসতে থাকে পশ্চিমা দেশগুলো। মূলত ১৪০০ সালের দিকে ইউরোপিয়দের আগমন বাড়তে থাকে এই অঞ্চলে। ,,,,,
"১৯ শতকের দিকে ইউরোপিয়রা দ্বীপরাষ্ট্র কেপ ভার্দে দিয়ে প্রবেশ করে আফ্রিকার পশ্চিমাঞ্চলীয় দেশ ঘানা, আইভরি কোস্ট, সেনেগাল, নাইজেরিয়া, ক্যামেরুনের মতো দেশগুলোতে। ",,,,,
"‘উপনিবেশ স্থাপনকারীরা বিবর্তনবাদকে ভিত্তি করে এমন এক আজগুবি তত্ত্ব চালু করেছিল যে, বানর থেকে মানুষ এসেছে তার উৎকৃষ্ট প্রমাণ আফ্রিকা অঞ্চলের কালো মানুষরা... পাশ্চাত্য সভ্যতা যেটা বলতে চাইছে, তা হলো আফ্রিকার কালো মানুষেরা বানর থেকে বিবর্তিত হয়ে এখনও পুরোপুরি মানুষ হতে পারে নাই।",,,,,
"পাশ্চাত্য তাত্ত্বিকদের বক্তব্য, আফ্রিকান কালো মানুষেরা এখনও উপমানব।’অর্থাৎ বহির্বিশ্বের কাছে তারা এই ধারণা দিতে চেয়েছিলো যে, আফ্রিকার কালো মানুষদের চেহারাটা অনেকটা বানরের মতো।",,,,,
"তাদের পোশাক-পরিচ্ছদ, খাদ্যগ্রহণ, বসবাসও অনেকটাই সেরকম। তাই নানা মাধ্যমে নির্মিত নথিতে আফ্রিকানদের উপস্থাপন করা হলো আজব ‘প্রাণী’ হিসেবে। একপর্যায়ে তারা (ঔপনিবেশিক রাষ্ট্রসমূহ) আফ্রিকার এই ‘উপমানব’দের বহির্বিশ্বের কাছে তুলে ধরার জন্য ব্যবহার শুরু করে দৃশ্যমাধ্যম, বেছে নেয় চলচ্চিত্রকে।",,,,,
"এ তো গেলো আফ্রিকানদের ওপর চলচ্চিত্রের ব্যবহার। এখন দেখা যাক, আফ্রিকানদের জীবনে চলচ্চিত্র এসেছিলো কীভাবে, কখন। চলচ্চিত্র জন্মের পর অপেক্ষা করতে হয়নি আফ্রিকানদের। ",,,,,
"তবে উপনিবেশ স্থাপন করা রাষ্ট্রগুলো নিজ উদ্যোগেই সেলুলয়েডের ফিতায় আফ্রিকাকে তুলে এনে তা বিভিন্ন উৎসবে প্রদর্শনের ব্যবস্থা করতে থাকে। তবে এটি নিছক প্রদর্শনী ছিলো না, এর উদ্দেশ্য ছিলো নিজেদেরকে বা নিজের উপনিবেশকে বহির্বিশ্বের কাছে ‘ভালো’ রূপে তুলে ধরা।",,,,,
"এছাড়াও তারা প্রতিযোগিতায় নামে ‘অসভ্য’ আফ্রিকাকে ‘সভ্য’ করে তোলার। শুধু প্রতিযোগিতা বললে ভুল হবে, মূলত কোন্ ঔপনিবেশিক শাসন আফ্রিকানদের জন্য বিধাতাস্বরূপ এবং কোন্ শাসন একেবারে দুঃশাসন বা অত্যাচার—এ কথাটা বিশ্বকে জানানোই ছিলো তাদের কাজ। অর্থাৎ মূল কথা ছিলো ঔপনিবেশিক রাষ্ট্রের জয়গান।",,,,,
"প্রথম বিশ্বযুদ্ধের আগ পর্যন্ত রাস্তাঘাট নির্মাণ, কৃষিকর্মের ছবি, সাদা পোশাক পরা আফ্রিকান সভ্য শ্রমিকদের চিত্র ইত্যাদি ফুটে উঠতো আফ্রিকার চলচ্চিত্রে। এ সময় নিজেদেরকে ভালো প্রমাণ করতে গিয়ে ঔপনিবেশিক রাষ্ট্রগুলোর মধ্যে একধরনের দ্বন্দ্ব লক্ষ করা যায়। ",,,,,
"১৮৯৭ সালে সিন্স ফ্রম সেন্ট্রাল আফ্রিকা নামে একটি তথ্যচিত্র তৈরি করে বেলজিয়ানরা, যাতে মাতাদি বন্দর থেকে কিনশাসা পর্যন্ত রেলপথ নির্মাণের চিত্র দেখানো হয়। তারা বোঝাতে চাইলো অন্যসব উপনিবেশ রাষ্ট্র থেকে আফ্রিকাকে অনেক বেশি সভ্য করে তুলছে তারা। ",,,,,
বেলজিয়ানদের এই তথ্যচিত্র দেখে অবশ্য বসেছিলো না ব্রিটিশরাও। তারা বেলজিয়াম উপনিবেশিত কঙ্গোর রাবার খামারে কৃষ্ণাঙ্গ শ্রমিকদের চিত্র নিয়ে নির্মাণ করেন আরেকটি তথ্যচিত্র। যেখানে কৃষ্ণাঙ্গ শ্রমিকদের অত্যাচারের চিত্র ফুটে ওঠে।,,,,,
"অন্যদিকে ব্রিটিশ উপনিবেশিত কেপটাউন শহরের আলোকিত রাস্তাঘাটের ছবি, একটু ভালো জামা-কাপড় পরা কৃষ্ণাঙ্গদের নিয়ে নির্মাণ করা হয় আরেকটি তথ্যচিত্র। এই দুইটি তথ্যচিত্র দিয়ে বহির্বিশ্বের কাছে ব্রিটিশরা বোঝাতে চাইলো, আমরা বেলজিয়ানদের থেকেও বেশি মনোযোগী আফ্রিকাকে সভ্য করে তোলার কাজে।",,,,,
আফ্রিকান ‘অসভ্য’দের ‘সভ্য’ করে তোলার মহৎ বিজ্ঞাপন দিয়ে তথ্যচিত্র-তথ্যচিত্র খেলা প্রথম বিশ্বযুদ্ধের পর কিছুটা শিথিল হয়। এ সময় শুরু হয় হলিউড ও ইতালির বাণিজ্যিক উদ্যোগে কাহিনীচিত্র নির্মাণ। এসব কাহিনীচিত্রে আফ্রিকানদের বাস্তব অবস্থা তুলে না ধরে একেবারে বিচ্ছিন্ন ও প্রান্তীয় কিছু বিষয় উপস্থাপনার মাধ্যমে তাদের অপমানজনকভাবে তুলে ধরা হয়।,,,,,
"ব্রিটিশ ঔপনিবেশ ৩০ দশকে আফ্রিকার রাষ্ট্রগুলোতে এক নতুন সিদ্ধান্ত গ্রহণ করে। এই সিদ্ধান্ত মোতাবেক অপেক্ষাকৃত সুন্দর, মার্জিত কৃষ্ণাঙ্গদের হাতে ধরে ক্যামেরার ব্যবহার শেখানো হয়। এছাড়াও তারা মনে করেন, পশ্চিমের দর্শকদের জন্য নির্মিত চলচ্চিত্র আফ্রিকার নিরক্ষর কৃষ্ণাঙ্গ দর্শকদের জন্য বিভ্রান্তিকর বা বিপজ্জনক হতে পারে।",,,,,
দ্বিতীয় বিশ্বযুদ্ধের পর আফ্রিকার চলচ্চিত্রে এক পরিবর্তনের ছোঁয়া লাগা শুরু হয়। উপনিবেশ থেকে স্বাধীনতা লাভ করার জন্য তখন বেশিরভাগ দেশেই আন্দোলন দানা বাঁধতে থাকে। পশ্চিমা শিক্ষায় শিক্ষিত কাওয়ামে নক্রুমা ১৯৪৯ সালে ঘানার পেশাজীবীদের নিয়ে শুরু করেন জাতীয়তাবাদী আন্দোলন।,,,,,
তিনি তার তথ্যচিত্রে যথেষ্ট শ্রদ্ধা ও দরদের সঙ্গে আফ্রিকার মানুষদের বহির্বিশ্বের কাছে উপস্থাপন করেন। তবে সেসব তথ্যচিত্রকে ঠিক আফ্রিকার নিজস্ব চলচ্চিত্র হিসেবে গণ্য করা না হলেও তার কাজ আফ্রিকার চলচ্চিত্রপ্রেমীদের চলচ্চিত্র আন্দোলনের ক্ষেত্রে আত্মপ্রকাশে প্রেরণা জুগিয়েছিলো।,,,,,
তবে আফ্রিকার চলচ্চিত্র আন্দোলন শুরু হয়েছিলো এরও এক দশক আগে। ৩০ দশকে আফ্রিকার ফরাসি উপনিবেশ বিভাগের ভারপ্রাপ্ত মন্ত্রী পিয়ের লাভাল (Pierre Laval) চলচ্চিত্রে ‘লাভাল ডিক্রি’ (Laval Decree) নামে একটি আইন চালু করেন।,,,,,
তবে আফ্রিকার চলচ্চিত্র আন্দোলন শুরু হয়েছিলো এরও এক দশক আগে। ৩০ দশকে আফ্রিকার ফরাসি উপনিবেশ বিভাগের ভারপ্রাপ্ত মন্ত্রী পিয়ের লাভাল (Pierre Laval) চলচ্চিত্রে ‘লাভাল ডিক্রি’ (Laval Decree) নামে একটি আইন চালু করেন।,,,,,
সেসময় ভঁতিয়েকে উপনিবেশের ইতিবাচক চিত্র তুলে ধরে তথ্যচিত্র বানানোর জন্য অনুদান দেওয়া হয়। কিন্তু ভঁতিয়ে সরকারের টাকায় সরকারের মুখে চুনকালি মেখে নির্মাণ করলেন উপনিবেশবিরোধী প্রথম ফরাসি চলচ্চিত্র আফ্রিকা ৫০ (Afrique 50)। এই চলচ্চিত্রে আফ্রিকার কালো মানুষের ওপর সাদাদের কোম্পানিগুলোর নিপীড়ন ও শোষণের চিত্র তুলে ধরা হয়।,,,,,
তবে গোড়ার দিকে তাদের নির্মিত চলচ্চিত্রগুলো আফ্রিকাকে ভালোভাবে সেলুলয়েডের ফিতায় তুলে ধরতে পারছিলো না। কারণ এই সময়ের চলচ্চিত্রগুলোর বিষয়বস্তুতে ঔপনিবেশিক রাষ্ট্রগুলোর ‘আধুনিকতা’ ও আফ্রিকার নিজস্ব যে সংস্কৃতি-ঐতিহ্য তার একধরনের দ্বন্দ্ব কাজ করছিলো। ,,,,,
"তবে এই দ্বন্দ্ব বা সংঘাতকে একেবারে সহজ-সরলভাবে নিলে আফ্রিকার চলচ্চিত্রকেই ছোটো করা হবে। কারণ তখনকার চলচ্চিত্রের বিষয়বস্তু সম্পর্কে বলতে গিয়ে আফ্রিকার চলচ্চিত্রের পথিকৃৎ সেনেগালের উসমান সেমবেন বলেন, ‘গল্প বা বিষয়বস্তু যাই হোক, আফ্রিকাতে বসে আফ্রিকানদের ছবি তৈরি করা এক বিশেষ অর্থে একটি রাজনৈতিক কাজ",,,,,
"এই সময়ে (৬০ দশক) আফ্রিকার চলচ্চিত্র বিশ্লেষকদের মধ্যে একধরনের উত্তর কাঠামোবাদী মনোভাব লক্ষ করা যায়। তারা মনে করতেন, চলচ্চিত্রের বিষয়বস্তুর চেয়ে তার (চলচ্চিত্র) ভাষার দিকে বেশি লক্ষ রাখা প্রয়োজন",,,,,
আফ্রিকার চলচ্চিত্রে নারীর রূপায়ণ বিষয়বস্তু হিসেবে খুবই গুরুত্বপূর্ণ। কারণ বহু প্রাচীনকাল থেকে নারীরা নানাভাবে নিজেদের আলাদা শক্তি হিসেবে প্রমাণ করে এসেছে আফ্রিকায়।,,,,,
আফ্রিকা একটি মাতৃতান্ত্রিক দেশ। আফ্রিকার পুরুষেরা চরমভাবে মাতৃতান্ত্রিক। তারা তাদের মাকে প্রচণ্ড ভালোবাসে। তারা মায়ের নামে দিব্যি কাটে। বাবার অপমান কিছুটা সহ্য করলেও মায়ের ক্ষেত্রে প্রচণ্ড আঘাত পায়। ...মা-ই আমাদের সমাজের প্রতীক।,,,,,
"আফ্রিকার আজকের যে চলচ্চিত্র তা কিন্তু নারী-পুরুষ, ছোটো-বড়ো দেশ মিলেই এগিয়েছে। গিনি বিসাউ-এর কথাই ধরুন, সেখানকার ফ্লোরা গোমেজ কিউবান ফিল্ম ইন্সটিটিউট থেকে চলচ্চিত্র পাঠ শেষ করে দেশে ফিরে আসেন।",,,,,
"উপনিবেশ থেকে বেরিয়ে এসে আফ্রিকার নির্মাতারা স্বমহিমায় চলচ্চিত্র নির্মাণ করছে কয়েক দশক ধরে। তবে চলচ্চিত্রনির্মাণ ও বিকাশে এখনো রয়েছে নানা প্রতিবন্ধকতা। যে কারণে চলচ্চিত্রনির্মাণে প্রতিনিয়ত তাদের অর্থাভাব, টেকনিকাল অদক্ষতা, প্রদর্শনী সংক্রান্ত সমস্যার মুখোমুখি হতে হয়। ",,,,,
"মূলত আফ্রিকায় এখনো নিজস্ব কোনো প্রযোজনা সংস্থা গড়ে ওঠেনি। একেবারে গড়ে ওঠেনি বললে ভুল হবে, গড়ে উঠলেও ব্যবস্থাপনার অভাবে তা বেশি দিন টিকে থাকতে পারেনি।",,,,,
নাইজেরিয়ার বালোগুনের আফ্রোকুপ্ট ফাউন্ডেশন বা সেনেগালের ডোমিরেফ ফিল্মস—এরা সোভিয়েত রাশিয়ার অর্থায়ন ও নিয়ন্ত্রণে পরিচালিত হতো। অবশ্য এগুলোও এখন বিপন্নপ্রায়। ,,,,,
"মূলত ধনতন্ত্রে আর দশটি পণ্যের মতো চলচ্চিত্রও এখন একটা পণ্য। বিষয়টি নিয়ে মৌরিতানিয়ার নির্মাতা মোহাম্মদ আবিদ হোন্ডো’র ব্যাখ্যা এ রকম, ‘চলচ্চিত্র নির্মাতাদের জন্য চলচ্চিত্র নির্মাণ অর্থনীতি, রাজনীতি কিংবা অন্যান্য কাঁচামালের মতো।",,,,,
"আফ্রিকার সব নির্মাতাই ফিল্মমেকিঙে নানা নিয়ন্ত্রণের শিকার। যেখানে সেনেগালের চিনাবাদামের কত দাম হবে সেটা প্যারিস নয়ত ওয়াশিংটন ঠিক করে দেয়। সেক্ষেত্রে ফিল্ম, বাদাম, কপার ও লোহা একই জিনিস",,,,,
"আফ্রিকার দেশগুলো উপনিবেশ থেকে অনেক আগে মুক্ত হলেও, আজও উন্নত দেশগুলো আফ্রিকার বাণিজ্য ও আর্থিক নীতি নিয়ন্ত্রণ করে যাচ্ছে। তবে এই অবস্থার জন্য আফ্রিকার দেশগুলোর সরকারই দায়ী। ",,,,,
"তারা মূলত আফ্রিকার সংস্কৃতি কিংবা চলচ্চিত্রের দিকে গুরুত্ব সহকারে নজর দেয় না। তারা মনে করেন, যথাযথ চলচ্চিত্র তাদের দেশের রাজনৈতিক পরিস্থিতিকেও ঘোলাটে করে দিতে পারে। যে কারণে তারা খুব সচেতনভাবে এ নিয়ে আগ্রহ প্রকাশ করে না।",,,,,
"তবে বর্তমানে পশ্চিমা দেশগুলো আফ্রিকার চলচ্চিত্র নির্মাণে সাহায্যের হাত বাড়িয়ে দিয়েছে বা দিচ্ছে। তবে মনে রাখতে হবে—এই সাহায্য চলচ্চিত্রের উন্নয়ন নয়, এর মূলে রয়েছে তাদের অর্থনৈতিক ও রাজনৈতিক ফায়দা।",,,,,
আফ্রিকার প্রায় ৯৯ ভাগ চলচ্চিত্রের প্রোডাকশন ও পোস্ট-প্রোডাকশন ইউরোপের দেশগুলোতে হয়ে থাকে। অর্থাভাবের কারণে আফ্রিকার নির্মাতারা এই শর্ত মেনে নিতে বাধ্যও হন।,,,,,
ইন্ডাস্ট্রি হিসেবে দাঁড়াতে না পারায় আফ্রিকার চলচ্চিত্র পরিবেশনে নিজস্ব কোনো ব্যবস্থা গড়ে ওঠেনি; মূলত যথাযথ সরকারি নীতিমালা ও অনুদানের কোনো ব্যবস্থা না থাকা এর অন্যতম কারণ।,,,,,
বর্তমানে আফ্রিকার কিছু দেশ পারস্পরিক সহযোগিতার মাধ্যমে চলচ্চিত্র-নির্মাণ ও প্রযোজনার উদ্যোগ নিয়েছে।,,,,,
একবিংশ শতাব্দীতে আফ্রিকার অনেক দেশের চলচ্চিত্রনির্মাতা ও তাদের চলচ্চিত্র বহির্বিশ্বে প্রশংসিত হতে শুরু করেছে। বিশ্বের নানা উৎসব থেকে এখন এসব চলচ্চিত্র নিয়ে আসছে সম্মান ও মর্যাদা।,,,,,
"অশিক্ষা, দারিদ্র্য, ক্ষুধা, এইডসের মতো মহামারির সঙ্গে লড়াই করে টিকে আছে আফ্রিকার ছোটো দেশ বুর্কিনা ফাসো’র  বাসিন্দারা। ",,,,,
"এদিকে একবিংশ শতাব্দীতে এসে আফ্রিকার আলোচিত মুসলিম দেশ মিশরে চলচ্চিত্র নির্মাণের পরিমাণ বৃদ্ধি পেয়েছে। ১৯৯৭ সালে যেখানে চলচ্চিত্রনির্মাণের পরিমাণ ছিলো মাত্র ১৬টি, ১০ বছর পর ২০০৭ সালে তার পরিমাণ দাঁড়িয়েছে ৪০টিতে।",,,,,
"এছাড়া চলচ্চিত্র উৎপাদন ও প্রদর্শনে আফ্রিকা মহাদেশে বিপ্লব ঘটিয়েছে নাইজেরিয়ার চলচ্চিত্র ইন্ডাস্ট্রি (নলিউড)। খুব দ্রুতই এই দেশের চলচ্চিত্র এশিয়া, যুক্তরাষ্ট্র, ইউরোপ, চিন ইত্যাদি দেশে ব্যাপক জনপ্রিয়তা অর্জন করছে। ",,,,,
"আফ্রিকায় নির্মিত চলচ্চিত্রে বারবারই ফুটে উঠেছে সেখানকার শোষিত মানুষের কথা, তাদের হারিয়ে যাওয়া ঐতিহ্যের কথা; ধরা পড়েছে ঔপনিবেশিক শাসকদের অন্যায়, অত্যাচার ও ব্যভিচার।",,,,,
অন্ধকারাচ্ছন্ন এই মহাদেশ সবসময়ই ছিলো মানুষের আগ্রহের বাইরে। ঠিক সেখান থেকে চলচ্চিত্রের মতো আধুনিক প্রযুক্তিবিদ্যার এমন শিল্পমাধ্যমের নির্মাণ ও চর্চা একধরনের স্পর্ধার বিষয়।,,,,,
"বুবু বা গ্র্যান্ড বুবু হল একটি প্রশস্ত হাতা পোশাক যা পশ্চিম আফ্রিকা জুড়ে এবং কিছুটা উত্তর আফ্রিকাতেও পরা হয়, যা দাশিকি স্যুটের সাথে সম্পর্কিত",,,,,
"পোশাক এবং এর বৈচিত্র্য বিভিন্ন জাতিগোষ্ঠী এবং ভাষায় বিভিন্ন নামে পরিচিত। এটিকে কানুরিতে কুলভু, হাউসাতে বাব্বান রিগা, বোউবু, এমবুব, মবুবউ বা ওলোফ-এ গ্রান্ড মবুবু, তুয়ারেগে কেসা বা গ্যান্ডোরা, সোনহাইতে কোয়াই বেরি, আরবিতে দাররা, বিভিন্ন ফরাসি-ভাষী পশ্চিম আফ্রিকান দেশ এবং ইংরেজি ভাষায় গ্র্যান্ড বুবু বলা হয়।",,,,,
"সেনেগালিজ বুবু, যাকে ফরাসি ভাষায় গ্র্যান্ড বুবুও বলা হয়, তা সেনেগালিজ কাফতান নামেও পরিচিত। কিছু সম্প্রদায়ে যে মহিলা পোশাক পরিধান করা হয়, তাকে মা'বুবু বা কাফতানও বলা হয়।",,,,,
"এর উৎপত্তি মান্ডে, সোংহাই - জারমা, হাউসা, কানুরি, তুবু এবং অন্যান্য ট্রান্স-সাহারান এবং সাহেলিয়ান ব্যবসায়ী গোষ্ঠীর পোশাক শৈলী থেকে, যারা সাহারা মরুভূমি অতিক্রম করার সময় উভয় উপাদান (দিনের কঠোর সূর্য এবং রাতে হিমাঙ্কের নিচে তাপমাত্রা) থেকে সুরক্ষার জন্য ব্যবহারিক উপায় হিসাবে পোশাকটি ব্যবহার করত। ",,,,,
"বাব্বান-রিগা/বোবু বা কুলউ প্রাশই একটি বড় পাগড়ির সাথে পরা হত যা চোওখ বাদে পুরো মুখমণ্ডল ঢেকে রাখত, যা হাউসায় আলাশো, তুয়ারেগে তাগেলমাস্ট বা আরবিতে লিথাম নামে পরিচিত। ",,,,,
"দ্বাদশ এবং ত্রয়োদশ শতাব্দীর মালির অভিজাতরা, ১৪শ শতাব্দীর হাউসা বাকওয়াই এবং সোংহাই সাম্রাজ্য তখন এই পোশাকের সংমিশ্রণকে একটি মর্যাদার প্রতীক হিসেবে গ্রহণ করে, যেখানে সাধারণ মানুষ/রাজকীয় নয় এমন ব্যক্তিদের পরিধান করা ঐতিহ্যবাহী স্লিভলেস বা ছোট-হাতা স্মোক (বর্তমানে দাশিকি বা ঘানার স্মোক নামে পরিচিত) অথবা সেনেগালিজ কাফতানকে এর বিপরীতে ব্যবহার করা হত।",,,,,
"১৪০০ শতকে পশ্চিম আফ্রিকার মুসলিম অঞ্চলে কানুরি, হাউসা, ফুলানি এবং ডুলা দূরপাল্লার ব্যবসায়ী এবং কানুরি ইসলামিক প্রচারকদের অভিবাসনের সাথে সাথে পশ্চিম আফ্রিকার মুসলিমদের মধ্যে পোশাক হিসেবে বুবু/ বাব্বান-রিগা/ কুলউয়ের ব্যবহার ব্যাপক আকার ধারণ করে এবং ১৯ শতকের ফুলানি জিহাদ এবং পরবর্তীকালে ফরাসি ও ব্রিটিশ উপনিবেশ স্থাপনের পর কম ইসলামিকৃত অঞ্চলে আরও দ্রুত গতিতে এটি ব্যবহৃত হতে থাকে।",,,,,
"বোবু সাধারণত জটিল সূচিকর্ম দিয়ে সজ্জিত করা হয় এবং বিশেষ ধর্মীয় বা আনুষ্ঠানিক অনুষ্ঠানে যেমন দুটি ইসলামিক ঈদ উৎসব, বিবাহ, জানাজা বা শুক্রবারের নামাজের জন্য মসজিদে যোগদানের সময় পরা হয়।",,,,,
পশ্চিম আফ্রিকার অনেক দেশের আনুষ্ঠানিক পোশাকে পরিণত হয়েছে। পুরনো পোশাকগুলি পিতা থেকে পুত্রের কাছে পারিবারিক উত্তরাধিকারসূত্রে পরিণত হয়েছে এবং মর্যাদার প্রতীক হিসেবে পরিধান করা হয়।,,,,,
"সম্পূর্ণ আনুষ্ঠানিক পোশাক হিসেবে বোবুতে তিনটি পোশাক থাকে: এক জোড়া টাই-আপ ট্রাউজার যা গোড়ালির দিকে সরু হয় যা ṣòkòtò (ইওরুবাতে ""shokoto"" উচ্চারণ করা হয়), একটি লম্বা হাতা শার্ট এবং এর উপরে পরা একটি চওড়া, খোলা সেলাই করা হাতাবিহীন গাউন।",,,,,
"গ্র্যান্ড বুবু পরার একটি নির্দিষ্ট শিষ্টাচার রয়েছে, যা অপবিত্রতা এড়ানোর ইসলামী ঐতিহ্যের সাথে সঙ্গতিপূর্ণ (নাজিস দেখুন)। ",,,,,
"ঐতিহাসিকভাবে পশ্চিম আফ্রিকার বিভিন্ন ইসলামপন্থী সাহেলিয়ান এবং সাহারান জনগণের পোশাক হিসেবে বুবুর ব্যবহার প্রচলিত ছিল, বিশেষ করে কানুরি জনগণের মধ্যে।",,,,,
কিন্তু বর্ধিত বাণিজ্য এবং সমগ্র অঞ্চলে ইসলামের প্রসারের মাধ্যমে পশ্চিম আফ্রিকার সাভানা এবং বনাঞ্চলের মানুষের মধ্যে এর ব্যবহার বৃদ্ধি পায়। ,,,,,
"আফ্রিকার দেশ নাইজেরিয়া ইউরোপীয়দের উপনিবেশ মুক্ত হয়েছে অর্ধশতাব্দী পার হলো। কিন্তু কোনো দেশের সমাজ আর জনসংস্কৃতির খোলনলচে তো রাতারাতি পাল্টে যায় না। রাজনৈতিক কাঠামো তো বটেই, সমাজের গভীরে ছোট ছোট আচার-আচরণ আর উপকরণেও থেকে যায় ঔপনিবেশিক চর্চার রেশ।",,,,,
"কয়েক বছর আগেই ছোট্ট ভাগনির জন্য খেলার পুতুল কিনতে গিয়ে বাজারে কোনো কালো পুতুল খুঁজে পাননি নাইজেরিয়ার তাওফিক ওকোইয়ো।
",,,,,
নাইজেরিয়ার রাজধানী লাগোস এবং অন্যান্য শহর-বন্দরেও অবস্থাটা একইরকম ছিল। পশ্চিমা বারবি পুতুলেই ভরা বিপণিবিতানের শিশু-খেলনার তাকগুলো। স্বাধীনতা-পরবর্তী সময়ে গড়ে ওঠা মধ্যবিত্ত শ্রেণীর মানুষের ঘরে ঘরেও ‘কালো মেয়ের’ হাতে ‘সাদা বারবি’ দেখে দেখে এটাই হয়তো চোখ সওয়া হয়ে গিয়েছিল সবার। ,,,,,
কিন্তু জীবন সংগ্রামে হিমশিম খাওয়া যুবক তাওফিক ওকোইয়োর চোখ পরিচিত এই দৃশ্যেও অন্য এক সম্ভাবনা দেখতে পেয়েছিল। ভাগনির জন্য পুতুল কিনতে গিয়েই তাঁর মনে হয়েছিল বানাতে পারলে কালো মানুষের দেশে তো কালো পুতুলের বাজার ভালোই হওয়ার কথা,,,,,
কোনো স্থানীয় প্রতিযোগী না থাকায় ব্যবসা খুলে বসতে খুব বেশি বেগ পেতে হয়নি ওকোইয়োকে। দুনিয়াজুড়ে জনপ্রিয় পুতুল বারবির প্রস্তুতকারক মার্কিন যুক্তরাষ্ট্রের ম্যাটেল ইনকরপোরেশন ছাড়া আর কোনো বিদেশি কোম্পানিরও তেমন কোনো প্রতিযোগিতা নেই। ,,,,,
"শুধু সাজ-পোশাকেই নয়, নামকরণ আর ভাবনায়ও ওকোইয়োর পুতুল অনন্য। দেশজ সংস্কৃতিকে তুলে ধরতে তিনি পুতুলের নাম দিলেন ‘কুইন্স অব আফ্রিকা’ বা আফ্রিকার রানিরা। ",,,,,
"আর রানি হিসেবে ওকোইয়ো সাজালেন নাইজেরিয়ার বিভিন্ন নৃতাত্ত্বিক জনগোষ্ঠীর নারীদের। দেশটির বহু জাতি-সম্প্রদায়ের মধ্যে বড় তিনটি নৃতাত্ত্বিক গোষ্ঠী ইয়োরুবা, ইগবো ও হাউসা নারীদের পোশাক-রীতি এবং সাজসজ্জা ফুটিয়ে তোলা হয়েছে আফ্রিকার রানিরা নামে এই পুতুলের সিরিজে।",,,,,
র পাশাপাশি ইতোমধ্যেই বাজারে এসেছে ওকোইয়োর আরেক পুতুল ‘নাইজা প্রিন্সেস’। পরবর্তী সময়ে একইভাবে অন্যান্য জাতি-সম্প্রদায়ের সংস্কৃতিকেও তুলে ধরতে চান বলে জানিয়েছেন এই পুতুলশিল্পী।,,,,,
‘আফ্রিকার রানি’দের হাতের কাছে পেয়ে খুশি স্থানীয় বাসিন্দারাও। লাগোসের একটি বিপণিবিতানে পাঁচ বছর বয়সী ইফুনানিয়া ওদিয়াহ ভীষণ উদ্বেলিত এই পুতুল পেয়ে। ,,,,,
লাগোসে একটি ছোট্ট কারখানা নিয়ে কাজ শুরুর পর ৪৩ বছর বয়সী এই যুবককে এরপর আর পেছনে ফিরে তাকাতে হয়নি। সাত বছরের মাথায় ওকোইয়োর ‘আফ্রিকার রানি’ এবং ‘নাইজা প্রিন্সেস’ প্রতি মাসে ছয় থেকে নয় হাজার পিস বিক্রি হচ্ছে।,,,,,
আর নাইজেরিয়ার ছোট্ট কিন্তু দ্রুত বর্ধিঞ্চু পুতুল বাজারের ১০ থেকে ১৫ ভাগই ইতোমধ্যেই ওকোইয়োর দখলে চলে এসেছে বলেও জানালেন তিনি। ‘আফ্রিকার রানি’ সিরিজের পুতুলগুলোর দাম এক হাজার ৩০০ থেকে তিন হাজার ৫০০ (নাইজেরীয় মুদ্রা) নাইরা (এক মার্কিন ডলার সমান প্রায় ১৬০ নাইরা)। ,,,,,
অপেক্ষাকৃত কমদামি ‘নাইজা প্রিন্সেস’-এর দাম ৫০০ থেকে এক হাজার নাইরা। ওকোইয়ো জানালেন গড়ে প্রায় এক-তৃতীয়াংশ মুনাফা করেন তিনি।,,,,,
দেশের বাজারে প্রতিষ্ঠা পাওয়ার পাশাপাশি ইতোমধ্যেই বিদেশে যাত্রা শুরু করেছে আফ্রিকার রানি আর নাইজা প্রিন্সেস। মার্কিন যুক্তরাষ্ট্র এবং ইউরোপের বাজারে দিন দিন চাহিদা বাড়ছে এই কালো পুতুলের। পশ্চিমা দেশগুলোতে অভিবাসী আফ্রিকানরাই এর ক্রেতা বলেও জানালেন ওকোইয়ো।,,,,,
কালো মানুষের দেশে কালো পুতুলের মধ্য দিয়ে স্থানীয় সংস্কৃতিকে তুলে ধরার এ সাফল্যে উজ্জীবিত হয়ে এই ভাবনাকে আরও ছড়িয়ে দেওয়ার চিন্তা করছেন ওকোইয়ো। ,,,,,
আফ্রিকার অন্যান্য নৃতাত্ত্বিক জনগোষ্ঠীগুলোকে নিয়েও পুতুল বানাতে চান তিনি। এ বিষয়ে ইতোমধ্যেই দক্ষিণ আফ্রিকার একটি কোম্পানির সঙ্গে কথা চলছে তাঁর।,,,,,
"নামে চেহারায় আর সাজ পোশাকে স্বজাতি, স্বদেশকে তুলে ধরার চেষ্টা হয়তো অনেকটাই সফল। কিন্তু প্রশ্ন রয়ে গেছে আফ্রিকার রানি বা নাইজা প্রিন্সেসরা কেন পশ্চিমা বারবির মতোই হালকা-পাতলা দেহবল্লরীর। আফ্রিকার বেশির ভাগ মানুষই যেখানে শারীরিক সৌন্দর্যে ‘স্লিম’ হওয়ার পশ্চিমা মানদণ্ড পছন্দ করেন না, সেখানে এই পুতুলরা কেন ‘স্লিম’ হবে।",,,,,
"এক দেশ কর্তৃক অন্য এক দেশের উপর রাজনৈতিক নিয়ন্ত্রণ নেয়াকে বলে ঔপনিবেশবাদ। ১৭০০ এবং ১৮০০-এর দশকে ইউরোপের ধনী, শক্তিশালী দেশগুলো (ব্রিটেন, ফ্রান্স, স্পেন এবং নেদারল্যান্ডস) আফ্রিকা, দক্ষিণ আমেরিকা, এশিয়া এবং ক্যারিবিয়ান মহাদেশে ঔপনিবেশ স্থাপন করে।",,,,,
পশ্চিম আফ্রিকায় আফ্রিকার আটটি ফরাসি ঔপনিবেশিক অঞ্চল নিয়ে একটি ফেডারেশন ছিল।,,,,,
"মৌরিতানিয়া, সেনেগাল, মালি, গিনি, আইভরি কোস্ট, বুরকিনা ফাসো, বেনিন এবং নাইজারের মত দেশ এই ফরাসি ফেডারেশনের অন্তর্ভুক্ত ছিল।",,,,,
দিন দিন ক্ষুধার্ত মানুষের সংখ্যা বেড়েই চলেছে গণতান্ত্রিক কঙ্গো প্রজাতন্ত্রে। বর্তমানে সারা বিশ্বে প্রায় ১২ কোটি ৪০ লাখ মানুষ দুর্ভিক্ষের মধ্যে রয়েছে। ,,,,,
"এক মুঠো খাবারের খোঁজে বনে জঙ্গলে ঘুরে বেড়াচ্ছেন কঙ্গোর ক্ষুধার্ত মানুষ। নিরুপায় হয়ে ঘাস-পাতা, শামুক খেয়ে বেঁচে আছেন অনেকেই। খাবারের নামে যা মিলছে, তা ক্ষুধার্ত মুখের তুলনায় খুবই কম।",,,,,
"ভুক্তভোগীরা বলছেন, ‘বাধ্য হয়েই শামুক খাচ্ছি। এটাও খুব সহজে পাওয়া যায় না। অনেকগুলো শামুক যোগাড় করলেও তা কেবল এক দিনের খাবারের প্রয়োজন মেটায়।’",,,,,
"ইউরোপীয় ইউনিয়ন ও জাতিসংঘের খাদ্য নিরাপত্তা বিষয়ক এক বার্ষিক প্রতিবেদনে জানা যায়, ২০১৬ সালে সারা বিশ্বে খাদ্য সংকটে থাকা মানুষের সংখ্যা ছিল ১০ কোটি ৮০ লাখ। ",,,,,
"খাদ্য সঙ্কটের কারণে বাড়ছে পুষ্টিহীনতায় ভোগা মানুষের সংখ্যাও। রোগ- বালাই বাড়ছে, কমছে জীবনমান আর গড় আয়ু। ২০১৮ সালে আফগানিস্তান, মধ্য আফ্রিকা, কঙ্গো, নাইজেরিয়ার উত্তর-পূর্বাঞ্চল, দক্ষিণ সুদান, সিরিয়া, ইয়েমেন, লিবিয়া, মালি ও নাইজেরিয়ায় খাদ্য সঙ্কট অভাব আরও বাড়বে বলে আশঙ্কা প্রকাশ করা হয়েছে জাতিসংঘের ওই প্রতিবেদনে।",,,,,
"পঞ্চদশ শতাব্দীতে ইউরোপের সাথে আফ্রিকার যোগাযোগ স্থাপিত হওয়ার সাথে সাথেই দুই মহাদেশের মধ্যে শুরু হয় ব্যবসা-বাণিজ্য, শুরু হয় সাংস্কৃতিক আদান-প্রদান। সময়ের সাথে দাস ব্যবসার সাথে জড়িয়ে পড়ে ইউরোপীয়রা, ঊনবিংশ শতাব্দীর শেষদিকে এসে স্থাপন করে উপনিবেশ।",,,,,
"সময়ের সাথে দাস ব্যবসার সাথে জড়িয়ে পড়ে ইউরোপীয়রা, ঊনবিংশ শতাব্দীর শেষদিকে এসে স্থাপন করে উপনিবেশ। পুরো সময় জুড়ে ইউরোপ থেকে বিভিন্ন কারণে মানুষ আফ্রিকায় এসেছে, আফ্রিকা ইউরোপীয়দের আগ্রহের কেন্দ্রবিন্দুতে থেকেছে এর সম্পদ আর কাঁচামালের ভাণ্ডারের জন্য। ",,,,,
"কোশারি হল মিশরীয় খাবারগুলির মধ্যে একটি যা আপনি এই দেশে ভ্রমণের সময় মিস করতে পারবেন না। জাতীয় খাবার হিসেবে বিবেচিত, কোশারি হল ভাত, নুডলস, মসুর ডাল এবং ছোলার এক অনন্য মিশ্রণ, যা মিষ্টি এবং টক টমেটো সস এবং মুচমুচে ভাজা পেঁয়াজ দিয়ে ঢাকা।",,,,,
"ফুল মেদামেস একটি ঐতিহ্যবাহী মিশরীয় খাবার যা প্রায়শই সকালের নাস্তায় পরিবেশন করা হয়। এটি জলপাই তেল, লেবু, রসুন এবং মশলা দিয়ে সেদ্ধ করা ফাওয়া বিন দিয়ে তৈরি করা হয়। ",,,,,
"ফেরাউনদের সময়ে উৎপত্তি হয়েছে বলে বিশ্বাস করা হয়, ফুল মেদামেস কেবল একটি খাবারই নয়, মিশরের সাংস্কৃতিক ঐতিহ্যেরও একটি অংশ।",,,,,
"মোলোখিয়া, যা মালাবার পালং শাকের স্যুপ নামেও পরিচিত, এটি একটি বিখ্যাত মিশরীয় খাবার যার স্বাদ সতেজ এবং পুষ্টিগুণ সমৃদ্ধ। মোলোখিয়া পাতা সূক্ষ্মভাবে কেটে রসুন এবং মুরগির মাংস বা মাংসের ঝোল দিয়ে রান্না করা হয়, যা একটি বিশেষ ঘনত্বের স্যুপ তৈরি করে।",,,,,
"ফাত্তাহ হল একটি মিশরীয় খাবার যা ঈদুল আযহার মতো গুরুত্বপূর্ণ ছুটির দিনে অপরিহার্য। এই খাবারটি ভাত, মুচমুচে রুটি, গরুর মাংস বা ভেড়ার মাংস এবং সমৃদ্ধ টমেটো সস দিয়ে তৈরি করা হয়।",,,,,
"মাহশি হল মিশরের সবচেয়ে জনপ্রিয় খাবারগুলির মধ্যে একটি, যা শাকসবজি এবং ভাতের একটি উপাদেয় মিশ্রণ। টমেটো, ঝুচিনি বা আঙ্গুর পাতার মতো সবজি মশলা এবং ভেষজ মিশিয়ে ভাত দিয়ে ভরা হয়, তারপর টমেটো সসে রান্না করা হয়।",,,,,
"শাওয়ারমা কেবল মিশরে নয়, সারা বিশ্বে জনপ্রিয়, তবে এই খাবারের সাধারণ মিশরীয় স্বাদ অনন্য। ভেড়ার মাংস, মুরগি বা গরুর মাংস বিশেষ মশলায় ম্যারিনেট করা হয়, ধীরে ধীরে বড় স্কিউয়ারে গ্রিল করা হয়, তারপর পাতলা করে কেটে রুটিতে সবজি দিয়ে গড়িয়ে দেওয়া হয়।",,,,,
"মিশরীয় শাওয়ারমা প্রায়শই তাহিনি বা রসুনের সস দিয়ে তৈরি করা হয়, যা এটিকে একটি সমৃদ্ধ এবং সুস্বাদু স্বাদ দেয়। যারা মিশরীয় রাস্তার খাবারের স্বাদ নিতে চান তাদের জন্য এটি একটি নিখুঁত পছন্দ।",,,,,
"বাসবুসা হল মিশরীয় মিষ্টান্নগুলির মধ্যে একটি, যা এই দেশের মিষ্টি স্বাদে পরিপূর্ণ। কেকটি সুজির আটা দিয়ে তৈরি, সোনালি রঙ না হওয়া পর্যন্ত বেক করা হয় এবং গোলাপ চিনির সিরাপ বা লেবু দিয়ে ঢেকে দেওয়া হয়, যা একটি শীতল মিষ্টি তৈরি করে।",,,,,
"সপরিবার চললাম মিশরে। মধ্যবিত্তের ভ্রমণ তো, একবারই যাওয়া হবে হয়তো একটা জায়গায়, অতএব নতুন দেশের রূপ রস গন্ধ কোনও কিছু যেন বাদ না যায়!",,,,,
"খাবারের তালিকা ক্রমাগত লম্বা হতে থাকল। কুশারী, হাওয়াওশি, মুলুখিয়া, শিশ কাবাব… এরকম করতে করতে আটকে গেলাম একটা নামে… “বাসবুসা”! ওদেশের মিষ্টি!",,,,,
"কয়েক হাজার বছর আগে, সম্ভবত অটোমান সাম্রাজ্যের শাসনকালে এ মিষ্টির সৃষ্টি। মিশর থেকে ছড়িয়ে পড়ে সারা পশ্চিম এশিয়ায়, নানা নামে। কোথাও নামুরা (namoura) কোথাও হারিসা (haresah) কোথাও রেভানি (revani)।",,,,,
প্রাচীন মিশরীয়দের প্রধান খাদ্য ছিল গমের তৈরি রুটি l বিয়ার তৈরির ক্ষেত্রেও প্রধান উপকণ হিসাবে গমকে ব্যাবহার করা হয়। ,,,,,
মিশরের মানুষদের কাছে কৃষি কাজ ছিল খুবই গুরুত্বপূর্ণ l সমাধির দেয়ালে প্রায়শই  এই কৃষি কাজ গুলোকে সুন্দর করে তারা চিত্রিত করে রাখতো l ,,,,,
পরবর্তীকলে মিশর যখন রোমান সাম্রাজ্যের অংশ হলো তখন এই মিশরে উৎপাদিত পণ্য রোমের খাবার এর সকল চাহিদা পূরণ করত। বেশিরভাগ মিশরীয় রুটি গম থেকে তৈরি হতো ,,,,,
"তবে স্বাদ আনার জন্য তারা বিভিন্ন ধরণের উপাদান যুক্ত করে রুটিকে মজাদার বানাতো l লম্বা ,মোচাকার , বৃত্তাকার বা তিনকোনাকার ইত্যাদি বিভিন্ন ধরনের রুটি তারা বানাতো l",,,,,
অনেক রকমের ও বিভিন্ন আকারের রুটি বানিয়ে মিশরীয়রা কবরের মধ্যে রেখে দিত l মৃত ব্যক্তির পরবর্তী জীবনের জন্য রুটিগুলি  এক অপরিহার্য অংশ ছিল। ,,,,,
"হাওয়াশি, মিশরের একটি জনপ্রিয় স্ট্রিট ফুড। এই খাবারটি অনেকটা তুরস্কের লামাকুন পিৎজার মতো।
",,,,,
"কেউ যখন আমায় জিজ্ঞেস করে, ‘ভ্রমণে আমার প্রিয় দেশ কোনটি?’ উত্তর দেওয়া আমার জন্য খুব কষ্টকর হয়। তবে দু-চারটে ভূখণ্ডের নাম বলতে গেলে, সেই তালিকায় অবশ্যই থাকে গ্রিস, তুরস্ক, মধ্য এশিয়া। এসব নাম বলার পাশাপাশি আরও একটি নাম মাথায় ঘুরতে থাকে, সেটি হলো ফারাও রাজাদের ভূখণ্ড ‘মিসর’।",,,,,
"পৃথিবীর টাইম জোন, টাইমলাইন আমাকে ভাবনায় ফেলেছে। আমার কাছে মনে হয়েছে, একবিংশ শতাব্দী বেশি আধুনিক নাকি খ্রিষ্টপূর্ব পাঁচ হাজারের আগের মিসরীয় সভ্যতা বেশি আধুনিক ছিল। ",,,,,
"পিরামিড, মমি, প্যাপিরাস, মিসরীয় দেবতা, ফারাও রাজাদের যাপিতজীবন, তাদের ধর্মবিশ্বাস, মন্দির, হাইরোগ্লিফিকস, দেয়াললিখন, পাথরে অঙ্কন চিত্রে রঙের ব্যবহার, প্রোটো রাইটিং, তাদের লৌকিক উৎসব, অবেলিক্স, কথা-উপকথা—সবকিছু যেকোনো পর্যটককে অন্যতর ভাবনার জগতে নিয়ে যাবে নিশ্চিত।",,,,,
পিরামিড তৈরির পেছনের ভাবনা অদ্ভুত। এক ফারাও রাজা কী করে এমন চিন্তা করতে পারেন? মৃত্যুর পর তাঁর সমাধি হবে ছয়টি ফুটবল মাঠের সমান।,,,,,
"মিসরের সব থেকে বড় খুফুর পিরামিড আয়তনে ছয়টি ফুটবল মাঠের সমান। বিভিন্ন মন্দিরের দেয়ালের পাথরে অঙ্কিত রয়েছে শল্যচিকিৎসার যন্ত্রপাতি, যেমন ওপেন হার্ট সার্জারি, চোখ, পিত্তথলির পাথর, অ্যাপেন্ডিক্স অপসারণের পদ্ধতি। ",,,,,
"বলাই বাহুল্য, তাদের জীবনধারণের পদ্ধতি, সামাজিক প্রথা, দেবতাদের পদপদবির গল্প যেমন পাথরে অঙ্কিত থাকত, তেমনি দৈনন্দিন খাদ্যতালিকা, সাধারণ জনগণের খাদ্যতালিকা ও ফারাও রাজাদের খাদ্যাভ্যাসও পাথরে লেখা আছে। ",,,,,
"জাদুঘরে ফারাওয়ের হেঁশেলে প্রবেশ করে জেনেছি কয়েক রকম ব্রেড বা রুটি প্রস্তুত করা হতো, রান্নাঘরের কোনায় থাকত বিয়ার। রুটির সঙ্গে ডাল। মধু আছে প্রধান খাদ্য হিসেবে। নানা রকম সবজির ছড়াছড়ি। মুলা, শসা, লেটুস আর আদা আছে। ",,,,,
"ফারাওয়ের রান্নাঘর বেশ সমৃদ্ধ। হাঁসের মাংস, উটপাখি, ভেড়া, গরু আর ষাঁড়ের মাংসের প্রচুর জোগান আছে ফারাওদের জন্য। এসব মাংস রান্না হবে কিছু মসলা দিয়ে। শর্ষে, জিরা আর ধনিয়া হলো মূল উপকরণ। ",,,,,
"খাবার শেষে মিষ্টিজাতীয় খাবার খেত ফারাওরা; যেমন খেজুর, তাল, তরমুজ।

",,,,,
ধীরে ধীরে ফারাওদের খাদ্যতালিকায় এসেছে তেলাপিয়া ও ইল মাছ। নতুন মসলা হিসেবে যোগ হয়েছে গোলমরিচ ও পোস্তদানা। ফলের মধ্যে যুক্ত হয়েছে আঙুর ও বেদানা। ,,,,,
"মিসরের কিছু খাবার আছে, যেগুলো প্রাচীন মিসর থেকে বর্তমান মিসরের প্রধান খাদ্য হিসেবে গ্রহণ করছে মিসরের অধিবাসীরা। এর মধ্যে ‘আইশ বালাদি’, ফুল মেডামেস, ট্যামেয়া, কাবাব ও কোফতা, তেহিনা, ওম আলি, হালুয়া, রোজ বেন লাবান, ওরিয়েন্টাল পেস্ট্রি।",,,,,
"খাবারগুলোর মধ্যে প্রাচীনতম খাবার ইজিপশিয়ান ব্রেড বা আইশ বালাদি, যা প্রায় পাঁচ হাজার বছর আগে থেকে প্রধান খাদ্য হিসেবে গ্রহণ করছে তারা। ‘বালাদি’ শব্দের অর্থ ট্র্যাডিশনাল, আর ‘আইশ’ অর্থ জীবন।",,,,,
"মিসরের বিভিন্ন শহর ভ্রমণে একটি খাবার সবারই দৃষ্টিগোচর হবে, তা হলো আইশ বালাদি। এটা একধরনের রুটি।",,,,,
"মিসরীয় খাদ্যতালিকায় ভূমধ্যসাগরীয়, ফরাসি ও মধ্যপ্রাচ্যের খাবারের প্রভাব রয়েছে। কুশারি, মিসরের জাতীয় খাবারটি কেবল ইতালি আর আরবের ঐতিহ্যবাহী উপাদানেই সমৃদ্ধ নয়; বরং এতে আছে পুষ্টিকর উপাদান, যা আপনাকে সারা দিন তৃপ্ত রাখবে।",,,,,
"আলজেরিয়ার আরবি নাম আলজাজাইর অর্থাৎ 'দ্বীপসমূহ'; নামটি রাজধানীর তীর সংলগ্ন দ্বীপগুলোকে নির্দেশ করছে। আলজেরিয়ার বেশির ভাগ লোক আরব, বার্বার কিংবা এই দুইয়ের মিশ্রণ। ",,,,,
বার্বারেরা প্রথম উত্তর-পশ্চিম আফ্রিকায় বসতি স্থাপন করে। সপ্তম শতকের শেষ ভাগে আরব মুসলিমরা উত্তর আফ্রিকা জয় করে এবং ইসলাম ও আরবি ভাষার প্রচলন করে। ,,,,,
বর্তমানে আলজেরিয়ার প্রায় সবাই মুসলিম ও আরবিভাষী। সংখ্যালঘু বার্বারেরা ইসলাম গ্রহণ করলেও নিজ ভাষা ও রীতিনীতি বিসর্জন দেয়নি। ,,,,,
আফ্রিকার দ্বিতীয় বৃহত্তম দেশটিতে দিন দিন বেড়েই চলেছে ইসলামী মূল্যবোধের চর্চা। ক্রমেই বৃদ্ধি পাচ্ছে মসজিদের সংখ্যা। বোরকা আবৃত অবস্থায় চলাফেরা করতে অভ্যস্ত হয়ে উঠছেন নারীরা। ,,,,,
আফ্রিকা মহাদেশের উত্তর-পশ্চিম অংশে ভূমধ্যসাগরের তীরে অবস্থিত সাহারা মরুভূমির দেশ আলজেরিয়া। ,,,,,
অধিকাংশ আলজেরীয় প্রচলিত কথ্য আরবি ভাষার একাধিক উপভাষার কোনো একটিতে কথা বলে। বিদ্যালয়গুলোতে আধুনিক প্রমিত আরবি ভাষা শেখানো হয়।,,,,,
আলজেরিয়ার ইমাজিগেন নৃগোষ্ঠীর মানুষ আমাজিগ ভাষার বিভিন্ন ভৌগোলিক উপভাষায় কথা বললেও এদের বেশির ভাগই আরবি ভাষায়ও সমানভাবে কথা বলতে পারে।,,,,,
আলজেরিয়ায় ইসলাম সংখ্যাগরিষ্ঠ এবং রাষ্ট্র ধর্ম।নাগরিকদের বিশাল সংখ্যাগরিষ্ঠ মুসলিম যারা মাযহাবগত দিক থেকে মালিকি মাযহাবের অনুসারি। ইসলাম সমাজকে তার কেন্দ্রীয় সামাজিক ও সাংস্কৃতিক পরিচয় প্রদান করে এবং অধিকাংশ ব্যক্তিকে তাদের মৌলিক নৈতিক ও মনোভাবগত অভিমুখীতা প্রদান করে। ,,,,,
"আলজেরিয় ঐতিহাসিকগণের ধারনা মতে,  আলজেরিয়া থেকে অবৈধভাবে পাচারকৃত খনিজ সম্পদ দ্বারাই ফ্রান্সের এই অর্থনীতি ফুলেফেপে উঠেছে।",,,,,
"আনাদোলু এজেন্সির ঈসা বিন আকৌন যিনি একটি আলজেরীয় বিশ্ববিদ্যালয়ের ইতিহাসের প্রফেসর, তার সাথে কথা বলে জানা যায় যে, আলজেরিয়ায় যেসকল খনিজ সম্পদ ছড়িয়ে ছিটিয়ে ছিল সেগুলো বাজেয়াপ্ত করার জন্য  ১৮৪৩ সালের ২৩ই মার্চ  ফ্রান্স উপনিবেশিক কর্তৃপক্ষ একটি সিদ্ধান্ত জারি করে যা ছিল সম্পূর্ণরুপে আলজেরিয়ায় থাকা মূল্যবান সম্পদ দখল ও লুন্ঠন করার জন্য। ",,,,,
আশির দশকে–যখন মুয়াম্মার গাদ্দাফির সুসময়–আমিসহ বেশকিছু বাংলাদেশি ইংরেজি শিক্ষক লিবিয়ায় শিক্ষকতা করতে গেছিলাম। আমার ব্যক্তিগত অভিজ্ঞতায় সেই সময়ের বসবাসকে আমি একাধিক স্থানে 'অসভ্যবাস' সংজ্ঞায়িত করলেও রবীন্দ্রনাথ ঠাকুরের কথার প্রতিধ্বনি করে বলতেই পারি 'জীবনের ধন কিছুই যাবে না ফেলা।' ,,,,,
লিবিয়া একটি বিশাল দেশ যার সাথে আরব মুসলমানদের সম্পর্ক সুনিবিড়। ,,,,,
"লিবিয়ার রাজনৈতিক ইতিহাস বড়ই বিচিত্র। লিবিয়া বিভিন্ন সময়ে একাধিক বিদেশী শক্তি দ্বারা শাসিত হয়েছে-যেমন য়ূরোপ, এশিয়া এবং আফ্রিকা।",,,,,
আমার প্রাথমিক অভিজ্ঞতায় আমি বলতে পারি যেহেতু লিবিয় মুসলমানরা সুন্নি সম্প্রদায়ভুক্ত ছিলো তাদের ঈদ উদযাপন আমাদের থেকে তেমন ভিন্ন কিছু ছিলো না।,,,,,
ঈদকে আনন্দোৎসব হিসেবে পালন করা হতো রাষ্ট্রীয়ভাবেই। তবে অন্যান্য (মুসলিম) ধর্মীয় দিবসগুলো-যেমন শবে কদর বা শবে বরাতের কোনো ছুটি থাকতো না–বলা যায় এই ধর্মীয় দিনগুলো কখন আসতো বা যেতো অনেক সময়ই তার খোঁজ মিলতো না।,,,,,
তাছাড়া আমার এ অভিজ্ঞতা রাজধানী ত্রিপলি শহরের। একটা বিষয় আমি অনুসন্ধান করার চেষ্টা করেছি সেটি হলো লিবিয়রা ফিতরা বা যাকাত দিতো কাদের। কারণ ওখানে ফকির বা অভাবি তো ছিলো না কেউ। ,,,,,
"ঈদুল আযহায় কোরবানী দিতে দেখেছি যা প্রধানত সীমাবদ্ধ ছিলো উট, দুম্বা এবং ভেড়ার ভেতর। ত্রিপলি এবং বেনগাজী শহরে গরু কোরবানী আমার চোখে পড়েনি। এর একটি কারণ সম্ভবত লিবিয়ায় গরুর অপ্রতুলতা।",,,,,
। যতদূর জানি লিবিয়ায় গরুর ও ভেড়ার মাংসের প্রধান সরবরাহকারী ছিলো ইতালি। লিবিয় ভেড়া ও দুম্বার মাংস খুবই ব্যয়সাধ্য যাকে বলা হতো 'খারুফ্ ওয়াতনি'।,,,,,
গরীব-মিসকিনদের মধ্যে মাংস বিতরণও আমার দৃষ্টিতে পড়েনি এবং কারণ সেই একই–জনসাধরণের স্বাচ্ছন্দ্য। ত্রিপলি শহরে 'মায়দানুল আখ্দার' বা গ্রীন স্কয়ারে ঈদের নামাজ হতো–জানিনা ঐ মাঠটির নাম এখনও তাই আছে কিনা।,,,,,
"লিবিয়দের খাদ্যাভ্যাসে আরবদের মিল আছে, বিশেষ করে আফ্রিকি আরবদের। তবে ইতালীয় প্রভাবে লিবিয়রা পাস্তা, পিৎজা এবং ম্যাকারুনি খেতে বিশেষ অভ্যস্ত।",,,,,
গ্রামীণ লিবিয়দের একটি প্রিয় খাবার মিষ্টি খেজুর ও উটের দুধ। খেজুর দিয়ে একাধিক মিষ্টান্ন রান্নার প্রচল ঈদপার্বনে লক্ষনীয়–আমাদের দেশে সেমাই রান্নার মতো। একটি পছন্দের মিষ্টান্নর নাম মনে পড়ছে: মাগরুদ।,,,,,
এই খাবারগুলো ঈদের সময়ে অবশ্য রন্ধনীয়। স্বাভাবিকভাবেই একটি দেশ বা জাতির খাদ্যতালিকা দীর্ঘ হবে কিন্তু আমি যে খাদ্যগুলোর নাম এলোমেলোভাবে বর্ণনা করলাম সেগুলো ঈদ বা বিশেষ আতিথেয়াতার তালিকায় সংযুক্ত হতে দেখেছি। ,,,,,
"শুধু একটি খাদ্যের উল্লেখ করে এই পর্বটি শেষ করব সেটি হলো আরব দেশে সীমের বিচি বা 'বিন' জাতীয় উপাদান ব্যবহারে একটি বিশেষ খাদ্য প্রস্তুত করা হয় যার নাম 'ফাসুলিয়া' এর মধ্যে ভেড়ার মাংস, আলু, টমোটোর ঝোল এবং অন্যান্য মসলা দেয়া হয়। ",,,,,
লিবিয়রা বা আরবরা 'লেজানডারি' ভাবে অতিথিপরায়ন। ঈদে বন্ধুদের বা আত্মীয়দের আমন্ত্রণ করে খাওয়ানো লিবিয়ায় আমাদের দেশের মতোই একটি সাধারণ শিষ্টাচার।,,,,,
"আমার এক লিবিয় সহকর্মী ছিলো, নাম খলিফা তালহা–ইংরেজির শিক্ষক। এক ঈদুল আযহায় সে আমাকে আমার পরিবারসহ রাতের খাবারে আমন্ত্রণ জানিয়েছিলে। আমাদের সেই আমন্ত্রণে খাদ্যের প্রবাহ শুরু হয়েছিলো সন্ধ্যে সাতটায় এবং সেই খাদ্যস্রোত রাত দশটায়ও যখন বন্ধ হচ্ছিলো না তখন আমরা দু'হাত জোড়া করে ক্ষমা চেয়েছিলাম। ",,,,,
বিয়েতে বা ঈদের দাওয়াতে আরবরা একসাথে একটি বিশাল থালায় সবাই মিলে খেতে পছন্দ করে। এতে নাকি ভ্রাতিত্বে বন্ধন দৃঢ় হয়।,,,,,
"আমি লিবিয়াতে, যতদূর মনে পড়ে, চারটি ঈদ-আল-ফিতর পালন করেছি। সেখানকার ঈদ এবং আমাদের বাংলাদেশের ঈদ পালনে তেমন বেশি তফাত আমি লক্ষ্য করিনি। যেমনটা সারা মুসলিম বিশ্বে হয়, ভোর সকালে গোসল করে পরিচ্ছন্ন বা নতুন কাপড় পরে নামাজ পড়তে যাওয়া, বিশেষ করে খোলা ময়দানে।",,,,,
"লিবিয়া মুসলিম দেশ হিসাবে, এবং সুন্নিপ্রধান দেশ হিসাবে আমাদের মতই ইদ-আল-ফিতর নামাজ পড়ায় অভ্যস্ত। এটি একটি সরকারি ছূটির দিন এবং সব মুসলিম দেশের মতই এক চন্দ্রমাস সিয়াম সাধনা বা রোজা রাখার পর এই উৎসব পালন করা হয়।",,,,,
"লিবিয়াতে একটি সুস্বাদু খাবার ঈদে নিয়মিতভবে প্রস্তুত হয় যার নাম কুসকুস। এ খাবারটি পুরো আরব দেশেই প্রচলিত। এছাড়া চাল, মাংস, বাদাম, এবং সময়ে গরু বা খাসির কলিজা মিশ্রণে রুজ বিল-খালতা নামে একটি বিশেষ খাদ্য ঈদে রান্না করা হয়।",,,,,
"লিবিয়াতে ঈদ উৎসবে আমাদের মতোই পারিবারিক সমাবেশ, আত্মীয় পরিজন এবং বন্ধুদের বাড়িতে বেড়ানো, উপহার দেয়ানেয়া—বিশেষ করে ছেলেমেয়েদের ভেতর—একটি প্রথাগত ব্যাপার।",,,,,
"। একটি বিষয় উল্লেখ করতে চাই, লিবিয়াতে ঈদ বা বিয়ের উৎসবে যা পরিবেশন করা হয় তা আমাদের দেশের মত নয়। তারা অবশ্যই অত্যন্ত অতিথিপরায়ন এবং তারই একটি অনন্য প্রকাশ হলো একটি বিশাল প্লেটে বিভিন্ন খাবার সাজিয়ে খেতে দেয়া হয় এবং বেশ কয়েকজন একসাথে বসে এক প্লেট থেকেই খায়।",,,,,
"এছাড়া লিবিয়রা একই গ্লাসে পর্যায়ক্রমে পানীয়, বিশেষ করে চা, পান করতে পছন্দ করে। তারা মনে করে সব মুসলমান সমান সমান (কুল্লে মুসলিম সোয়াসোয়া)। আমি জেনেছি এটি সমগ্র আরব দেশেরই সংস্কৃতি।",,,,,
"লিবিয়াতে, তথা আরব দেশে একটি পুরাতন প্রথা প্রচলিত আছে, যা ইসলাম-পুর্ব সময় থেকেই প্রচলিত ছিল। উৎসবে, বিশেষ করে বিয়ে, জন্মদিন এবং অনেক সময়ই ঈদ উৎসবে আনন্দ প্রকাশের অনুষঙ্গ হিসাবে উলুধ্বনি দেয়া।",,,,,